timestamp,value_normalized
2010-12-29 14:15:00+00:00,0.0
2010-12-29 14:30:00+00:00,0.0
2010-12-29 14:45:00+00:00,0.0
2010-12-29 15:00:00+00:00,0.0
2010-12-29 15:15:00+00:00,0.0
2010-12-29 15:30:00+00:00,0.0
2010-12-29 15:45:00+00:00,0.0
2010-12-29 16:00:00+00:00,0.0
2010-12-29 16:15:00+00:00,
2010-12-29 16:30:00+00:00,0.0
2010-12-29 16:45:00+00:00,0.0
2010-12-29 17:00:00+00:00,0.0
2010-12-29 17:15:00+00:00,0.0
2010-12-29 17:30:00+00:00,0.0
2010-12-29 17:45:00+00:00,0.0
2010-12-29 18:00:00+00:00,0.0
2010-12-29 18:15:00+00:00,0.0
2010-12-29 18:30:00+00:00,0.0
2010-12-29 18:45:00+00:00,0.0
2010-12-29 19:00:00+00:00,0.0
2010-12-29 19:15:00+00:00,0.0
2010-12-29 19:30:00+00:00,
2010-12-29 19:45:00+00:00,
2010-12-29 20:00:00+00:00,
2010-12-29 20:15:00+00:00,
2010-12-29 20:30:00+00:00,
2010-12-29 20:45:00+00:00,
2010-12-29 21:00:00+00:00,
2010-12-29 21:15:00+00:00,
2010-12-29 21:30:00+00:00,
2010-12-29 21:45:00+00:00,
2010-12-29 22:00:00+00:00,
2010-12-29 22:15:00+00:00,
2010-12-29 22:30:00+00:00,
2010-12-29 22:45:00+00:00,
2010-12-29 23:00:00+00:00,
2010-12-29 23:15:00+00:00,
2010-12-29 23:30:00+00:00,
2010-12-29 23:45:00+00:00,
2010-12-30 00:00:00+00:00,
2010-12-30 00:15:00+00:00,
2010-12-30 00:30:00+00:00,
2010-12-30 00:45:00+00:00,
2010-12-30 01:00:00+00:00,
2010-12-30 01:15:00+00:00,
2010-12-30 01:30:00+00:00,
2010-12-30 01:45:00+00:00,
2010-12-30 02:00:00+00:00,
2010-12-30 02:15:00+00:00,
2010-12-30 02:30:00+00:00,
2010-12-30 02:45:00+00:00,
2010-12-30 03:00:00+00:00,
2010-12-30 03:15:00+00:00,
2010-12-30 03:30:00+00:00,
2010-12-30 03:45:00+00:00,
2010-12-30 04:00:00+00:00,
2010-12-30 04:15:00+00:00,
2010-12-30 04:30:00+00:00,
2010-12-30 04:45:00+00:00,
2010-12-30 05:00:00+00:00,
2010-12-30 05:15:00+00:00,
2010-12-30 05:30:00+00:00,
2010-12-30 05:45:00+00:00,
2010-12-30 06:00:00+00:00,
2010-12-30 06:15:00+00:00,
2010-12-30 06:30:00+00:00,
2010-12-30 06:45:00+00:00,
2010-12-30 07:00:00+00:00,
2010-12-30 07:15:00+00:00,
2010-12-30 07:30:00+00:00,
2010-12-30 07:45:00+00:00,
2010-12-30 08:00:00+00:00,
2010-12-30 08:15:00+00:00,
2010-12-30 08:30:00+00:00,
2010-12-30 08:45:00+00:00,
2010-12-30 09:00:00+00:00,
2010-12-30 09:15:00+00:00,
2010-12-30 09:30:00+00:00,
2010-12-30 09:45:00+00:00,
2010-12-30 10:00:00+00:00,
2010-12-30 10:15:00+00:00,
2010-12-30 10:30:00+00:00,
2010-12-30 10:45:00+00:00,
2010-12-30 11:00:00+00:00,
2010-12-30 11:15:00+00:00,
2010-12-30 11:30:00+00:00,
2010-12-30 11:45:00+00:00,
2010-12-30 12:00:00+00:00,
2010-12-30 12:15:00+00:00,0.0
2010-12-30 12:30:00+00:00,0.040685199
2010-12-30 12:45:00+00:00,0.106340229
2010-12-30 13:00:00+00:00,0.082760554
2010-12-30 13:15:00+00:00,0.095682377
2010-12-30 13:30:00+00:00,0.051938837
2010-12-30 13:45:00+00:00,0.039837868
2010-12-30 14:00:00+00:00,0.031748491
2010-12-30 14:15:00+00:00,0.023632634
2010-12-30 14:30:00+00:00,0.012352519
2010-12-30 14:45:00+00:00,0.011664062
2010-12-30 15:00:00+00:00,0.02433433
2010-12-30 15:15:00+00:00,0.013967747
2010-12-30 15:30:00+00:00,0.007321483
2010-12-30 15:45:00+00:00,0.005812172
2010-12-30 16:00:00+00:00,0.001449733
2010-12-30 16:15:00+00:00,
2010-12-30 16:30:00+00:00,
2010-12-30 16:45:00+00:00,
2010-12-30 17:00:00+00:00,
2010-12-30 17:15:00+00:00,
2010-12-30 17:30:00+00:00,
2010-12-30 17:45:00+00:00,
2010-12-30 18:00:00+00:00,
2010-12-30 18:15:00+00:00,
2010-12-30 18:30:00+00:00,
2010-12-30 18:45:00+00:00,
2010-12-30 19:00:00+00:00,
2010-12-30 19:15:00+00:00,
2010-12-30 19:30:00+00:00,
2010-12-30 19:45:00+00:00,
2010-12-30 20:00:00+00:00,
2010-12-30 20:15:00+00:00,
2010-12-30 20:30:00+00:00,
2010-12-30 20:45:00+00:00,
2010-12-30 21:00:00+00:00,
2010-12-30 21:15:00+00:00,
2010-12-30 21:30:00+00:00,
2010-12-30 21:45:00+00:00,
2010-12-30 22:00:00+00:00,
2010-12-30 22:15:00+00:00,
2010-12-30 22:30:00+00:00,
2010-12-30 22:45:00+00:00,
2010-12-30 23:00:00+00:00,
2010-12-30 23:15:00+00:00,
2010-12-30 23:30:00+00:00,
2010-12-30 23:45:00+00:00,
2010-12-31 00:00:00+00:00,
2010-12-31 00:15:00+00:00,
2010-12-31 00:30:00+00:00,
2010-12-31 00:45:00+00:00,
2010-12-31 01:00:00+00:00,
2010-12-31 01:15:00+00:00,
2010-12-31 01:30:00+00:00,
2010-12-31 01:45:00+00:00,
2010-12-31 02:00:00+00:00,
2010-12-31 02:15:00+00:00,
2010-12-31 02:30:00+00:00,
2010-12-31 02:45:00+00:00,
2010-12-31 03:00:00+00:00,
2010-12-31 03:15:00+00:00,
2010-12-31 03:30:00+00:00,
2010-12-31 03:45:00+00:00,
2010-12-31 04:00:00+00:00,
2010-12-31 04:15:00+00:00,
2010-12-31 04:30:00+00:00,
2010-12-31 04:45:00+00:00,
2010-12-31 05:00:00+00:00,
2010-12-31 05:15:00+00:00,
2010-12-31 05:30:00+00:00,
2010-12-31 05:45:00+00:00,
2010-12-31 06:00:00+00:00,
2010-12-31 06:15:00+00:00,
2010-12-31 06:30:00+00:00,
2010-12-31 06:45:00+00:00,
2010-12-31 07:00:00+00:00,
2010-12-31 07:15:00+00:00,
2010-12-31 07:30:00+00:00,
2010-12-31 07:45:00+00:00,
2010-12-31 08:00:00+00:00,
2010-12-31 08:15:00+00:00,
2010-12-31 08:30:00+00:00,
2010-12-31 08:45:00+00:00,
2010-12-31 09:00:00+00:00,
2010-12-31 09:15:00+00:00,
2010-12-31 09:30:00+00:00,
2010-12-31 09:45:00+00:00,
2010-12-31 10:00:00+00:00,
2010-12-31 10:15:00+00:00,
2010-12-31 10:30:00+00:00,
2010-12-31 10:45:00+00:00,
2010-12-31 11:00:00+00:00,
2010-12-31 11:15:00+00:00,
2010-12-31 11:30:00+00:00,
2010-12-31 11:45:00+00:00,
2010-12-31 12:00:00+00:00,
2010-12-31 12:15:00+00:00,
2010-12-31 12:30:00+00:00,
2010-12-31 12:45:00+00:00,
2010-12-31 13:00:00+00:00,
2010-12-31 13:15:00+00:00,
2010-12-31 13:30:00+00:00,
2010-12-31 13:45:00+00:00,
2010-12-31 14:00:00+00:00,
2010-12-31 14:15:00+00:00,
2010-12-31 14:30:00+00:00,
2010-12-31 14:45:00+00:00,
2010-12-31 15:00:00+00:00,
2010-12-31 15:15:00+00:00,
2010-12-31 15:30:00+00:00,
2010-12-31 15:45:00+00:00,
2010-12-31 16:00:00+00:00,
2010-12-31 16:15:00+00:00,
2010-12-31 16:30:00+00:00,
2010-12-31 16:45:00+00:00,
2010-12-31 17:00:00+00:00,
2010-12-31 17:15:00+00:00,
2010-12-31 17:30:00+00:00,
2010-12-31 17:45:00+00:00,
2010-12-31 18:00:00+00:00,
2010-12-31 18:15:00+00:00,
2010-12-31 18:30:00+00:00,
2010-12-31 18:45:00+00:00,
2010-12-31 19:00:00+00:00,
2010-12-31 19:15:00+00:00,
2010-12-31 19:30:00+00:00,
2010-12-31 19:45:00+00:00,
2010-12-31 20:00:00+00:00,
2010-12-31 20:15:00+00:00,
2010-12-31 20:30:00+00:00,
2010-12-31 20:45:00+00:00,
2010-12-31 21:00:00+00:00,
2010-12-31 21:15:00+00:00,
2010-12-31 21:30:00+00:00,
2010-12-31 21:45:00+00:00,
2010-12-31 22:00:00+00:00,
2010-12-31 22:15:00+00:00,
2010-12-31 22:30:00+00:00,
2010-12-31 22:45:00+00:00,
2010-12-31 23:00:00+00:00,
2010-12-31 23:15:00+00:00,
2010-12-31 23:30:00+00:00,
2010-12-31 23:45:00+00:00,
2011-01-01 00:00:00+00:00,
2011-01-01 00:15:00+00:00,
2011-01-01 00:30:00+00:00,
2011-01-01 00:45:00+00:00,
2011-01-01 01:00:00+00:00,
2011-01-01 01:15:00+00:00,
2011-01-01 01:30:00+00:00,
2011-01-01 01:45:00+00:00,
2011-01-01 02:00:00+00:00,
2011-01-01 02:15:00+00:00,
2011-01-01 02:30:00+00:00,
2011-01-01 02:45:00+00:00,
2011-01-01 03:00:00+00:00,
2011-01-01 03:15:00+00:00,
2011-01-01 03:30:00+00:00,
2011-01-01 03:45:00+00:00,
2011-01-01 04:00:00+00:00,
2011-01-01 04:15:00+00:00,
2011-01-01 04:30:00+00:00,
2011-01-01 04:45:00+00:00,
2011-01-01 05:00:00+00:00,
2011-01-01 05:15:00+00:00,
2011-01-01 05:30:00+00:00,
2011-01-01 05:45:00+00:00,
2011-01-01 06:00:00+00:00,
2011-01-01 06:15:00+00:00,
2011-01-01 06:30:00+00:00,
2011-01-01 06:45:00+00:00,
2011-01-01 07:00:00+00:00,
2011-01-01 07:15:00+00:00,
2011-01-01 07:30:00+00:00,
2011-01-01 07:45:00+00:00,
2011-01-01 08:00:00+00:00,
2011-01-01 08:15:00+00:00,
2011-01-01 08:30:00+00:00,
2011-01-01 08:45:00+00:00,
2011-01-01 09:00:00+00:00,
2011-01-01 09:15:00+00:00,
2011-01-01 09:30:00+00:00,
2011-01-01 09:45:00+00:00,
2011-01-01 10:00:00+00:00,
2011-01-01 10:15:00+00:00,
2011-01-01 10:30:00+00:00,
2011-01-01 10:45:00+00:00,
2011-01-01 11:00:00+00:00,
2011-01-01 11:15:00+00:00,
2011-01-01 11:30:00+00:00,
2011-01-01 11:45:00+00:00,
2011-01-01 12:00:00+00:00,
2011-01-01 12:15:00+00:00,
2011-01-01 12:30:00+00:00,
2011-01-01 12:45:00+00:00,
2011-01-01 13:00:00+00:00,
2011-01-01 13:15:00+00:00,
2011-01-01 13:30:00+00:00,
2011-01-01 13:45:00+00:00,
2011-01-01 14:00:00+00:00,
2011-01-01 14:15:00+00:00,
2011-01-01 14:30:00+00:00,
2011-01-01 14:45:00+00:00,
2011-01-01 15:00:00+00:00,
2011-01-01 15:15:00+00:00,
2011-01-01 15:30:00+00:00,
2011-01-01 15:45:00+00:00,
2011-01-01 16:00:00+00:00,
2011-01-01 16:15:00+00:00,
2011-01-01 16:30:00+00:00,
2011-01-01 16:45:00+00:00,
2011-01-01 17:00:00+00:00,
2011-01-01 17:15:00+00:00,
2011-01-01 17:30:00+00:00,
2011-01-01 17:45:00+00:00,
2011-01-01 18:00:00+00:00,
2011-01-01 18:15:00+00:00,
2011-01-01 18:30:00+00:00,
2011-01-01 18:45:00+00:00,
2011-01-01 19:00:00+00:00,
2011-01-01 19:15:00+00:00,
2011-01-01 19:30:00+00:00,
2011-01-01 19:45:00+00:00,
2011-01-01 20:00:00+00:00,
2011-01-01 20:15:00+00:00,
2011-01-01 20:30:00+00:00,
2011-01-01 20:45:00+00:00,
2011-01-01 21:00:00+00:00,
2011-01-01 21:15:00+00:00,
2011-01-01 21:30:00+00:00,
2011-01-01 21:45:00+00:00,
2011-01-01 22:00:00+00:00,
2011-01-01 22:15:00+00:00,
2011-01-01 22:30:00+00:00,
2011-01-01 22:45:00+00:00,
2011-01-01 23:00:00+00:00,
2011-01-01 23:15:00+00:00,
2011-01-01 23:30:00+00:00,
2011-01-01 23:45:00+00:00,
2011-01-02 00:00:00+00:00,
2011-01-02 00:15:00+00:00,
2011-01-02 00:30:00+00:00,
2011-01-02 00:45:00+00:00,
2011-01-02 01:00:00+00:00,
2011-01-02 01:15:00+00:00,
2011-01-02 01:30:00+00:00,
2011-01-02 01:45:00+00:00,
2011-01-02 02:00:00+00:00,
2011-01-02 02:15:00+00:00,
2011-01-02 02:30:00+00:00,
2011-01-02 02:45:00+00:00,
2011-01-02 03:00:00+00:00,
2011-01-02 03:15:00+00:00,
2011-01-02 03:30:00+00:00,
2011-01-02 03:45:00+00:00,
2011-01-02 04:00:00+00:00,
2011-01-02 04:15:00+00:00,
2011-01-02 04:30:00+00:00,
2011-01-02 04:45:00+00:00,
2011-01-02 05:00:00+00:00,
2011-01-02 05:15:00+00:00,
2011-01-02 05:30:00+00:00,
2011-01-02 05:45:00+00:00,
2011-01-02 06:00:00+00:00,
2011-01-02 06:15:00+00:00,
2011-01-02 06:30:00+00:00,
2011-01-02 06:45:00+00:00,
2011-01-02 07:00:00+00:00,
2011-01-02 07:15:00+00:00,
2011-01-02 07:30:00+00:00,
2011-01-02 07:45:00+00:00,
2011-01-02 08:00:00+00:00,
2011-01-02 08:15:00+00:00,
2011-01-02 08:30:00+00:00,
2011-01-02 08:45:00+00:00,
2011-01-02 09:00:00+00:00,
2011-01-02 09:15:00+00:00,
2011-01-02 09:30:00+00:00,
2011-01-02 09:45:00+00:00,
2011-01-02 10:00:00+00:00,
2011-01-02 10:15:00+00:00,
2011-01-02 10:30:00+00:00,
2011-01-02 10:45:00+00:00,
2011-01-02 11:00:00+00:00,
2011-01-02 11:15:00+00:00,
2011-01-02 11:30:00+00:00,
2011-01-02 11:45:00+00:00,
2011-01-02 12:00:00+00:00,
2011-01-02 12:15:00+00:00,
2011-01-02 12:30:00+00:00,
2011-01-02 12:45:00+00:00,
2011-01-02 13:00:00+00:00,
2011-01-02 13:15:00+00:00,
2011-01-02 13:30:00+00:00,
2011-01-02 13:45:00+00:00,
2011-01-02 14:00:00+00:00,
2011-01-02 14:15:00+00:00,
2011-01-02 14:30:00+00:00,
2011-01-02 14:45:00+00:00,
2011-01-02 15:00:00+00:00,
2011-01-02 15:15:00+00:00,
2011-01-02 15:30:00+00:00,
2011-01-02 15:45:00+00:00,
2011-01-02 16:00:00+00:00,
2011-01-02 16:15:00+00:00,
2011-01-02 16:30:00+00:00,
2011-01-02 16:45:00+00:00,
2011-01-02 17:00:00+00:00,
2011-01-02 17:15:00+00:00,
2011-01-02 17:30:00+00:00,
2011-01-02 17:45:00+00:00,
2011-01-02 18:00:00+00:00,
2011-01-02 18:15:00+00:00,
2011-01-02 18:30:00+00:00,
2011-01-02 18:45:00+00:00,
2011-01-02 19:00:00+00:00,
2011-01-02 19:15:00+00:00,
2011-01-02 19:30:00+00:00,
2011-01-02 19:45:00+00:00,
2011-01-02 20:00:00+00:00,
2011-01-02 20:15:00+00:00,
2011-01-02 20:30:00+00:00,
2011-01-02 20:45:00+00:00,
2011-01-02 21:00:00+00:00,
2011-01-02 21:15:00+00:00,
2011-01-02 21:30:00+00:00,
2011-01-02 21:45:00+00:00,
2011-01-02 22:00:00+00:00,
2011-01-02 22:15:00+00:00,
2011-01-02 22:30:00+00:00,
2011-01-02 22:45:00+00:00,
2011-01-02 23:00:00+00:00,
2011-01-02 23:15:00+00:00,
2011-01-02 23:30:00+00:00,
2011-01-02 23:45:00+00:00,
2011-01-03 00:00:00+00:00,
2011-01-03 00:15:00+00:00,
2011-01-03 00:30:00+00:00,
2011-01-03 00:45:00+00:00,
2011-01-03 01:00:00+00:00,
2011-01-03 01:15:00+00:00,
2011-01-03 01:30:00+00:00,
2011-01-03 01:45:00+00:00,
2011-01-03 02:00:00+00:00,
2011-01-03 02:15:00+00:00,
2011-01-03 02:30:00+00:00,
2011-01-03 02:45:00+00:00,
2011-01-03 03:00:00+00:00,
2011-01-03 03:15:00+00:00,
2011-01-03 03:30:00+00:00,
2011-01-03 03:45:00+00:00,
2011-01-03 04:00:00+00:00,
2011-01-03 04:15:00+00:00,
2011-01-03 04:30:00+00:00,
2011-01-03 04:45:00+00:00,
2011-01-03 05:00:00+00:00,
2011-01-03 05:15:00+00:00,
2011-01-03 05:30:00+00:00,
2011-01-03 05:45:00+00:00,
2011-01-03 06:00:00+00:00,
2011-01-03 06:15:00+00:00,
2011-01-03 06:30:00+00:00,
2011-01-03 06:45:00+00:00,
2011-01-03 07:00:00+00:00,0.0
2011-01-03 07:15:00+00:00,0.0
2011-01-03 07:30:00+00:00,0.0
2011-01-03 07:45:00+00:00,0.0
2011-01-03 08:00:00+00:00,0.0
2011-01-03 08:15:00+00:00,0.003839475
2011-01-03 08:30:00+00:00,0.02436081
2011-01-03 08:45:00+00:00,0.03548205
2011-01-03 09:00:00+00:00,0.045027781
2011-01-03 09:15:00+00:00,0.054507313
2011-01-03 09:30:00+00:00,0.063867689
2011-01-03 09:45:00+00:00,0.088453572
2011-01-03 10:00:00+00:00,0.110338582
2011-01-03 10:15:00+00:00,0.12582888
2011-01-03 10:30:00+00:00,0.184268352
2011-01-03 10:45:00+00:00,0.191470665
2011-01-03 11:00:00+00:00,0.196276641
2011-01-03 11:15:00+00:00,0.202115282
2011-01-03 11:30:00+00:00,0.204617564
2011-01-03 11:45:00+00:00,0.206841818
2011-01-03 12:00:00+00:00,0.206987453
2011-01-03 12:15:00+00:00,0.205094185
2011-01-03 12:30:00+00:00,0.19687241
2011-01-03 12:45:00+00:00,0.215725558
2011-01-03 13:00:00+00:00,0.27755436
2011-01-03 13:15:00+00:00,0.268869214
2011-01-03 13:30:00+00:00,0.258078963
2011-01-03 13:45:00+00:00,0.243939095
2011-01-03 14:00:00+00:00,0.227296945
2011-01-03 14:15:00+00:00,0.200950207
2011-01-03 14:30:00+00:00,0.167414371
2011-01-03 14:45:00+00:00,0.142709333
2011-01-03 15:00:00+00:00,0.100951724
2011-01-03 15:15:00+00:00,0.050164733
2011-01-03 15:30:00+00:00,0.026313647
2011-01-03 15:45:00+00:00,
2011-01-03 16:00:00+00:00,
2011-01-03 16:15:00+00:00,
2011-01-03 16:30:00+00:00,
2011-01-03 16:45:00+00:00,
2011-01-03 17:00:00+00:00,
2011-01-03 17:15:00+00:00,
2011-01-03 17:30:00+00:00,
2011-01-03 17:45:00+00:00,
2011-01-03 18:00:00+00:00,
2011-01-03 18:15:00+00:00,
2011-01-03 18:30:00+00:00,
2011-01-03 18:45:00+00:00,
2011-01-03 19:00:00+00:00,
2011-01-03 19:15:00+00:00,
2011-01-03 19:30:00+00:00,
2011-01-03 19:45:00+00:00,
2011-01-03 20:00:00+00:00,
2011-01-03 20:15:00+00:00,
2011-01-03 20:30:00+00:00,
2011-01-03 20:45:00+00:00,
2011-01-03 21:00:00+00:00,
2011-01-03 21:15:00+00:00,
2011-01-03 21:30:00+00:00,
2011-01-03 21:45:00+00:00,
2011-01-03 22:00:00+00:00,
2011-01-03 22:15:00+00:00,
2011-01-03 22:30:00+00:00,
2011-01-03 22:45:00+00:00,
2011-01-03 23:00:00+00:00,
2011-01-03 23:15:00+00:00,
2011-01-03 23:30:00+00:00,
2011-01-03 23:45:00+00:00,
2011-01-04 00:00:00+00:00,
2011-01-04 00:15:00+00:00,
2011-01-04 00:30:00+00:00,
2011-01-04 00:45:00+00:00,
2011-01-04 01:00:00+00:00,
2011-01-04 01:15:00+00:00,
2011-01-04 01:30:00+00:00,
2011-01-04 01:45:00+00:00,
2011-01-04 02:00:00+00:00,
2011-01-04 02:15:00+00:00,
2011-01-04 02:30:00+00:00,
2011-01-04 02:45:00+00:00,
2011-01-04 03:00:00+00:00,
2011-01-04 03:15:00+00:00,
2011-01-04 03:30:00+00:00,
2011-01-04 03:45:00+00:00,
2011-01-04 04:00:00+00:00,
2011-01-04 04:15:00+00:00,
2011-01-04 04:30:00+00:00,
2011-01-04 04:45:00+00:00,
2011-01-04 05:00:00+00:00,
2011-01-04 05:15:00+00:00,
2011-01-04 05:30:00+00:00,
2011-01-04 05:45:00+00:00,
2011-01-04 06:00:00+00:00,
2011-01-04 06:15:00+00:00,
2011-01-04 06:30:00+00:00,
2011-01-04 06:45:00+00:00,
2011-01-04 07:00:00+00:00,
2011-01-04 07:15:00+00:00,
2011-01-04 07:30:00+00:00,
2011-01-04 07:45:00+00:00,
2011-01-04 08:00:00+00:00,0.0
2011-01-04 08:15:00+00:00,0.015913963
2011-01-04 08:30:00+00:00,0.025850261
2011-01-04 08:45:00+00:00,
2011-01-04 09:00:00+00:00,0.0
2011-01-04 09:15:00+00:00,0.161443328
2011-01-04 09:30:00+00:00,0.234975901
2011-01-04 09:45:00+00:00,0.285751309
2011-01-04 10:00:00+00:00,0.063493197
2011-01-04 10:15:00+00:00,0.339899504
2011-01-04 10:30:00+00:00,0.256649085
2011-01-04 10:45:00+00:00,0.197441718
2011-01-04 11:00:00+00:00,0.269597363
2011-01-04 11:15:00+00:00,0.235968868
2011-01-04 11:30:00+00:00,0.351695965
2011-01-04 11:45:00+00:00,0.43264269
2011-01-04 12:00:00+00:00,0.434681585
2011-01-04 12:15:00+00:00,0.431609994
2011-01-04 12:30:00+00:00,0.445590999
2011-01-04 12:45:00+00:00,0.462008059
2011-01-04 13:00:00+00:00,0.450873593
2011-01-04 13:15:00+00:00,0.437581051
2011-01-04 13:30:00+00:00,0.423070495
2011-01-04 13:45:00+00:00,0.40246971
2011-01-04 14:00:00+00:00,0.379035669
2011-01-04 14:15:00+00:00,0.344678983
2011-01-04 14:30:00+00:00,0.301028119
2011-01-04 14:45:00+00:00,0.249009842
2011-01-04 15:00:00+00:00,0.205762788
2011-01-04 15:15:00+00:00,
2011-01-04 15:30:00+00:00,
2011-01-04 15:45:00+00:00,
2011-01-04 16:00:00+00:00,
2011-01-04 16:15:00+00:00,
2011-01-04 16:30:00+00:00,
2011-01-04 16:45:00+00:00,
2011-01-04 17:00:00+00:00,
2011-01-04 17:15:00+00:00,
2011-01-04 17:30:00+00:00,
2011-01-04 17:45:00+00:00,
2011-01-04 18:00:00+00:00,
2011-01-04 18:15:00+00:00,
2011-01-04 18:30:00+00:00,
2011-01-04 18:45:00+00:00,
2011-01-04 19:00:00+00:00,
2011-01-04 19:15:00+00:00,
2011-01-04 19:30:00+00:00,
2011-01-04 19:45:00+00:00,
2011-01-04 20:00:00+00:00,
2011-01-04 20:15:00+00:00,
2011-01-04 20:30:00+00:00,
2011-01-04 20:45:00+00:00,
2011-01-04 21:00:00+00:00,
2011-01-04 21:15:00+00:00,
2011-01-04 21:30:00+00:00,
2011-01-04 21:45:00+00:00,
2011-01-04 22:00:00+00:00,
2011-01-04 22:15:00+00:00,
2011-01-04 22:30:00+00:00,
2011-01-04 22:45:00+00:00,
2011-01-04 23:00:00+00:00,
2011-01-04 23:15:00+00:00,
2011-01-04 23:30:00+00:00,
2011-01-04 23:45:00+00:00,
2011-01-05 00:00:00+00:00,
2011-01-05 00:15:00+00:00,
2011-01-05 00:30:00+00:00,
2011-01-05 00:45:00+00:00,
2011-01-05 01:00:00+00:00,
2011-01-05 01:15:00+00:00,
2011-01-05 01:30:00+00:00,
2011-01-05 01:45:00+00:00,
2011-01-05 02:00:00+00:00,
2011-01-05 02:15:00+00:00,
2011-01-05 02:30:00+00:00,
2011-01-05 02:45:00+00:00,
2011-01-05 03:00:00+00:00,
2011-01-05 03:15:00+00:00,
2011-01-05 03:30:00+00:00,
2011-01-05 03:45:00+00:00,
2011-01-05 04:00:00+00:00,
2011-01-05 04:15:00+00:00,
2011-01-05 04:30:00+00:00,
2011-01-05 04:45:00+00:00,
2011-01-05 05:00:00+00:00,
2011-01-05 05:15:00+00:00,
2011-01-05 05:30:00+00:00,
2011-01-05 05:45:00+00:00,
2011-01-05 06:00:00+00:00,
2011-01-05 06:15:00+00:00,
2011-01-05 06:30:00+00:00,
2011-01-05 06:45:00+00:00,
2011-01-05 07:00:00+00:00,
2011-01-05 07:15:00+00:00,
2011-01-05 07:30:00+00:00,
2011-01-05 07:45:00+00:00,
2011-01-05 08:00:00+00:00,
2011-01-05 08:15:00+00:00,
2011-01-05 08:30:00+00:00,
2011-01-05 08:45:00+00:00,
2011-01-05 09:00:00+00:00,
2011-01-05 09:15:00+00:00,
2011-01-05 09:30:00+00:00,
2011-01-05 09:45:00+00:00,
2011-01-05 10:00:00+00:00,
2011-01-05 10:15:00+00:00,
2011-01-05 10:30:00+00:00,
2011-01-05 10:45:00+00:00,
2011-01-05 11:00:00+00:00,
2011-01-05 11:15:00+00:00,
2011-01-05 11:30:00+00:00,
2011-01-05 11:45:00+00:00,
2011-01-05 12:00:00+00:00,
2011-01-05 12:15:00+00:00,0.0
2011-01-05 12:30:00+00:00,0.25192255
2011-01-05 12:45:00+00:00,0.372177563
2011-01-05 13:00:00+00:00,0.375699298
2011-01-05 13:15:00+00:00,0.268273428
2011-01-05 13:30:00+00:00,0.283538641
2011-01-05 13:45:00+00:00,0.303967304
2011-01-05 14:00:00+00:00,0.313274736
2011-01-05 14:15:00+00:00,0.338668232
2011-01-05 14:30:00+00:00,0.238868334
2011-01-05 14:45:00+00:00,0.120043188
2011-01-05 15:00:00+00:00,0.168208746
2011-01-05 15:15:00+00:00,0.164078
2011-01-05 15:30:00+00:00,0.099892561
2011-01-05 15:45:00+00:00,0.049132047
2011-01-05 16:00:00+00:00,0.026439423
2011-01-05 16:15:00+00:00,0.016033121
2011-01-05 16:30:00+00:00,0.006103442
2011-01-05 16:45:00+00:00,0.0
2011-01-05 17:00:00+00:00,0.0
2011-01-05 17:15:00+00:00,
2011-01-05 17:30:00+00:00,
2011-01-05 17:45:00+00:00,
2011-01-05 18:00:00+00:00,
2011-01-05 18:15:00+00:00,
2011-01-05 18:30:00+00:00,
2011-01-05 18:45:00+00:00,
2011-01-05 19:00:00+00:00,
2011-01-05 19:15:00+00:00,
2011-01-05 19:30:00+00:00,
2011-01-05 19:45:00+00:00,
2011-01-05 20:00:00+00:00,
2011-01-05 20:15:00+00:00,
2011-01-05 20:30:00+00:00,
2011-01-05 20:45:00+00:00,
2011-01-05 21:00:00+00:00,
2011-01-05 21:15:00+00:00,
2011-01-05 21:30:00+00:00,
2011-01-05 21:45:00+00:00,
2011-01-05 22:00:00+00:00,
2011-01-05 22:15:00+00:00,
2011-01-05 22:30:00+00:00,
2011-01-05 22:45:00+00:00,
2011-01-05 23:00:00+00:00,
2011-01-05 23:15:00+00:00,
2011-01-05 23:30:00+00:00,
2011-01-05 23:45:00+00:00,
2011-01-06 00:00:00+00:00,
2011-01-06 00:15:00+00:00,
2011-01-06 00:30:00+00:00,
2011-01-06 00:45:00+00:00,
2011-01-06 01:00:00+00:00,
2011-01-06 01:15:00+00:00,
2011-01-06 01:30:00+00:00,
2011-01-06 01:45:00+00:00,
2011-01-06 02:00:00+00:00,
2011-01-06 02:15:00+00:00,
2011-01-06 02:30:00+00:00,
2011-01-06 02:45:00+00:00,
2011-01-06 03:00:00+00:00,
2011-01-06 03:15:00+00:00,
2011-01-06 03:30:00+00:00,
2011-01-06 03:45:00+00:00,
2011-01-06 04:00:00+00:00,
2011-01-06 04:15:00+00:00,
2011-01-06 04:30:00+00:00,
2011-01-06 04:45:00+00:00,
2011-01-06 05:00:00+00:00,
2011-01-06 05:15:00+00:00,
2011-01-06 05:30:00+00:00,
2011-01-06 05:45:00+00:00,
2011-01-06 06:00:00+00:00,
2011-01-06 06:15:00+00:00,
2011-01-06 06:30:00+00:00,
2011-01-06 06:45:00+00:00,
2011-01-06 07:00:00+00:00,
2011-01-06 07:15:00+00:00,
2011-01-06 07:30:00+00:00,
2011-01-06 07:45:00+00:00,
2011-01-06 08:00:00+00:00,
2011-01-06 08:15:00+00:00,0.00936445
2011-01-06 08:30:00+00:00,0.053554065
2011-01-06 08:45:00+00:00,0.080006726
2011-01-06 09:00:00+00:00,0.111450706
2011-01-06 09:15:00+00:00,0.10698897
2011-01-06 09:30:00+00:00,0.153301002
2011-01-06 09:45:00+00:00,0.282889916
2011-01-06 10:00:00+00:00,0.417615779
2011-01-06 10:15:00+00:00,0.517031741
2011-01-06 10:30:00+00:00,0.589068219
2011-01-06 10:45:00+00:00,0.6019768
2011-01-06 11:00:00+00:00,0.624444323
2011-01-06 11:15:00+00:00,0.645495253
2011-01-06 11:30:00+00:00,0.638915203
2011-01-06 11:45:00+00:00,0.647693038
2011-01-06 12:00:00+00:00,0.635261081
2011-01-06 12:15:00+00:00,0.649996723
2011-01-06 12:30:00+00:00,0.648024036
2011-01-06 12:45:00+00:00,0.635989272
2011-01-06 13:00:00+00:00,0.629382712
2011-01-06 13:15:00+00:00,0.600136491
2011-01-06 13:30:00+00:00,0.580224164
2011-01-06 13:45:00+00:00,0.551520826
2011-01-06 14:00:00+00:00,0.525054877
2011-01-06 14:15:00+00:00,0.480967113
2011-01-06 14:30:00+00:00,0.418847049
2011-01-06 14:45:00+00:00,0.338191597
2011-01-06 15:00:00+00:00,0.277699985
2011-01-06 15:15:00+00:00,
2011-01-06 15:30:00+00:00,
2011-01-06 15:45:00+00:00,
2011-01-06 16:00:00+00:00,
2011-01-06 16:15:00+00:00,
2011-01-06 16:30:00+00:00,
2011-01-06 16:45:00+00:00,
2011-01-06 17:00:00+00:00,
2011-01-06 17:15:00+00:00,
2011-01-06 17:30:00+00:00,
2011-01-06 17:45:00+00:00,
2011-01-06 18:00:00+00:00,
2011-01-06 18:15:00+00:00,
2011-01-06 18:30:00+00:00,
2011-01-06 18:45:00+00:00,
2011-01-06 19:00:00+00:00,
2011-01-06 19:15:00+00:00,
2011-01-06 19:30:00+00:00,
2011-01-06 19:45:00+00:00,
2011-01-06 20:00:00+00:00,
2011-01-06 20:15:00+00:00,
2011-01-06 20:30:00+00:00,
2011-01-06 20:45:00+00:00,
2011-01-06 21:00:00+00:00,
2011-01-06 21:15:00+00:00,
2011-01-06 21:30:00+00:00,
2011-01-06 21:45:00+00:00,
2011-01-06 22:00:00+00:00,
2011-01-06 22:15:00+00:00,
2011-01-06 22:30:00+00:00,
2011-01-06 22:45:00+00:00,
2011-01-06 23:00:00+00:00,
2011-01-06 23:15:00+00:00,
2011-01-06 23:30:00+00:00,
2011-01-06 23:45:00+00:00,
2011-01-07 00:00:00+00:00,
2011-01-07 00:15:00+00:00,
2011-01-07 00:30:00+00:00,
2011-01-07 00:45:00+00:00,
2011-01-07 01:00:00+00:00,
2011-01-07 01:15:00+00:00,
2011-01-07 01:30:00+00:00,
2011-01-07 01:45:00+00:00,
2011-01-07 02:00:00+00:00,
2011-01-07 02:15:00+00:00,
2011-01-07 02:30:00+00:00,
2011-01-07 02:45:00+00:00,
2011-01-07 03:00:00+00:00,
2011-01-07 03:15:00+00:00,
2011-01-07 03:30:00+00:00,
2011-01-07 03:45:00+00:00,
2011-01-07 04:00:00+00:00,
2011-01-07 04:15:00+00:00,
2011-01-07 04:30:00+00:00,
2011-01-07 04:45:00+00:00,
2011-01-07 05:00:00+00:00,
2011-01-07 05:15:00+00:00,
2011-01-07 05:30:00+00:00,
2011-01-07 05:45:00+00:00,
2011-01-07 06:00:00+00:00,
2011-01-07 06:15:00+00:00,
2011-01-07 06:30:00+00:00,
2011-01-07 06:45:00+00:00,
2011-01-07 07:00:00+00:00,
2011-01-07 07:15:00+00:00,
2011-01-07 07:30:00+00:00,
2011-01-07 07:45:00+00:00,
2011-01-07 08:00:00+00:00,
2011-01-07 08:15:00+00:00,
2011-01-07 08:30:00+00:00,
2011-01-07 08:45:00+00:00,
2011-01-07 09:00:00+00:00,0.0
2011-01-07 09:15:00+00:00,0.019409212
2011-01-07 09:30:00+00:00,0.024400529
2011-01-07 09:45:00+00:00,0.096066324
2011-01-07 10:00:00+00:00,0.161469791
2011-01-07 10:15:00+00:00,0.209688327
2011-01-07 10:30:00+00:00,0.319868027
2011-01-07 10:45:00+00:00,0.429372514
2011-01-07 11:00:00+00:00,0.338747657
2011-01-07 11:15:00+00:00,0.35865997
2011-01-07 11:30:00+00:00,0.422368784
2011-01-07 11:45:00+00:00,0.657199048
2011-01-07 12:00:00+00:00,0.61967809
2011-01-07 12:15:00+00:00,0.660561901
2011-01-07 12:30:00+00:00,0.448900884
2011-01-07 12:45:00+00:00,0.53135693
2011-01-07 13:00:00+00:00,0.567117039
2011-01-07 13:15:00+00:00,0.507049078
2011-01-07 13:30:00+00:00,0.51675368
2011-01-07 13:45:00+00:00,0.39187804
2011-01-07 14:00:00+00:00,0.259482346
2011-01-07 14:15:00+00:00,0.228978375
2011-01-07 14:30:00+00:00,0.203161212
2011-01-07 14:45:00+00:00,
2011-01-07 15:00:00+00:00,
2011-01-07 15:15:00+00:00,
2011-01-07 15:30:00+00:00,
2011-01-07 15:45:00+00:00,
2011-01-07 16:00:00+00:00,
2011-01-07 16:15:00+00:00,
2011-01-07 16:30:00+00:00,
2011-01-07 16:45:00+00:00,
2011-01-07 17:00:00+00:00,
2011-01-07 17:15:00+00:00,
2011-01-07 17:30:00+00:00,
2011-01-07 17:45:00+00:00,
2011-01-07 18:00:00+00:00,
2011-01-07 18:15:00+00:00,
2011-01-07 18:30:00+00:00,
2011-01-07 18:45:00+00:00,
2011-01-07 19:00:00+00:00,
2011-01-07 19:15:00+00:00,
2011-01-07 19:30:00+00:00,
2011-01-07 19:45:00+00:00,
2011-01-07 20:00:00+00:00,
2011-01-07 20:15:00+00:00,
2011-01-07 20:30:00+00:00,
2011-01-07 20:45:00+00:00,
2011-01-07 21:00:00+00:00,
2011-01-07 21:15:00+00:00,
2011-01-07 21:30:00+00:00,
2011-01-07 21:45:00+00:00,
2011-01-07 22:00:00+00:00,
2011-01-07 22:15:00+00:00,
2011-01-07 22:30:00+00:00,
2011-01-07 22:45:00+00:00,
2011-01-07 23:00:00+00:00,
2011-01-07 23:15:00+00:00,
2011-01-07 23:30:00+00:00,
2011-01-07 23:45:00+00:00,
2011-01-08 00:00:00+00:00,
2011-01-08 00:15:00+00:00,
2011-01-08 00:30:00+00:00,
2011-01-08 00:45:00+00:00,
2011-01-08 01:00:00+00:00,
2011-01-08 01:15:00+00:00,
2011-01-08 01:30:00+00:00,
2011-01-08 01:45:00+00:00,
2011-01-08 02:00:00+00:00,
2011-01-08 02:15:00+00:00,
2011-01-08 02:30:00+00:00,
2011-01-08 02:45:00+00:00,
2011-01-08 03:00:00+00:00,
2011-01-08 03:15:00+00:00,
2011-01-08 03:30:00+00:00,
2011-01-08 03:45:00+00:00,
2011-01-08 04:00:00+00:00,
2011-01-08 04:15:00+00:00,
2011-01-08 04:30:00+00:00,
2011-01-08 04:45:00+00:00,
2011-01-08 05:00:00+00:00,
2011-01-08 05:15:00+00:00,
2011-01-08 05:30:00+00:00,
2011-01-08 05:45:00+00:00,
2011-01-08 06:00:00+00:00,
2011-01-08 06:15:00+00:00,
2011-01-08 06:30:00+00:00,
2011-01-08 06:45:00+00:00,
2011-01-08 07:00:00+00:00,
2011-01-08 07:15:00+00:00,
2011-01-08 07:30:00+00:00,
2011-01-08 07:45:00+00:00,
2011-01-08 08:00:00+00:00,
2011-01-08 08:15:00+00:00,
2011-01-08 08:30:00+00:00,
2011-01-08 08:45:00+00:00,
2011-01-08 09:00:00+00:00,
2011-01-08 09:15:00+00:00,
2011-01-08 09:30:00+00:00,
2011-01-08 09:45:00+00:00,
2011-01-08 10:00:00+00:00,
2011-01-08 10:15:00+00:00,
2011-01-08 10:30:00+00:00,
2011-01-08 10:45:00+00:00,
2011-01-08 11:00:00+00:00,
2011-01-08 11:15:00+00:00,
2011-01-08 11:30:00+00:00,
2011-01-08 11:45:00+00:00,
2011-01-08 12:00:00+00:00,
2011-01-08 12:15:00+00:00,
2011-01-08 12:30:00+00:00,
2011-01-08 12:45:00+00:00,
2011-01-08 13:00:00+00:00,
2011-01-08 13:15:00+00:00,
2011-01-08 13:30:00+00:00,
2011-01-08 13:45:00+00:00,
2011-01-08 14:00:00+00:00,
2011-01-08 14:15:00+00:00,
2011-01-08 14:30:00+00:00,
2011-01-08 14:45:00+00:00,
2011-01-08 15:00:00+00:00,
2011-01-08 15:15:00+00:00,
2011-01-08 15:30:00+00:00,
2011-01-08 15:45:00+00:00,
2011-01-08 16:00:00+00:00,
2011-01-08 16:15:00+00:00,
2011-01-08 16:30:00+00:00,
2011-01-08 16:45:00+00:00,
2011-01-08 17:00:00+00:00,
2011-01-08 17:15:00+00:00,
2011-01-08 17:30:00+00:00,
2011-01-08 17:45:00+00:00,
2011-01-08 18:00:00+00:00,
2011-01-08 18:15:00+00:00,
2011-01-08 18:30:00+00:00,
2011-01-08 18:45:00+00:00,
2011-01-08 19:00:00+00:00,
2011-01-08 19:15:00+00:00,
2011-01-08 19:30:00+00:00,
2011-01-08 19:45:00+00:00,
2011-01-08 20:00:00+00:00,
2011-01-08 20:15:00+00:00,
2011-01-08 20:30:00+00:00,
2011-01-08 20:45:00+00:00,
2011-01-08 21:00:00+00:00,
2011-01-08 21:15:00+00:00,
2011-01-08 21:30:00+00:00,
2011-01-08 21:45:00+00:00,
2011-01-08 22:00:00+00:00,
2011-01-08 22:15:00+00:00,
2011-01-08 22:30:00+00:00,
2011-01-08 22:45:00+00:00,
2011-01-08 23:00:00+00:00,
2011-01-08 23:15:00+00:00,
2011-01-08 23:30:00+00:00,
2011-01-08 23:45:00+00:00,
2011-01-09 00:00:00+00:00,
2011-01-09 00:15:00+00:00,
2011-01-09 00:30:00+00:00,
2011-01-09 00:45:00+00:00,
2011-01-09 01:00:00+00:00,
2011-01-09 01:15:00+00:00,
2011-01-09 01:30:00+00:00,
2011-01-09 01:45:00+00:00,
2011-01-09 02:00:00+00:00,
2011-01-09 02:15:00+00:00,
2011-01-09 02:30:00+00:00,
2011-01-09 02:45:00+00:00,
2011-01-09 03:00:00+00:00,
2011-01-09 03:15:00+00:00,
2011-01-09 03:30:00+00:00,
2011-01-09 03:45:00+00:00,
2011-01-09 04:00:00+00:00,
2011-01-09 04:15:00+00:00,
2011-01-09 04:30:00+00:00,
2011-01-09 04:45:00+00:00,
2011-01-09 05:00:00+00:00,
2011-01-09 05:15:00+00:00,
2011-01-09 05:30:00+00:00,
2011-01-09 05:45:00+00:00,
2011-01-09 06:00:00+00:00,
2011-01-09 06:15:00+00:00,
2011-01-09 06:30:00+00:00,
2011-01-09 06:45:00+00:00,
2011-01-09 07:00:00+00:00,
2011-01-09 07:15:00+00:00,
2011-01-09 07:30:00+00:00,
2011-01-09 07:45:00+00:00,
2011-01-09 08:00:00+00:00,
2011-01-09 08:15:00+00:00,
2011-01-09 08:30:00+00:00,
2011-01-09 08:45:00+00:00,
2011-01-09 09:00:00+00:00,
2011-01-09 09:15:00+00:00,
2011-01-09 09:30:00+00:00,
2011-01-09 09:45:00+00:00,
2011-01-09 10:00:00+00:00,
2011-01-09 10:15:00+00:00,
2011-01-09 10:30:00+00:00,
2011-01-09 10:45:00+00:00,
2011-01-09 11:00:00+00:00,
2011-01-09 11:15:00+00:00,
2011-01-09 11:30:00+00:00,
2011-01-09 11:45:00+00:00,
2011-01-09 12:00:00+00:00,
2011-01-09 12:15:00+00:00,
2011-01-09 12:30:00+00:00,
2011-01-09 12:45:00+00:00,
2011-01-09 13:00:00+00:00,
2011-01-09 13:15:00+00:00,
2011-01-09 13:30:00+00:00,
2011-01-09 13:45:00+00:00,
2011-01-09 14:00:00+00:00,
2011-01-09 14:15:00+00:00,
2011-01-09 14:30:00+00:00,
2011-01-09 14:45:00+00:00,
2011-01-09 15:00:00+00:00,
2011-01-09 15:15:00+00:00,
2011-01-09 15:30:00+00:00,
2011-01-09 15:45:00+00:00,
2011-01-09 16:00:00+00:00,
2011-01-09 16:15:00+00:00,
2011-01-09 16:30:00+00:00,
2011-01-09 16:45:00+00:00,
2011-01-09 17:00:00+00:00,
2011-01-09 17:15:00+00:00,
2011-01-09 17:30:00+00:00,
2011-01-09 17:45:00+00:00,
2011-01-09 18:00:00+00:00,
2011-01-09 18:15:00+00:00,
2011-01-09 18:30:00+00:00,
2011-01-09 18:45:00+00:00,
2011-01-09 19:00:00+00:00,
2011-01-09 19:15:00+00:00,
2011-01-09 19:30:00+00:00,
2011-01-09 19:45:00+00:00,
2011-01-09 20:00:00+00:00,
2011-01-09 20:15:00+00:00,
2011-01-09 20:30:00+00:00,
2011-01-09 20:45:00+00:00,
2011-01-09 21:00:00+00:00,
2011-01-09 21:15:00+00:00,
2011-01-09 21:30:00+00:00,
2011-01-09 21:45:00+00:00,
2011-01-09 22:00:00+00:00,
2011-01-09 22:15:00+00:00,
2011-01-09 22:30:00+00:00,
2011-01-09 22:45:00+00:00,
2011-01-09 23:00:00+00:00,
2011-01-09 23:15:00+00:00,
2011-01-09 23:30:00+00:00,
2011-01-09 23:45:00+00:00,
2011-01-10 00:00:00+00:00,
2011-01-10 00:15:00+00:00,
2011-01-10 00:30:00+00:00,
2011-01-10 00:45:00+00:00,
2011-01-10 01:00:00+00:00,
2011-01-10 01:15:00+00:00,
2011-01-10 01:30:00+00:00,
2011-01-10 01:45:00+00:00,
2011-01-10 02:00:00+00:00,
2011-01-10 02:15:00+00:00,
2011-01-10 02:30:00+00:00,
2011-01-10 02:45:00+00:00,
2011-01-10 03:00:00+00:00,
2011-01-10 03:15:00+00:00,
2011-01-10 03:30:00+00:00,
2011-01-10 03:45:00+00:00,
2011-01-10 04:00:00+00:00,
2011-01-10 04:15:00+00:00,
2011-01-10 04:30:00+00:00,
2011-01-10 04:45:00+00:00,
2011-01-10 05:00:00+00:00,
2011-01-10 05:15:00+00:00,
2011-01-10 05:30:00+00:00,
2011-01-10 05:45:00+00:00,
2011-01-10 06:00:00+00:00,
2011-01-10 06:15:00+00:00,
2011-01-10 06:30:00+00:00,
2011-01-10 06:45:00+00:00,
2011-01-10 07:00:00+00:00,
2011-01-10 07:15:00+00:00,
2011-01-10 07:30:00+00:00,
2011-01-10 07:45:00+00:00,
2011-01-10 08:00:00+00:00,0.0
2011-01-10 08:15:00+00:00,0.049529234
2011-01-10 08:30:00+00:00,0.066383207
2011-01-10 08:45:00+00:00,0.087990188
2011-01-10 09:00:00+00:00,0.097191688
2011-01-10 09:15:00+00:00,0.127907499
2011-01-10 09:30:00+00:00,0.1239621
2011-01-10 09:45:00+00:00,0.119341492
2011-01-10 10:00:00+00:00,0.150375044
2011-01-10 10:15:00+00:00,0.148958416
2011-01-10 10:30:00+00:00,0.226555534
2011-01-10 10:45:00+00:00,0.280970169
2011-01-10 11:00:00+00:00,0.313168797
2011-01-10 11:15:00+00:00,0.305516333
2011-01-10 11:30:00+00:00,0.32628922
2011-01-10 11:45:00+00:00,0.34870382
2011-01-10 12:00:00+00:00,0.502044521
2011-01-10 12:15:00+00:00,0.597117891
2011-01-10 12:30:00+00:00,0.688709231
2011-01-10 12:45:00+00:00,0.641205626
2011-01-10 13:00:00+00:00,0.39690909
2011-01-10 13:15:00+00:00,0.283578368
2011-01-10 13:30:00+00:00,0.43560835
2011-01-10 13:45:00+00:00,0.436627802
2011-01-10 14:00:00+00:00,0.350173392
2011-01-10 14:15:00+00:00,0.281155525
2011-01-10 14:30:00+00:00,0.29454074
2011-01-10 14:45:00+00:00,0.252041701
2011-01-10 15:00:00+00:00,0.199017226
2011-01-10 15:15:00+00:00,
2011-01-10 15:30:00+00:00,
2011-01-10 15:45:00+00:00,
2011-01-10 16:00:00+00:00,
2011-01-10 16:15:00+00:00,
2011-01-10 16:30:00+00:00,
2011-01-10 16:45:00+00:00,
2011-01-10 17:00:00+00:00,
2011-01-10 17:15:00+00:00,
2011-01-10 17:30:00+00:00,
2011-01-10 17:45:00+00:00,
2011-01-10 18:00:00+00:00,
2011-01-10 18:15:00+00:00,
2011-01-10 18:30:00+00:00,
2011-01-10 18:45:00+00:00,
2011-01-10 19:00:00+00:00,
2011-01-10 19:15:00+00:00,
2011-01-10 19:30:00+00:00,
2011-01-10 19:45:00+00:00,
2011-01-10 20:00:00+00:00,
2011-01-10 20:15:00+00:00,
2011-01-10 20:30:00+00:00,
2011-01-10 20:45:00+00:00,
2011-01-10 21:00:00+00:00,
2011-01-10 21:15:00+00:00,
2011-01-10 21:30:00+00:00,
2011-01-10 21:45:00+00:00,
2011-01-10 22:00:00+00:00,
2011-01-10 22:15:00+00:00,
2011-01-10 22:30:00+00:00,
2011-01-10 22:45:00+00:00,
2011-01-10 23:00:00+00:00,
2011-01-10 23:15:00+00:00,
2011-01-10 23:30:00+00:00,
2011-01-10 23:45:00+00:00,
2011-01-11 00:00:00+00:00,
2011-01-11 00:15:00+00:00,
2011-01-11 00:30:00+00:00,
2011-01-11 00:45:00+00:00,
2011-01-11 01:00:00+00:00,
2011-01-11 01:15:00+00:00,
2011-01-11 01:30:00+00:00,
2011-01-11 01:45:00+00:00,
2011-01-11 02:00:00+00:00,
2011-01-11 02:15:00+00:00,
2011-01-11 02:30:00+00:00,
2011-01-11 02:45:00+00:00,
2011-01-11 03:00:00+00:00,
2011-01-11 03:15:00+00:00,
2011-01-11 03:30:00+00:00,
2011-01-11 03:45:00+00:00,
2011-01-11 04:00:00+00:00,
2011-01-11 04:15:00+00:00,
2011-01-11 04:30:00+00:00,
2011-01-11 04:45:00+00:00,
2011-01-11 05:00:00+00:00,
2011-01-11 05:15:00+00:00,
2011-01-11 05:30:00+00:00,
2011-01-11 05:45:00+00:00,
2011-01-11 06:00:00+00:00,
2011-01-11 06:15:00+00:00,
2011-01-11 06:30:00+00:00,
2011-01-11 06:45:00+00:00,
2011-01-11 07:00:00+00:00,
2011-01-11 07:15:00+00:00,
2011-01-11 07:30:00+00:00,
2011-01-11 07:45:00+00:00,
2011-01-11 08:00:00+00:00,
2011-01-11 08:15:00+00:00,0.00679801
2011-01-11 08:30:00+00:00,0.041082388
2011-01-11 08:45:00+00:00,0.055526759
2011-01-11 09:00:00+00:00,0.055897469
2011-01-11 09:15:00+00:00,0.083038581
2011-01-11 09:30:00+00:00,0.084759732
2011-01-11 09:45:00+00:00,0.103692317
2011-01-11 10:00:00+00:00,0.129575677
2011-01-11 10:15:00+00:00,0.156465253
2011-01-11 10:30:00+00:00,0.151672535
2011-01-11 10:45:00+00:00,0.155247199
2011-01-11 11:00:00+00:00,0.170221154
2011-01-11 11:15:00+00:00,0.193721405
2011-01-11 11:30:00+00:00,0.147290219
2011-01-11 11:45:00+00:00,0.145423451
2011-01-11 12:00:00+00:00,0.140855799
2011-01-11 12:15:00+00:00,0.129085814
2011-01-11 12:30:00+00:00,0.139399453
2011-01-11 12:45:00+00:00,0.150269122
2011-01-11 13:00:00+00:00,0.144880615
2011-01-11 13:15:00+00:00,0.160966714
2011-01-11 13:30:00+00:00,0.15707426
2011-01-11 13:45:00+00:00,0.144430483
2011-01-11 14:00:00+00:00,0.121075875
2011-01-11 14:15:00+00:00,0.106922773
2011-01-11 14:30:00+00:00,0.100594252
2011-01-11 14:45:00+00:00,0.094861523
2011-01-11 15:00:00+00:00,0.095126315
2011-01-11 15:15:00+00:00,0.073479617
2011-01-11 15:30:00+00:00,0.036077829
2011-01-11 15:45:00+00:00,0.021050917
2011-01-11 16:00:00+00:00,
2011-01-11 16:15:00+00:00,
2011-01-11 16:30:00+00:00,
2011-01-11 16:45:00+00:00,
2011-01-11 17:00:00+00:00,
2011-01-11 17:15:00+00:00,
2011-01-11 17:30:00+00:00,
2011-01-11 17:45:00+00:00,
2011-01-11 18:00:00+00:00,
2011-01-11 18:15:00+00:00,
2011-01-11 18:30:00+00:00,
2011-01-11 18:45:00+00:00,
2011-01-11 19:00:00+00:00,
2011-01-11 19:15:00+00:00,
2011-01-11 19:30:00+00:00,
2011-01-11 19:45:00+00:00,
2011-01-11 20:00:00+00:00,
2011-01-11 20:15:00+00:00,
2011-01-11 20:30:00+00:00,
2011-01-11 20:45:00+00:00,
2011-01-11 21:00:00+00:00,
2011-01-11 21:15:00+00:00,
2011-01-11 21:30:00+00:00,
2011-01-11 21:45:00+00:00,
2011-01-11 22:00:00+00:00,
2011-01-11 22:15:00+00:00,
2011-01-11 22:30:00+00:00,
2011-01-11 22:45:00+00:00,
2011-01-11 23:00:00+00:00,
2011-01-11 23:15:00+00:00,
2011-01-11 23:30:00+00:00,
2011-01-11 23:45:00+00:00,
2011-01-12 00:00:00+00:00,
2011-01-12 00:15:00+00:00,
2011-01-12 00:30:00+00:00,
2011-01-12 00:45:00+00:00,
2011-01-12 01:00:00+00:00,
2011-01-12 01:15:00+00:00,
2011-01-12 01:30:00+00:00,
2011-01-12 01:45:00+00:00,
2011-01-12 02:00:00+00:00,
2011-01-12 02:15:00+00:00,
2011-01-12 02:30:00+00:00,
2011-01-12 02:45:00+00:00,
2011-01-12 03:00:00+00:00,
2011-01-12 03:15:00+00:00,
2011-01-12 03:30:00+00:00,
2011-01-12 03:45:00+00:00,
2011-01-12 04:00:00+00:00,
2011-01-12 04:15:00+00:00,
2011-01-12 04:30:00+00:00,
2011-01-12 04:45:00+00:00,
2011-01-12 05:00:00+00:00,
2011-01-12 05:15:00+00:00,
2011-01-12 05:30:00+00:00,
2011-01-12 05:45:00+00:00,
2011-01-12 06:00:00+00:00,
2011-01-12 06:15:00+00:00,
2011-01-12 06:30:00+00:00,
2011-01-12 06:45:00+00:00,
2011-01-12 07:00:00+00:00,
2011-01-12 07:15:00+00:00,
2011-01-12 07:30:00+00:00,
2011-01-12 07:45:00+00:00,
2011-01-12 08:00:00+00:00,
2011-01-12 08:15:00+00:00,
2011-01-12 08:30:00+00:00,
2011-01-12 08:45:00+00:00,
2011-01-12 09:00:00+00:00,
2011-01-12 09:15:00+00:00,
2011-01-12 09:30:00+00:00,
2011-01-12 09:45:00+00:00,
2011-01-12 10:00:00+00:00,
2011-01-12 10:15:00+00:00,
2011-01-12 10:30:00+00:00,
2011-01-12 10:45:00+00:00,
2011-01-12 11:00:00+00:00,
2011-01-12 11:15:00+00:00,
2011-01-12 11:30:00+00:00,
2011-01-12 11:45:00+00:00,
2011-01-12 12:00:00+00:00,
2011-01-12 12:15:00+00:00,
2011-01-12 12:30:00+00:00,
2011-01-12 12:45:00+00:00,
2011-01-12 13:00:00+00:00,
2011-01-12 13:15:00+00:00,
2011-01-12 13:30:00+00:00,
2011-01-12 13:45:00+00:00,
2011-01-12 14:00:00+00:00,
2011-01-12 14:15:00+00:00,
2011-01-12 14:30:00+00:00,
2011-01-12 14:45:00+00:00,
2011-01-12 15:00:00+00:00,
2011-01-12 15:15:00+00:00,
2011-01-12 15:30:00+00:00,
2011-01-12 15:45:00+00:00,
2011-01-12 16:00:00+00:00,
2011-01-12 16:15:00+00:00,
2011-01-12 16:30:00+00:00,
2011-01-12 16:45:00+00:00,
2011-01-12 17:00:00+00:00,
2011-01-12 17:15:00+00:00,
2011-01-12 17:30:00+00:00,
2011-01-12 17:45:00+00:00,
2011-01-12 18:00:00+00:00,
2011-01-12 18:15:00+00:00,
2011-01-12 18:30:00+00:00,
2011-01-12 18:45:00+00:00,
2011-01-12 19:00:00+00:00,
2011-01-12 19:15:00+00:00,
2011-01-12 19:30:00+00:00,
2011-01-12 19:45:00+00:00,
2011-01-12 20:00:00+00:00,
2011-01-12 20:15:00+00:00,
2011-01-12 20:30:00+00:00,
2011-01-12 20:45:00+00:00,
2011-01-12 21:00:00+00:00,
2011-01-12 21:15:00+00:00,
2011-01-12 21:30:00+00:00,
2011-01-12 21:45:00+00:00,
2011-01-12 22:00:00+00:00,
2011-01-12 22:15:00+00:00,
2011-01-12 22:30:00+00:00,
2011-01-12 22:45:00+00:00,
2011-01-12 23:00:00+00:00,
2011-01-12 23:15:00+00:00,
2011-01-12 23:30:00+00:00,
2011-01-12 23:45:00+00:00,
2011-01-13 00:00:00+00:00,
2011-01-13 00:15:00+00:00,
2011-01-13 00:30:00+00:00,
2011-01-13 00:45:00+00:00,
2011-01-13 01:00:00+00:00,
2011-01-13 01:15:00+00:00,
2011-01-13 01:30:00+00:00,
2011-01-13 01:45:00+00:00,
2011-01-13 02:00:00+00:00,
2011-01-13 02:15:00+00:00,
2011-01-13 02:30:00+00:00,
2011-01-13 02:45:00+00:00,
2011-01-13 03:00:00+00:00,
2011-01-13 03:15:00+00:00,
2011-01-13 03:30:00+00:00,
2011-01-13 03:45:00+00:00,
2011-01-13 04:00:00+00:00,
2011-01-13 04:15:00+00:00,
2011-01-13 04:30:00+00:00,
2011-01-13 04:45:00+00:00,
2011-01-13 05:00:00+00:00,
2011-01-13 05:15:00+00:00,
2011-01-13 05:30:00+00:00,
2011-01-13 05:45:00+00:00,
2011-01-13 06:00:00+00:00,
2011-01-13 06:15:00+00:00,
2011-01-13 06:30:00+00:00,
2011-01-13 06:45:00+00:00,
2011-01-13 07:00:00+00:00,
2011-01-13 07:15:00+00:00,
2011-01-13 07:30:00+00:00,
2011-01-13 07:45:00+00:00,
2011-01-13 08:00:00+00:00,
2011-01-13 08:15:00+00:00,
2011-01-13 08:30:00+00:00,0.0
2011-01-13 08:45:00+00:00,0.002237487
2011-01-13 09:00:00+00:00,0.00893671
2011-01-13 09:15:00+00:00,0.015887485
2011-01-13 09:30:00+00:00,0.020388938
2011-01-13 09:45:00+00:00,0.02375179
2011-01-13 10:00:00+00:00,0.028584233
2011-01-13 10:15:00+00:00,0.030623127
2011-01-13 10:30:00+00:00,0.034025696
2011-01-13 10:45:00+00:00,0.036541215
2011-01-13 11:00:00+00:00,0.039017016
2011-01-13 11:15:00+00:00,0.041492815
2011-01-13 11:30:00+00:00,0.043902416
2011-01-13 11:45:00+00:00,0.0456368
2011-01-13 12:00:00+00:00,0.047530057
2011-01-13 12:15:00+00:00,0.04933064
2011-01-13 12:30:00+00:00,0.050998826
2011-01-13 12:45:00+00:00,0.051541648
2011-01-13 13:00:00+00:00,0.051991794
2011-01-13 13:15:00+00:00,0.051846159
2011-01-13 13:30:00+00:00,0.051065024
2011-01-13 13:45:00+00:00,0.050058817
2011-01-13 14:00:00+00:00,0.0487481
2011-01-13 14:15:00+00:00,0.046378214
2011-01-13 14:30:00+00:00,0.04320072
2011-01-13 14:45:00+00:00,0.038924338
2011-01-13 15:00:00+00:00,0.035309935
2011-01-13 15:15:00+00:00,
2011-01-13 15:30:00+00:00,
2011-01-13 15:45:00+00:00,
2011-01-13 16:00:00+00:00,
2011-01-13 16:15:00+00:00,
2011-01-13 16:30:00+00:00,
2011-01-13 16:45:00+00:00,
2011-01-13 17:00:00+00:00,
2011-01-13 17:15:00+00:00,
2011-01-13 17:30:00+00:00,
2011-01-13 17:45:00+00:00,
2011-01-13 18:00:00+00:00,
2011-01-13 18:15:00+00:00,
2011-01-13 18:30:00+00:00,
2011-01-13 18:45:00+00:00,
2011-01-13 19:00:00+00:00,
2011-01-13 19:15:00+00:00,
2011-01-13 19:30:00+00:00,
2011-01-13 19:45:00+00:00,
2011-01-13 20:00:00+00:00,
2011-01-13 20:15:00+00:00,
2011-01-13 20:30:00+00:00,
2011-01-13 20:45:00+00:00,
2011-01-13 21:00:00+00:00,
2011-01-13 21:15:00+00:00,
2011-01-13 21:30:00+00:00,
2011-01-13 21:45:00+00:00,
2011-01-13 22:00:00+00:00,
2011-01-13 22:15:00+00:00,
2011-01-13 22:30:00+00:00,
2011-01-13 22:45:00+00:00,
2011-01-13 23:00:00+00:00,
2011-01-13 23:15:00+00:00,
2011-01-13 23:30:00+00:00,
2011-01-13 23:45:00+00:00,
2011-01-14 00:00:00+00:00,
2011-01-14 00:15:00+00:00,
2011-01-14 00:30:00+00:00,
2011-01-14 00:45:00+00:00,
2011-01-14 01:00:00+00:00,
2011-01-14 01:15:00+00:00,
2011-01-14 01:30:00+00:00,
2011-01-14 01:45:00+00:00,
2011-01-14 02:00:00+00:00,
2011-01-14 02:15:00+00:00,
2011-01-14 02:30:00+00:00,
2011-01-14 02:45:00+00:00,
2011-01-14 03:00:00+00:00,
2011-01-14 03:15:00+00:00,
2011-01-14 03:30:00+00:00,
2011-01-14 03:45:00+00:00,
2011-01-14 04:00:00+00:00,
2011-01-14 04:15:00+00:00,
2011-01-14 04:30:00+00:00,
2011-01-14 04:45:00+00:00,
2011-01-14 05:00:00+00:00,
2011-01-14 05:15:00+00:00,
2011-01-14 05:30:00+00:00,
2011-01-14 05:45:00+00:00,
2011-01-14 06:00:00+00:00,
2011-01-14 06:15:00+00:00,
2011-01-14 06:30:00+00:00,
2011-01-14 06:45:00+00:00,
2011-01-14 07:00:00+00:00,
2011-01-14 07:15:00+00:00,
2011-01-14 07:30:00+00:00,
2011-01-14 07:45:00+00:00,
2011-01-14 08:00:00+00:00,0.0
2011-01-14 08:15:00+00:00,0.002714112
2011-01-14 08:30:00+00:00,0.016880453
2011-01-14 08:45:00+00:00,0.021554021
2011-01-14 09:00:00+00:00,0.027948734
2011-01-14 09:15:00+00:00,0.035270216
2011-01-14 09:30:00+00:00,0.039268565
2011-01-14 09:45:00+00:00,0.045133698
2011-01-14 10:00:00+00:00,0.054070408
2011-01-14 10:15:00+00:00,0.059564829
2011-01-14 10:30:00+00:00,0.065324042
2011-01-14 10:45:00+00:00,0.070765509
2011-01-14 11:00:00+00:00,0.075650909
2011-01-14 11:15:00+00:00,0.080986454
2011-01-14 11:30:00+00:00,0.082323653
2011-01-14 11:45:00+00:00,0.049145285
2011-01-14 12:00:00+00:00,0.06503277
2011-01-14 12:15:00+00:00,0.092518119
2011-01-14 12:30:00+00:00,0.110563653
2011-01-14 12:45:00+00:00,0.115012152
2011-01-14 13:00:00+00:00,0.105320784
2011-01-14 13:15:00+00:00,0.148389108
2011-01-14 13:30:00+00:00,0.184466936
2011-01-14 13:45:00+00:00,0.201082601
2011-01-14 14:00:00+00:00,0.19468788
2011-01-14 14:15:00+00:00,0.201122314
2011-01-14 14:30:00+00:00,0.196528187
2011-01-14 14:45:00+00:00,0.188703601
2011-01-14 15:00:00+00:00,0.178998989
2011-01-14 15:15:00+00:00,0.085170156
2011-01-14 15:30:00+00:00,0.087182573
2011-01-14 15:45:00+00:00,0.088188779
2011-01-14 16:00:00+00:00,0.057830445
2011-01-14 16:15:00+00:00,0.00709641
2011-01-14 16:30:00+00:00,0.006196119
2011-01-14 16:45:00+00:00,0.000489864
2011-01-14 17:00:00+00:00,0.0
2011-01-14 17:15:00+00:00,0.0
2011-01-14 17:30:00+00:00,0.0
2011-01-14 17:45:00+00:00,0.0
2011-01-14 18:00:00+00:00,0.0
2011-01-14 18:15:00+00:00,0.0
2011-01-14 18:30:00+00:00,0.0
2011-01-14 18:45:00+00:00,0.0
2011-01-14 19:00:00+00:00,0.0
2011-01-14 19:15:00+00:00,0.0
2011-01-14 19:30:00+00:00,0.0
2011-01-14 19:45:00+00:00,0.0
2011-01-14 20:00:00+00:00,0.0
2011-01-14 20:15:00+00:00,0.0
2011-01-14 20:30:00+00:00,0.0
2011-01-14 20:45:00+00:00,0.0
2011-01-14 21:00:00+00:00,0.0
2011-01-14 21:15:00+00:00,0.0
2011-01-14 21:30:00+00:00,0.0
2011-01-14 21:45:00+00:00,0.0
2011-01-14 22:00:00+00:00,0.0
2011-01-14 22:15:00+00:00,0.0
2011-01-14 22:30:00+00:00,0.0
2011-01-14 22:45:00+00:00,0.0
2011-01-14 23:00:00+00:00,0.0
2011-01-14 23:15:00+00:00,0.0
2011-01-14 23:30:00+00:00,0.0
2011-01-14 23:45:00+00:00,0.0
2011-01-15 00:00:00+00:00,0.0
2011-01-15 00:15:00+00:00,0.0
2011-01-15 00:30:00+00:00,0.0
2011-01-15 00:45:00+00:00,0.0
2011-01-15 01:00:00+00:00,0.0
2011-01-15 01:15:00+00:00,0.0
2011-01-15 01:30:00+00:00,0.0
2011-01-15 01:45:00+00:00,0.0
2011-01-15 02:00:00+00:00,0.0
2011-01-15 02:15:00+00:00,0.0
2011-01-15 02:30:00+00:00,0.0
2011-01-15 02:45:00+00:00,0.0
2011-01-15 03:00:00+00:00,0.0
2011-01-15 03:15:00+00:00,0.0
2011-01-15 03:30:00+00:00,0.0
2011-01-15 03:45:00+00:00,0.0
2011-01-15 04:00:00+00:00,0.0
2011-01-15 04:15:00+00:00,0.0
2011-01-15 04:30:00+00:00,0.0
2011-01-15 04:45:00+00:00,0.0
2011-01-15 05:00:00+00:00,0.0
2011-01-15 05:15:00+00:00,0.0
2011-01-15 05:30:00+00:00,0.0
2011-01-15 05:45:00+00:00,0.0
2011-01-15 06:00:00+00:00,0.0
2011-01-15 06:15:00+00:00,0.0
2011-01-15 06:30:00+00:00,0.0
2011-01-15 06:45:00+00:00,0.0
2011-01-15 07:00:00+00:00,0.0
2011-01-15 07:15:00+00:00,0.0
2011-01-15 07:30:00+00:00,0.001151843
2011-01-15 07:45:00+00:00,0.013769154
2011-01-15 08:00:00+00:00,0.022176282
2011-01-15 08:15:00+00:00,0.052852365
2011-01-15 08:30:00+00:00,0.096701823
2011-01-15 08:45:00+00:00,0.11967248
2011-01-15 09:00:00+00:00,0.141411851
2011-01-15 09:15:00+00:00,0.176033332
2011-01-15 09:30:00+00:00,0.211475657
2011-01-15 09:45:00+00:00,0.250347042
2011-01-15 10:00:00+00:00,0.285974727
2011-01-15 10:15:00+00:00,0.323985534
2011-01-15 10:30:00+00:00,0.370919808
2011-01-15 10:45:00+00:00,0.400218993
2011-01-15 11:00:00+00:00,0.434337353
2011-01-15 11:15:00+00:00,0.446570724
2011-01-15 11:30:00+00:00,0.497132627
2011-01-15 11:45:00+00:00,0.354132037
2011-01-15 12:00:00+00:00,0.220372655
2011-01-15 12:15:00+00:00,0.432126357
2011-01-15 12:30:00+00:00,0.523956031
2011-01-15 12:45:00+00:00,0.54082321
2011-01-15 13:00:00+00:00,0.458473094
2011-01-15 13:15:00+00:00,0.333597463
2011-01-15 13:30:00+00:00,0.353403872
2011-01-15 13:45:00+00:00,0.212852578
2011-01-15 14:00:00+00:00,0.162661372
2011-01-15 14:15:00+00:00,0.126543817
2011-01-15 14:30:00+00:00,0.108339407
2011-01-15 14:45:00+00:00,0.143980331
2011-01-15 15:00:00+00:00,0.128595951
2011-01-15 15:15:00+00:00,0.128000163
2011-01-15 15:30:00+00:00,0.115223984
2011-01-15 15:45:00+00:00,0.077477966
2011-01-15 16:00:00+00:00,0.037070797
2011-01-15 16:15:00+00:00,0.018429482
2011-01-15 16:30:00+00:00,0.007334722
2011-01-15 16:45:00+00:00,0.0
2011-01-15 17:00:00+00:00,0.0
2011-01-15 17:15:00+00:00,0.0
2011-01-15 17:30:00+00:00,0.0
2011-01-15 17:45:00+00:00,0.0
2011-01-15 18:00:00+00:00,0.0
2011-01-15 18:15:00+00:00,0.0
2011-01-15 18:30:00+00:00,0.0
2011-01-15 18:45:00+00:00,0.0
2011-01-15 19:00:00+00:00,0.0
2011-01-15 19:15:00+00:00,0.0
2011-01-15 19:30:00+00:00,0.0
2011-01-15 19:45:00+00:00,0.0
2011-01-15 20:00:00+00:00,0.0
2011-01-15 20:15:00+00:00,0.0
2011-01-15 20:30:00+00:00,0.0
2011-01-15 20:45:00+00:00,0.0
2011-01-15 21:00:00+00:00,0.0
2011-01-15 21:15:00+00:00,0.0
2011-01-15 21:30:00+00:00,0.0
2011-01-15 21:45:00+00:00,0.0
2011-01-15 22:00:00+00:00,0.0
2011-01-15 22:15:00+00:00,0.0
2011-01-15 22:30:00+00:00,0.0
2011-01-15 22:45:00+00:00,0.0
2011-01-15 23:00:00+00:00,0.0
2011-01-15 23:15:00+00:00,0.0
2011-01-15 23:30:00+00:00,0.0
2011-01-15 23:45:00+00:00,0.0
2011-01-16 00:00:00+00:00,0.0
2011-01-16 00:15:00+00:00,0.0
2011-01-16 00:30:00+00:00,0.0
2011-01-16 00:45:00+00:00,0.0
2011-01-16 01:00:00+00:00,0.0
2011-01-16 01:15:00+00:00,0.0
2011-01-16 01:30:00+00:00,0.0
2011-01-16 01:45:00+00:00,0.0
2011-01-16 02:00:00+00:00,0.0
2011-01-16 02:15:00+00:00,0.0
2011-01-16 02:30:00+00:00,0.0
2011-01-16 02:45:00+00:00,0.0
2011-01-16 03:00:00+00:00,0.0
2011-01-16 03:15:00+00:00,0.0
2011-01-16 03:30:00+00:00,0.0
2011-01-16 03:45:00+00:00,0.0
2011-01-16 04:00:00+00:00,0.0
2011-01-16 04:15:00+00:00,0.0
2011-01-16 04:30:00+00:00,0.0
2011-01-16 04:45:00+00:00,0.0
2011-01-16 05:00:00+00:00,0.0
2011-01-16 05:15:00+00:00,0.0
2011-01-16 05:30:00+00:00,0.0
2011-01-16 05:45:00+00:00,0.0
2011-01-16 06:00:00+00:00,0.0
2011-01-16 06:15:00+00:00,0.0
2011-01-16 06:30:00+00:00,0.0
2011-01-16 06:45:00+00:00,0.0
2011-01-16 07:00:00+00:00,0.0
2011-01-16 07:15:00+00:00,0.0
2011-01-16 07:30:00+00:00,0.000992968
2011-01-16 07:45:00+00:00,0.013504362
2011-01-16 08:00:00+00:00,0.026585057
2011-01-16 08:15:00+00:00,0.046166382
2011-01-16 08:30:00+00:00,0.076855708
2011-01-16 08:45:00+00:00,0.103586401
2011-01-16 09:00:00+00:00,0.144284846
2011-01-16 09:15:00+00:00,0.201996129
2011-01-16 09:30:00+00:00,0.192582799
2011-01-16 09:45:00+00:00,0.28247948
2011-01-16 10:00:00+00:00,0.302193212
2011-01-16 10:15:00+00:00,0.5194281
2011-01-16 10:30:00+00:00,0.602704971
2011-01-16 10:45:00+00:00,0.62169051
2011-01-16 11:00:00+00:00,0.631964428
2011-01-16 11:15:00+00:00,0.692005892
2011-01-16 11:30:00+00:00,0.703577266
2011-01-16 11:45:00+00:00,0.697645941
2011-01-16 12:00:00+00:00,0.735934778
2011-01-16 12:15:00+00:00,0.725329888
2011-01-16 12:30:00+00:00,0.720748988
2011-01-16 12:45:00+00:00,0.686855688
2011-01-16 13:00:00+00:00,0.674900356
2011-01-16 13:15:00+00:00,0.647229673
2011-01-16 13:30:00+00:00,0.597766617
2011-01-16 13:45:00+00:00,0.628151432
2011-01-16 14:00:00+00:00,0.521162459
2011-01-16 14:15:00+00:00,0.486024647
2011-01-16 14:30:00+00:00,0.506784276
2011-01-16 14:45:00+00:00,0.323892867
2011-01-16 15:00:00+00:00,0.172842589
2011-01-16 15:15:00+00:00,0.149024608
2011-01-16 15:30:00+00:00,0.125908317
2011-01-16 15:45:00+00:00,0.093828836
2011-01-16 16:00:00+00:00,0.063775015
2011-01-16 16:15:00+00:00,0.047397663
2011-01-16 16:30:00+00:00,0.026267308
2011-01-16 16:45:00+00:00,0.00834093
2011-01-16 17:00:00+00:00,0.0
2011-01-16 17:15:00+00:00,0.0
2011-01-16 17:30:00+00:00,0.0
2011-01-16 17:45:00+00:00,0.0
2011-01-16 18:00:00+00:00,0.0
2011-01-16 18:15:00+00:00,0.0
2011-01-16 18:30:00+00:00,0.0
2011-01-16 18:45:00+00:00,0.0
2011-01-16 19:00:00+00:00,0.0
2011-01-16 19:15:00+00:00,0.0
2011-01-16 19:30:00+00:00,0.0
2011-01-16 19:45:00+00:00,0.0
2011-01-16 20:00:00+00:00,0.0
2011-01-16 20:15:00+00:00,0.0
2011-01-16 20:30:00+00:00,0.0
2011-01-16 20:45:00+00:00,0.0
2011-01-16 21:00:00+00:00,0.0
2011-01-16 21:15:00+00:00,0.0
2011-01-16 21:30:00+00:00,0.0
2011-01-16 21:45:00+00:00,0.0
2011-01-16 22:00:00+00:00,0.0
2011-01-16 22:15:00+00:00,0.0
2011-01-16 22:30:00+00:00,0.0
2011-01-16 22:45:00+00:00,0.0
2011-01-16 23:00:00+00:00,0.0
2011-01-16 23:15:00+00:00,0.0
2011-01-16 23:30:00+00:00,0.0
2011-01-16 23:45:00+00:00,0.0
2011-01-17 00:00:00+00:00,0.0
2011-01-17 00:15:00+00:00,0.0
2011-01-17 00:30:00+00:00,0.0
2011-01-17 00:45:00+00:00,0.0
2011-01-17 01:00:00+00:00,0.0
2011-01-17 01:15:00+00:00,0.0
2011-01-17 01:30:00+00:00,0.0
2011-01-17 01:45:00+00:00,0.0
2011-01-17 02:00:00+00:00,0.0
2011-01-17 02:15:00+00:00,0.0
2011-01-17 02:30:00+00:00,0.0
2011-01-17 02:45:00+00:00,0.0
2011-01-17 03:00:00+00:00,0.0
2011-01-17 03:15:00+00:00,0.0
2011-01-17 03:30:00+00:00,0.0
2011-01-17 03:45:00+00:00,0.0
2011-01-17 04:00:00+00:00,0.0
2011-01-17 04:15:00+00:00,0.0
2011-01-17 04:30:00+00:00,0.0
2011-01-17 04:45:00+00:00,0.0
2011-01-17 05:00:00+00:00,0.0
2011-01-17 05:15:00+00:00,0.0
2011-01-17 05:30:00+00:00,0.0
2011-01-17 05:45:00+00:00,0.0
2011-01-17 06:00:00+00:00,0.0
2011-01-17 06:15:00+00:00,0.0
2011-01-17 06:30:00+00:00,0.0
2011-01-17 06:45:00+00:00,0.0
2011-01-17 07:00:00+00:00,0.0
2011-01-17 07:15:00+00:00,0.0
2011-01-17 07:30:00+00:00,0.0
2011-01-17 07:45:00+00:00,0.0
2011-01-17 08:00:00+00:00,0.004898641
2011-01-17 08:15:00+00:00,0.011597864
2011-01-17 08:30:00+00:00,0.017754264
2011-01-17 08:45:00+00:00,0.022970655
2011-01-17 09:00:00+00:00,0.033681468
2011-01-17 09:15:00+00:00,0.038222639
2011-01-17 09:30:00+00:00,0.046987236
2011-01-17 09:45:00+00:00,0.056665362
2011-01-17 10:00:00+00:00,0.064410514
2011-01-17 10:15:00+00:00,0.076286407
2011-01-17 10:30:00+00:00,0.076087806
2011-01-17 10:45:00+00:00,0.098039017
2011-01-17 11:00:00+00:00,0.096264912
2011-01-17 11:15:00+00:00,0.088903717
2011-01-17 11:30:00+00:00,0.093669965
2011-01-17 11:45:00+00:00,0.10671094
2011-01-17 12:00:00+00:00,0.118467672
2011-01-17 12:15:00+00:00,0.125484658
2011-01-17 12:30:00+00:00,0.131694003
2011-01-17 12:45:00+00:00,0.135070106
2011-01-17 13:00:00+00:00,0.122201236
2011-01-17 13:15:00+00:00,0.111172675
2011-01-17 13:30:00+00:00,0.112999736
2011-01-17 13:45:00+00:00,0.104619088
2011-01-17 14:00:00+00:00,0.108246733
2011-01-17 14:15:00+00:00,0.097827188
2011-01-17 14:30:00+00:00,0.0796625
2011-01-17 14:45:00+00:00,0.087182573
2011-01-17 15:00:00+00:00,0.065853625
2011-01-17 15:15:00+00:00,0.045001301
2011-01-17 15:30:00+00:00,0.047953727
2011-01-17 15:45:00+00:00,0.037838693
2011-01-17 16:00:00+00:00,0.017966098
2011-01-17 16:15:00+00:00,0.008830794
2011-01-17 16:30:00+00:00,0.001681426
2011-01-17 16:45:00+00:00,0.0
2011-01-17 17:00:00+00:00,0.0
2011-01-17 17:15:00+00:00,0.0
2011-01-17 17:30:00+00:00,0.0
2011-01-17 17:45:00+00:00,0.0
2011-01-17 18:00:00+00:00,0.0
2011-01-17 18:15:00+00:00,0.0
2011-01-17 18:30:00+00:00,0.0
2011-01-17 18:45:00+00:00,0.0
2011-01-17 19:00:00+00:00,0.0
2011-01-17 19:15:00+00:00,0.0
2011-01-17 19:30:00+00:00,0.0
2011-01-17 19:45:00+00:00,0.0
2011-01-17 20:00:00+00:00,0.0
2011-01-17 20:15:00+00:00,0.0
2011-01-17 20:30:00+00:00,0.0
2011-01-17 20:45:00+00:00,0.0
2011-01-17 21:00:00+00:00,0.0
2011-01-17 21:15:00+00:00,0.0
2011-01-17 21:30:00+00:00,0.0
2011-01-17 21:45:00+00:00,0.0
2011-01-17 22:00:00+00:00,0.0
2011-01-17 22:15:00+00:00,0.0
2011-01-17 22:30:00+00:00,0.0
2011-01-17 22:45:00+00:00,0.0
2011-01-17 23:00:00+00:00,0.0
2011-01-17 23:15:00+00:00,0.0
2011-01-17 23:30:00+00:00,0.0
2011-01-17 23:45:00+00:00,0.0
2011-01-18 00:00:00+00:00,0.0
2011-01-18 00:15:00+00:00,0.0
2011-01-18 00:30:00+00:00,0.0
2011-01-18 00:45:00+00:00,0.0
2011-01-18 01:00:00+00:00,0.0
2011-01-18 01:15:00+00:00,0.0
2011-01-18 01:30:00+00:00,0.0
2011-01-18 01:45:00+00:00,0.0
2011-01-18 02:00:00+00:00,0.0
2011-01-18 02:15:00+00:00,0.0
2011-01-18 02:30:00+00:00,0.0
2011-01-18 02:45:00+00:00,0.0
2011-01-18 03:00:00+00:00,0.0
2011-01-18 03:15:00+00:00,0.0
2011-01-18 03:30:00+00:00,0.0
2011-01-18 03:45:00+00:00,0.0
2011-01-18 04:00:00+00:00,0.0
2011-01-18 04:15:00+00:00,0.0
2011-01-18 04:30:00+00:00,0.0
2011-01-18 04:45:00+00:00,0.0
2011-01-18 05:00:00+00:00,0.0
2011-01-18 05:15:00+00:00,0.0
2011-01-18 05:30:00+00:00,0.0
2011-01-18 05:45:00+00:00,0.0
2011-01-18 06:00:00+00:00,0.0
2011-01-18 06:15:00+00:00,0.0
2011-01-18 06:30:00+00:00,0.0
2011-01-18 06:45:00+00:00,0.0
2011-01-18 07:00:00+00:00,0.0
2011-01-18 07:15:00+00:00,0.0
2011-01-18 07:30:00+00:00,0.0
2011-01-18 07:45:00+00:00,0.0
2011-01-18 08:00:00+00:00,0.0
2011-01-18 08:15:00+00:00,0.0
2011-01-18 08:30:00+00:00,0.0
2011-01-18 08:45:00+00:00,0.0
2011-01-18 09:00:00+00:00,0.003865955
2011-01-18 09:15:00+00:00,0.006129921
2011-01-18 09:30:00+00:00,0.016033121
2011-01-18 09:45:00+00:00,0.018482439
2011-01-18 10:00:00+00:00,0.039202369
2011-01-18 10:15:00+00:00,0.058373267
2011-01-18 10:30:00+00:00,0.069838738
2011-01-18 10:45:00+00:00,0.081635193
2011-01-18 11:00:00+00:00,0.095377874
2011-01-18 11:15:00+00:00,0.156849194
2011-01-18 11:30:00+00:00,0.226145114
2011-01-18 11:45:00+00:00,0.255801754
2011-01-18 12:00:00+00:00,0.264526622
2011-01-18 12:15:00+00:00,0.370760929
2011-01-18 12:30:00+00:00,0.485534771
2011-01-18 12:45:00+00:00,0.358964466
2011-01-18 13:00:00+00:00,0.294487772
2011-01-18 13:15:00+00:00,0.259627989
2011-01-18 13:30:00+00:00,0.194555498
2011-01-18 13:45:00+00:00,0.195813251
2011-01-18 14:00:00+00:00,0.171068493
2011-01-18 14:15:00+00:00,0.183844672
2011-01-18 14:30:00+00:00,0.198434686
2011-01-18 14:45:00+00:00,0.19088813
2011-01-18 15:00:00+00:00,0.108683634
2011-01-18 15:15:00+00:00,0.099892561
2011-01-18 15:30:00+00:00,0.083369577
2011-01-18 15:45:00+00:00,0.07431371
2011-01-18 16:00:00+00:00,0.026359986
2011-01-18 16:15:00+00:00,0.011200677
2011-01-18 16:30:00+00:00,0.007837826
2011-01-18 16:45:00+00:00,0.001707905
2011-01-18 17:00:00+00:00,0.0
2011-01-18 17:15:00+00:00,0.0
2011-01-18 17:30:00+00:00,0.0
2011-01-18 17:45:00+00:00,0.0
2011-01-18 18:00:00+00:00,0.0
2011-01-18 18:15:00+00:00,0.0
2011-01-18 18:30:00+00:00,0.0
2011-01-18 18:45:00+00:00,0.0
2011-01-18 19:00:00+00:00,0.0
2011-01-18 19:15:00+00:00,0.0
2011-01-18 19:30:00+00:00,0.0
2011-01-18 19:45:00+00:00,0.0
2011-01-18 20:00:00+00:00,0.0
2011-01-18 20:15:00+00:00,0.0
2011-01-18 20:30:00+00:00,0.0
2011-01-18 20:45:00+00:00,0.0
2011-01-18 21:00:00+00:00,0.0
2011-01-18 21:15:00+00:00,0.0
2011-01-18 21:30:00+00:00,0.0
2011-01-18 21:45:00+00:00,0.0
2011-01-18 22:00:00+00:00,0.0
2011-01-18 22:15:00+00:00,0.0
2011-01-18 22:30:00+00:00,0.0
2011-01-18 22:45:00+00:00,0.0
2011-01-18 23:00:00+00:00,0.0
2011-01-18 23:15:00+00:00,0.0
2011-01-18 23:30:00+00:00,0.0
2011-01-18 23:45:00+00:00,0.0
2011-01-19 00:00:00+00:00,0.0
2011-01-19 00:15:00+00:00,0.0
2011-01-19 00:30:00+00:00,0.0
2011-01-19 00:45:00+00:00,0.0
2011-01-19 01:00:00+00:00,0.0
2011-01-19 01:15:00+00:00,0.0
2011-01-19 01:30:00+00:00,0.0
2011-01-19 01:45:00+00:00,0.0
2011-01-19 02:00:00+00:00,0.0
2011-01-19 02:15:00+00:00,0.0
2011-01-19 02:30:00+00:00,0.0
2011-01-19 02:45:00+00:00,0.0
2011-01-19 03:00:00+00:00,0.0
2011-01-19 03:15:00+00:00,0.0
2011-01-19 03:30:00+00:00,0.0
2011-01-19 03:45:00+00:00,0.0
2011-01-19 04:00:00+00:00,0.0
2011-01-19 04:15:00+00:00,0.0
2011-01-19 04:30:00+00:00,0.0
2011-01-19 04:45:00+00:00,0.0
2011-01-19 05:00:00+00:00,0.0
2011-01-19 05:15:00+00:00,0.0
2011-01-19 05:30:00+00:00,0.0
2011-01-19 05:45:00+00:00,0.0
2011-01-19 06:00:00+00:00,0.0
2011-01-19 06:15:00+00:00,0.0
2011-01-19 06:30:00+00:00,0.0
2011-01-19 06:45:00+00:00,0.0
2011-01-19 07:00:00+00:00,0.0
2011-01-19 07:15:00+00:00,0.0
2011-01-19 07:30:00+00:00,0.0
2011-01-19 07:45:00+00:00,0.001072405
2011-01-19 08:00:00+00:00,0.007189087
2011-01-19 08:15:00+00:00,0.024506445
2011-01-19 08:30:00+00:00,0.035084861
2011-01-19 08:45:00+00:00,0.104420494
2011-01-19 09:00:00+00:00,0.092769671
2011-01-19 09:15:00+00:00,0.164978284
2011-01-19 09:30:00+00:00,0.257178661
2011-01-19 09:45:00+00:00,0.308468744
2011-01-19 10:00:00+00:00,0.442903358
2011-01-19 10:15:00+00:00,0.544768597
2011-01-19 10:30:00+00:00,0.511245994
2011-01-19 10:45:00+00:00,0.672186233
2011-01-19 11:00:00+00:00,0.418238038
2011-01-19 11:15:00+00:00,0.401278148
2011-01-19 11:30:00+00:00,0.549958526
2011-01-19 11:45:00+00:00,0.495768964
2011-01-19 12:00:00+00:00,0.326156831
2011-01-19 12:15:00+00:00,0.296698779
2011-01-19 12:30:00+00:00,0.358805619
2011-01-19 12:45:00+00:00,0.279632981
2011-01-19 13:00:00+00:00,0.295997071
2011-01-19 13:15:00+00:00,0.322582141
2011-01-19 13:30:00+00:00,0.25781416
2011-01-19 13:45:00+00:00,0.211727218
2011-01-19 14:00:00+00:00,0.239781865
2011-01-19 14:15:00+00:00,0.202644869
2011-01-19 14:30:00+00:00,0.135387843
2011-01-19 14:45:00+00:00,0.118202887
2011-01-19 15:00:00+00:00,0.12480944
2011-01-19 15:15:00+00:00,0.095576461
2011-01-19 15:30:00+00:00,0.072288056
2011-01-19 15:45:00+00:00,0.051276857
2011-01-19 16:00:00+00:00,0.041638451
2011-01-19 16:15:00+00:00,0.029060857
2011-01-19 16:30:00+00:00,0.01449733
2011-01-19 16:45:00+00:00,0.001668186
2011-01-19 17:00:00+00:00,0.0
2011-01-19 17:15:00+00:00,0.0
2011-01-19 17:30:00+00:00,0.0
2011-01-19 17:45:00+00:00,0.0
2011-01-19 18:00:00+00:00,0.0
2011-01-19 18:15:00+00:00,0.0
2011-01-19 18:30:00+00:00,0.0
2011-01-19 18:45:00+00:00,0.0
2011-01-19 19:00:00+00:00,0.0
2011-01-19 19:15:00+00:00,0.0
2011-01-19 19:30:00+00:00,0.0
2011-01-19 19:45:00+00:00,0.0
2011-01-19 20:00:00+00:00,0.0
2011-01-19 20:15:00+00:00,0.0
2011-01-19 20:30:00+00:00,0.0
2011-01-19 20:45:00+00:00,0.0
2011-01-19 21:00:00+00:00,0.0
2011-01-19 21:15:00+00:00,0.0
2011-01-19 21:30:00+00:00,0.0
2011-01-19 21:45:00+00:00,0.0
2011-01-19 22:00:00+00:00,0.0
2011-01-19 22:15:00+00:00,0.0
2011-01-19 22:30:00+00:00,0.0
2011-01-19 22:45:00+00:00,0.0
2011-01-19 23:00:00+00:00,0.0
2011-01-19 23:15:00+00:00,0.0
2011-01-19 23:30:00+00:00,0.0
2011-01-19 23:45:00+00:00,0.0
2011-01-20 00:00:00+00:00,0.0
2011-01-20 00:15:00+00:00,0.0
2011-01-20 00:30:00+00:00,0.0
2011-01-20 00:45:00+00:00,0.0
2011-01-20 01:00:00+00:00,0.0
2011-01-20 01:15:00+00:00,0.0
2011-01-20 01:30:00+00:00,0.0
2011-01-20 01:45:00+00:00,0.0
2011-01-20 02:00:00+00:00,0.0
2011-01-20 02:15:00+00:00,0.0
2011-01-20 02:30:00+00:00,0.0
2011-01-20 02:45:00+00:00,0.0
2011-01-20 03:00:00+00:00,0.0
2011-01-20 03:15:00+00:00,0.0
2011-01-20 03:30:00+00:00,0.0
2011-01-20 03:45:00+00:00,0.0
2011-01-20 04:00:00+00:00,0.0
2011-01-20 04:15:00+00:00,0.0
2011-01-20 04:30:00+00:00,0.0
2011-01-20 04:45:00+00:00,0.0
2011-01-20 05:00:00+00:00,0.0
2011-01-20 05:15:00+00:00,0.0
2011-01-20 05:30:00+00:00,0.0
2011-01-20 05:45:00+00:00,0.0
2011-01-20 06:00:00+00:00,0.0
2011-01-20 06:15:00+00:00,0.0
2011-01-20 06:30:00+00:00,0.0
2011-01-20 06:45:00+00:00,0.0
2011-01-20 07:00:00+00:00,0.0
2011-01-20 07:15:00+00:00,0.0
2011-01-20 07:30:00+00:00,0.008327689
2011-01-20 07:45:00+00:00,0.020150626
2011-01-20 08:00:00+00:00,0.03243695
2011-01-20 08:15:00+00:00,0.045080738
2011-01-20 08:30:00+00:00,0.070066291
2011-01-20 08:45:00+00:00,0.108701603
2011-01-20 09:00:00+00:00,0.107372916
2011-01-20 09:15:00+00:00,0.139981975
2011-01-20 09:30:00+00:00,0.16868537
2011-01-20 09:45:00+00:00,0.195138032
2011-01-20 10:00:00+00:00,0.212336235
2011-01-20 10:15:00+00:00,0.282333856
2011-01-20 10:30:00+00:00,0.360685624
2011-01-20 10:45:00+00:00,0.336152693
2011-01-20 11:00:00+00:00,0.299915995
2011-01-20 11:15:00+00:00,0.285167122
2011-01-20 11:30:00+00:00,0.314069097
2011-01-20 11:45:00+00:00,0.40728892
2011-01-20 12:00:00+00:00,0.570148852
2011-01-20 12:15:00+00:00,0.5371294
2011-01-20 12:30:00+00:00,0.427240942
2011-01-20 12:45:00+00:00,0.590100905
2011-01-20 13:00:00+00:00,0.704199505
2011-01-20 13:15:00+00:00,0.638743083
2011-01-20 13:30:00+00:00,0.591530779
2011-01-20 13:45:00+00:00,0.530787654
2011-01-20 14:00:00+00:00,0.52239373
2011-01-20 14:15:00+00:00,0.437528104
2011-01-20 14:30:00+00:00,0.338416657
2011-01-20 14:45:00+00:00,0.274959415
2011-01-20 15:00:00+00:00,0.161191768
2011-01-20 15:15:00+00:00,0.193443374
2011-01-20 15:30:00+00:00,0.161271207
2011-01-20 15:45:00+00:00,0.128384124
2011-01-20 16:00:00+00:00,0.072129181
2011-01-20 16:15:00+00:00,0.04688132
2011-01-20 16:30:00+00:00,0.020574293
2011-01-20 16:45:00+00:00,0.001906498
2011-01-20 17:00:00+00:00,0.0
2011-01-20 17:15:00+00:00,0.0
2011-01-20 17:30:00+00:00,0.0
2011-01-20 17:45:00+00:00,0.0
2011-01-20 18:00:00+00:00,0.0
2011-01-20 18:15:00+00:00,0.0
2011-01-20 18:30:00+00:00,0.0
2011-01-20 18:45:00+00:00,0.0
2011-01-20 19:00:00+00:00,0.0
2011-01-20 19:15:00+00:00,0.0
2011-01-20 19:30:00+00:00,0.0
2011-01-20 19:45:00+00:00,0.0
2011-01-20 20:00:00+00:00,0.0
2011-01-20 20:15:00+00:00,0.0
2011-01-20 20:30:00+00:00,0.0
2011-01-20 20:45:00+00:00,0.0
2011-01-20 21:00:00+00:00,0.0
2011-01-20 21:15:00+00:00,0.0
2011-01-20 21:30:00+00:00,0.0
2011-01-20 21:45:00+00:00,0.0
2011-01-20 22:00:00+00:00,0.0
2011-01-20 22:15:00+00:00,0.0
2011-01-20 22:30:00+00:00,0.0
2011-01-20 22:45:00+00:00,0.0
2011-01-20 23:00:00+00:00,0.0
2011-01-20 23:15:00+00:00,0.0
2011-01-20 23:30:00+00:00,0.0
2011-01-20 23:45:00+00:00,0.0
2011-01-21 00:00:00+00:00,0.0
2011-01-21 00:15:00+00:00,0.0
2011-01-21 00:30:00+00:00,0.0
2011-01-21 00:45:00+00:00,0.0
2011-01-21 01:00:00+00:00,0.0
2011-01-21 01:15:00+00:00,0.0
2011-01-21 01:30:00+00:00,0.0
2011-01-21 01:45:00+00:00,0.0
2011-01-21 02:00:00+00:00,0.0
2011-01-21 02:15:00+00:00,0.0
2011-01-21 02:30:00+00:00,0.0
2011-01-21 02:45:00+00:00,0.0
2011-01-21 03:00:00+00:00,0.0
2011-01-21 03:15:00+00:00,0.0
2011-01-21 03:30:00+00:00,0.0
2011-01-21 03:45:00+00:00,0.0
2011-01-21 04:00:00+00:00,0.0
2011-01-21 04:15:00+00:00,0.0
2011-01-21 04:30:00+00:00,0.0
2011-01-21 04:45:00+00:00,0.0
2011-01-21 05:00:00+00:00,0.0
2011-01-21 05:15:00+00:00,0.0
2011-01-21 05:30:00+00:00,0.0
2011-01-21 05:45:00+00:00,0.0
2011-01-21 06:00:00+00:00,0.0
2011-01-21 06:15:00+00:00,0.0
2011-01-21 06:30:00+00:00,0.0
2011-01-21 06:45:00+00:00,0.0
2011-01-21 07:00:00+00:00,0.0
2011-01-21 07:15:00+00:00,0.0
2011-01-21 07:30:00+00:00,0.0
2011-01-21 07:45:00+00:00,0.0
2011-01-21 08:00:00+00:00,0.0
2011-01-21 08:15:00+00:00,0.0
2011-01-21 08:30:00+00:00,0.002700872
2011-01-21 08:45:00+00:00,0.01265703
2011-01-21 09:00:00+00:00,0.024148977
2011-01-21 09:15:00+00:00,0.034740634
2011-01-21 09:30:00+00:00,0.042101835
2011-01-21 09:45:00+00:00,0.044352563
2011-01-21 10:00:00+00:00,0.068117591
2011-01-21 10:15:00+00:00,0.087235531
2011-01-21 10:30:00+00:00,0.115541733
2011-01-21 10:45:00+00:00,0.134116845
2011-01-21 11:00:00+00:00,0.159338227
2011-01-21 11:15:00+00:00,0.139240568
2011-01-21 11:30:00+00:00,0.245832349
2011-01-21 11:45:00+00:00,0.552010661
2011-01-21 12:00:00+00:00,0.674480471
2011-01-21 12:15:00+00:00,0.734771349
2011-01-21 12:30:00+00:00,0.764955934
2011-01-21 12:45:00+00:00,0.763698179
2011-01-21 13:00:00+00:00,0.798147519
2011-01-21 13:15:00+00:00,0.651759241
2011-01-21 13:30:00+00:00,0.728110186
2011-01-21 13:45:00+00:00,0.696652005
2011-01-21 14:00:00+00:00,0.375858172
2011-01-21 14:15:00+00:00,0.550077678
2011-01-21 14:30:00+00:00,0.269107517
2011-01-21 14:45:00+00:00,0.267293702
2011-01-21 15:00:00+00:00,0.268008641
2011-01-21 15:15:00+00:00,0.361930159
2011-01-21 15:30:00+00:00,0.243846414
2011-01-21 15:45:00+00:00,0.143291878
2011-01-21 16:00:00+00:00,0.058293828
2011-01-21 16:15:00+00:00,0.029232972
2011-01-21 16:30:00+00:00,0.013954507
2011-01-21 16:45:00+00:00,0.00741416
2011-01-21 17:00:00+00:00,0.0
2011-01-21 17:15:00+00:00,0.0
2011-01-21 17:30:00+00:00,0.0
2011-01-21 17:45:00+00:00,0.0
2011-01-21 18:00:00+00:00,0.0
2011-01-21 18:15:00+00:00,0.0
2011-01-21 18:30:00+00:00,0.0
2011-01-21 18:45:00+00:00,0.0
2011-01-21 19:00:00+00:00,0.0
2011-01-21 19:15:00+00:00,0.0
2011-01-21 19:30:00+00:00,0.0
2011-01-21 19:45:00+00:00,0.0
2011-01-21 20:00:00+00:00,0.0
2011-01-21 20:15:00+00:00,0.0
2011-01-21 20:30:00+00:00,0.0
2011-01-21 20:45:00+00:00,0.0
2011-01-21 21:00:00+00:00,0.0
2011-01-21 21:15:00+00:00,0.0
2011-01-21 21:30:00+00:00,0.0
2011-01-21 21:45:00+00:00,0.0
2011-01-21 22:00:00+00:00,0.0
2011-01-21 22:15:00+00:00,0.0
2011-01-21 22:30:00+00:00,0.0
2011-01-21 22:45:00+00:00,0.0
2011-01-21 23:00:00+00:00,0.0
2011-01-21 23:15:00+00:00,0.0
2011-01-21 23:30:00+00:00,0.0
2011-01-21 23:45:00+00:00,0.0
2011-01-22 00:00:00+00:00,0.0
2011-01-22 00:15:00+00:00,0.0
2011-01-22 00:30:00+00:00,0.0
2011-01-22 00:45:00+00:00,0.0
2011-01-22 01:00:00+00:00,0.0
2011-01-22 01:15:00+00:00,0.0
2011-01-22 01:30:00+00:00,0.0
2011-01-22 01:45:00+00:00,0.0
2011-01-22 02:00:00+00:00,0.0
2011-01-22 02:15:00+00:00,0.0
2011-01-22 02:30:00+00:00,0.0
2011-01-22 02:45:00+00:00,0.0
2011-01-22 03:00:00+00:00,0.0
2011-01-22 03:15:00+00:00,0.0
2011-01-22 03:30:00+00:00,0.0
2011-01-22 03:45:00+00:00,0.0
2011-01-22 04:00:00+00:00,0.0
2011-01-22 04:15:00+00:00,0.0
2011-01-22 04:30:00+00:00,0.0
2011-01-22 04:45:00+00:00,0.0
2011-01-22 05:00:00+00:00,0.0
2011-01-22 05:15:00+00:00,0.0
2011-01-22 05:30:00+00:00,0.0
2011-01-22 05:45:00+00:00,0.0
2011-01-22 06:00:00+00:00,0.0
2011-01-22 06:15:00+00:00,0.0
2011-01-22 06:30:00+00:00,0.0
2011-01-22 06:45:00+00:00,0.0
2011-01-22 07:00:00+00:00,0.0
2011-01-22 07:15:00+00:00,0.0
2011-01-22 07:30:00+00:00,0.011319833
2011-01-22 07:45:00+00:00,0.026783652
2011-01-22 08:00:00+00:00,0.044577635
2011-01-22 08:15:00+00:00,0.062768805
2011-01-22 08:30:00+00:00,0.099786643
2011-01-22 08:45:00+00:00,0.136301374
2011-01-22 09:00:00+00:00,0.130249016
2011-01-22 09:15:00+00:00,0.149924892
2011-01-22 09:30:00+00:00,0.176178961
2011-01-22 09:45:00+00:00,0.177224893
2011-01-22 10:00:00+00:00,0.23529365
2011-01-22 10:15:00+00:00,0.231877841
2011-01-22 10:30:00+00:00,0.234843506
2011-01-22 10:45:00+00:00,0.307912684
2011-01-22 11:00:00+00:00,0.299915995
2011-01-22 11:15:00+00:00,0.333279713
2011-01-22 11:30:00+00:00,0.347035642
2011-01-22 11:45:00+00:00,0.36524003
2011-01-22 12:00:00+00:00,0.377539612
2011-01-22 12:15:00+00:00,0.339158082
2011-01-22 12:30:00+00:00,0.323338685
2011-01-22 12:45:00+00:00,0.333306182
2011-01-22 13:00:00+00:00,0.331651246
2011-01-22 13:15:00+00:00,0.340270206
2011-01-22 13:30:00+00:00,0.305569296
2011-01-22 13:45:00+00:00,0.338416657
2011-01-22 14:00:00+00:00,0.36065916
2011-01-22 14:15:00+00:00,0.396074997
2011-01-22 14:30:00+00:00,0.433834264
2011-01-22 14:45:00+00:00,0.403449443
2011-01-22 15:00:00+00:00,0.390964527
2011-01-22 15:15:00+00:00,0.292740138
2011-01-22 15:30:00+00:00,0.307872988
2011-01-22 15:45:00+00:00,0.171452446
2011-01-22 16:00:00+00:00,0.06479446
2011-01-22 16:15:00+00:00,0.027657462
2011-01-22 16:30:00+00:00,0.017449755
2011-01-22 16:45:00+00:00,0.009360376
2011-01-22 17:00:00+00:00,0.000966489
2011-01-22 17:15:00+00:00,0.0
2011-01-22 17:30:00+00:00,0.0
2011-01-22 17:45:00+00:00,0.0
2011-01-22 18:00:00+00:00,0.0
2011-01-22 18:15:00+00:00,0.0
2011-01-22 18:30:00+00:00,0.0
2011-01-22 18:45:00+00:00,0.0
2011-01-22 19:00:00+00:00,0.0
2011-01-22 19:15:00+00:00,0.0
2011-01-22 19:30:00+00:00,0.0
2011-01-22 19:45:00+00:00,0.0
2011-01-22 20:00:00+00:00,0.0
2011-01-22 20:15:00+00:00,0.0
2011-01-22 20:30:00+00:00,0.0
2011-01-22 20:45:00+00:00,0.0
2011-01-22 21:00:00+00:00,0.0
2011-01-22 21:15:00+00:00,0.0
2011-01-22 21:30:00+00:00,0.0
2011-01-22 21:45:00+00:00,0.0
2011-01-22 22:00:00+00:00,0.0
2011-01-22 22:15:00+00:00,0.0
2011-01-22 22:30:00+00:00,0.0
2011-01-22 22:45:00+00:00,0.0
2011-01-22 23:00:00+00:00,0.0
2011-01-22 23:15:00+00:00,0.0
2011-01-22 23:30:00+00:00,0.0
2011-01-22 23:45:00+00:00,0.0
2011-01-23 00:00:00+00:00,0.0
2011-01-23 00:15:00+00:00,0.0
2011-01-23 00:30:00+00:00,0.0
2011-01-23 00:45:00+00:00,0.0
2011-01-23 01:00:00+00:00,0.0
2011-01-23 01:15:00+00:00,0.0
2011-01-23 01:30:00+00:00,0.0
2011-01-23 01:45:00+00:00,0.0
2011-01-23 02:00:00+00:00,0.0
2011-01-23 02:15:00+00:00,0.0
2011-01-23 02:30:00+00:00,0.0
2011-01-23 02:45:00+00:00,0.0
2011-01-23 03:00:00+00:00,0.0
2011-01-23 03:15:00+00:00,0.0
2011-01-23 03:30:00+00:00,0.0
2011-01-23 03:45:00+00:00,0.0
2011-01-23 04:00:00+00:00,0.0
2011-01-23 04:15:00+00:00,0.0
2011-01-23 04:30:00+00:00,0.0
2011-01-23 04:45:00+00:00,0.0
2011-01-23 05:00:00+00:00,0.0
2011-01-23 05:15:00+00:00,0.0
2011-01-23 05:30:00+00:00,0.0
2011-01-23 05:45:00+00:00,0.0
2011-01-23 06:00:00+00:00,0.0
2011-01-23 06:15:00+00:00,0.0
2011-01-23 06:30:00+00:00,0.0
2011-01-23 06:45:00+00:00,0.0
2011-01-23 07:00:00+00:00,0.0
2011-01-23 07:15:00+00:00,0.0
2011-01-23 07:30:00+00:00,0.010459262
2011-01-23 07:45:00+00:00,0.023831227
2011-01-23 08:00:00+00:00,0.048549506
2011-01-23 08:15:00+00:00,0.074260752
2011-01-23 08:30:00+00:00,0.083819719
2011-01-23 08:45:00+00:00,0.104063026
2011-01-23 09:00:00+00:00,0.137704775
2011-01-23 09:15:00+00:00,0.369834172
2011-01-23 09:30:00+00:00,0.513271688
2011-01-23 09:45:00+00:00,0.398520542
2011-01-23 10:00:00+00:00,0.420316651
2011-01-23 10:15:00+00:00,0.448093265
2011-01-23 10:30:00+00:00,0.425387406
2011-01-23 10:45:00+00:00,0.330353763
2011-01-23 11:00:00+00:00,0.310971043
2011-01-23 11:15:00+00:00,0.289019841
2011-01-23 11:30:00+00:00,0.295480739
2011-01-23 11:45:00+00:00,0.568758733
2011-01-23 12:00:00+00:00,0.574213421
2011-01-23 12:15:00+00:00,0.701405995
2011-01-23 12:30:00+00:00,0.776646458
2011-01-23 12:45:00+00:00,0.619373596
2011-01-23 13:00:00+00:00,0.294170014
2011-01-23 13:15:00+00:00,0.406362143
2011-01-23 13:30:00+00:00,0.294130317
2011-01-23 13:45:00+00:00,0.531740863
2011-01-23 14:00:00+00:00,0.669366238
2011-01-23 14:15:00+00:00,0.625503534
2011-01-23 14:30:00+00:00,0.473817763
2011-01-23 14:45:00+00:00,0.540439271
2011-01-23 15:00:00+00:00,0.474638609
2011-01-23 15:15:00+00:00,0.400775053
2011-01-23 15:30:00+00:00,0.29574553
2011-01-23 15:45:00+00:00,0.172048215
2011-01-23 16:00:00+00:00,0.071321568
2011-01-23 16:15:00+00:00,0.033668227
2011-01-23 16:30:00+00:00,0.022560228
2011-01-23 16:45:00+00:00,0.012935061
2011-01-23 17:00:00+00:00,0.001496071
2011-01-23 17:15:00+00:00,0.0
2011-01-23 17:30:00+00:00,0.0
2011-01-23 17:45:00+00:00,0.0
2011-01-23 18:00:00+00:00,0.0
2011-01-23 18:15:00+00:00,0.0
2011-01-23 18:30:00+00:00,0.0
2011-01-23 18:45:00+00:00,0.0
2011-01-23 19:00:00+00:00,0.0
2011-01-23 19:15:00+00:00,0.0
2011-01-23 19:30:00+00:00,0.0
2011-01-23 19:45:00+00:00,0.0
2011-01-23 20:00:00+00:00,0.0
2011-01-23 20:15:00+00:00,0.0
2011-01-23 20:30:00+00:00,0.0
2011-01-23 20:45:00+00:00,0.0
2011-01-23 21:00:00+00:00,0.0
2011-01-23 21:15:00+00:00,0.0
2011-01-23 21:30:00+00:00,0.0
2011-01-23 21:45:00+00:00,0.0
2011-01-23 22:00:00+00:00,0.0
2011-01-23 22:15:00+00:00,0.0
2011-01-23 22:30:00+00:00,0.0
2011-01-23 22:45:00+00:00,0.0
2011-01-23 23:00:00+00:00,0.0
2011-01-23 23:15:00+00:00,0.0
2011-01-23 23:30:00+00:00,0.0
2011-01-23 23:45:00+00:00,0.0
2011-01-24 00:00:00+00:00,0.0
2011-01-24 00:15:00+00:00,0.0
2011-01-24 00:30:00+00:00,0.0
2011-01-24 00:45:00+00:00,0.0
2011-01-24 01:00:00+00:00,0.0
2011-01-24 01:15:00+00:00,0.0
2011-01-24 01:30:00+00:00,0.0
2011-01-24 01:45:00+00:00,0.0
2011-01-24 02:00:00+00:00,0.0
2011-01-24 02:15:00+00:00,0.0
2011-01-24 02:30:00+00:00,0.0
2011-01-24 02:45:00+00:00,0.0
2011-01-24 03:00:00+00:00,0.0
2011-01-24 03:15:00+00:00,0.0
2011-01-24 03:30:00+00:00,0.0
2011-01-24 03:45:00+00:00,0.0
2011-01-24 04:00:00+00:00,0.0
2011-01-24 04:15:00+00:00,0.0
2011-01-24 04:30:00+00:00,0.0
2011-01-24 04:45:00+00:00,0.0
2011-01-24 05:00:00+00:00,0.0
2011-01-24 05:15:00+00:00,0.0
2011-01-24 05:30:00+00:00,0.0
2011-01-24 05:45:00+00:00,0.0
2011-01-24 06:00:00+00:00,0.0
2011-01-24 06:15:00+00:00,0.0
2011-01-24 06:30:00+00:00,0.0
2011-01-24 06:45:00+00:00,0.0
2011-01-24 07:00:00+00:00,0.0
2011-01-24 07:15:00+00:00,0.000357468
2011-01-24 07:30:00+00:00,0.009916438
2011-01-24 07:45:00+00:00,0.020256543
2011-01-24 08:00:00+00:00,0.028849024
2011-01-24 08:15:00+00:00,0.073042712
2011-01-24 08:30:00+00:00,0.19254307
2011-01-24 08:45:00+00:00,0.236419019
2011-01-24 09:00:00+00:00,0.332313214
2011-01-24 09:15:00+00:00,0.455030798
2011-01-24 09:30:00+00:00,0.530218322
2011-01-24 09:45:00+00:00,0.577483565
2011-01-24 10:00:00+00:00,0.614302827
2011-01-24 10:15:00+00:00,0.648540399
2011-01-24 10:30:00+00:00,0.677071617
2011-01-24 10:45:00+00:00,0.699420059
2011-01-24 11:00:00+00:00,0.718074596
2011-01-24 11:15:00+00:00,0.731221489
2011-01-24 11:30:00+00:00,0.74416979
2011-01-24 11:45:00+00:00,0.751491293
2011-01-24 12:00:00+00:00,0.739535923
2011-01-24 12:15:00+00:00,0.750895476
2011-01-24 12:30:00+00:00,0.747188412
2011-01-24 12:45:00+00:00,0.741508636
2011-01-24 13:00:00+00:00,0.725051829
2011-01-24 13:15:00+00:00,0.598190312
2011-01-24 13:30:00+00:00,0.626893651
2011-01-24 13:45:00+00:00,0.630455117
2011-01-24 14:00:00+00:00,0.527504215
2011-01-24 14:15:00+00:00,0.442956305
2011-01-24 14:30:00+00:00,0.54962186
2011-01-24 14:45:00+00:00,0.503831863
2011-01-24 15:00:00+00:00,0.373236737
2011-01-24 15:15:00+00:00,0.372654197
2011-01-24 15:30:00+00:00,0.313806189
2011-01-24 15:45:00+00:00,0.184559618
2011-01-24 16:00:00+00:00,0.063907408
2011-01-24 16:15:00+00:00,0.043187478
2011-01-24 16:30:00+00:00,0.041095626
2011-01-24 16:45:00+00:00,0.01326605
2011-01-24 17:00:00+00:00,0.0
2011-01-24 17:15:00+00:00,0.0
2011-01-24 17:30:00+00:00,0.0
2011-01-24 17:45:00+00:00,0.0
2011-01-24 18:00:00+00:00,0.0
2011-01-24 18:15:00+00:00,0.0
2011-01-24 18:30:00+00:00,0.0
2011-01-24 18:45:00+00:00,0.0
2011-01-24 19:00:00+00:00,0.0
2011-01-24 19:15:00+00:00,0.0
2011-01-24 19:30:00+00:00,0.0
2011-01-24 19:45:00+00:00,0.0
2011-01-24 20:00:00+00:00,0.0
2011-01-24 20:15:00+00:00,0.0
2011-01-24 20:30:00+00:00,0.0
2011-01-24 20:45:00+00:00,0.0
2011-01-24 21:00:00+00:00,0.0
2011-01-24 21:15:00+00:00,0.0
2011-01-24 21:30:00+00:00,0.0
2011-01-24 21:45:00+00:00,0.0
2011-01-24 22:00:00+00:00,0.0
2011-01-24 22:15:00+00:00,0.0
2011-01-24 22:30:00+00:00,0.0
2011-01-24 22:45:00+00:00,0.0
2011-01-24 23:00:00+00:00,0.0
2011-01-24 23:15:00+00:00,0.0
2011-01-24 23:30:00+00:00,0.0
2011-01-24 23:45:00+00:00,0.0
2011-01-25 00:00:00+00:00,0.0
2011-01-25 00:15:00+00:00,0.0
2011-01-25 00:30:00+00:00,0.0
2011-01-25 00:45:00+00:00,0.0
2011-01-25 01:00:00+00:00,0.0
2011-01-25 01:15:00+00:00,0.0
2011-01-25 01:30:00+00:00,0.0
2011-01-25 01:45:00+00:00,0.0
2011-01-25 02:00:00+00:00,0.0
2011-01-25 02:15:00+00:00,0.0
2011-01-25 02:30:00+00:00,0.0
2011-01-25 02:45:00+00:00,0.0
2011-01-25 03:00:00+00:00,0.0
2011-01-25 03:15:00+00:00,0.0
2011-01-25 03:30:00+00:00,0.0
2011-01-25 03:45:00+00:00,0.0
2011-01-25 04:00:00+00:00,0.0
2011-01-25 04:15:00+00:00,0.0
2011-01-25 04:30:00+00:00,0.0
2011-01-25 04:45:00+00:00,0.0
2011-01-25 05:00:00+00:00,0.0
2011-01-25 05:15:00+00:00,0.0
2011-01-25 05:30:00+00:00,0.0
2011-01-25 05:45:00+00:00,0.0
2011-01-25 06:00:00+00:00,0.0
2011-01-25 06:15:00+00:00,0.0
2011-01-25 06:30:00+00:00,0.0
2011-01-25 06:45:00+00:00,0.0
2011-01-25 07:00:00+00:00,0.0
2011-01-25 07:15:00+00:00,0.0
2011-01-25 07:30:00+00:00,0.003812996
2011-01-25 07:45:00+00:00,0.022639666
2011-01-25 08:00:00+00:00,0.03263554
2011-01-25 08:15:00+00:00,0.03546881
2011-01-25 08:30:00+00:00,0.026386465
2011-01-25 08:45:00+00:00,0.022123323
2011-01-25 09:00:00+00:00,0.032013282
2011-01-25 09:15:00+00:00,0.065959541
2011-01-25 09:30:00+00:00,0.069468027
2011-01-25 09:45:00+00:00,0.141425088
2011-01-25 10:00:00+00:00,0.152413937
2011-01-25 10:15:00+00:00,0.173385405
2011-01-25 10:30:00+00:00,0.191430946
2011-01-25 10:45:00+00:00,0.25144593
2011-01-25 11:00:00+00:00,0.259707414
2011-01-25 11:15:00+00:00,0.230037546
2011-01-25 11:30:00+00:00,0.203505444
2011-01-25 11:45:00+00:00,0.26615509
2011-01-25 12:00:00+00:00,0.259389656
2011-01-25 12:15:00+00:00,0.241052864
2011-01-25 12:30:00+00:00,0.246851796
2011-01-25 12:45:00+00:00,0.267505526
2011-01-25 13:00:00+00:00,0.283498913
2011-01-25 13:15:00+00:00,0.334709587
2011-01-25 13:30:00+00:00,0.326395136
2011-01-25 13:45:00+00:00,0.424765159
2011-01-25 14:00:00+00:00,0.378837076
2011-01-25 14:15:00+00:00,0.289853932
2011-01-25 14:30:00+00:00,0.351404694
2011-01-25 14:45:00+00:00,0.206232787
2011-01-25 15:00:00+00:00,0.182030857
2011-01-25 15:15:00+00:00,0.153896763
2011-01-25 15:30:00+00:00,0.12310153
2011-01-25 15:45:00+00:00,0.102156527
2011-01-25 16:00:00+00:00,0.097893389
2011-01-25 16:15:00+00:00,0.067799842
2011-01-25 16:30:00+00:00,0.030437773
2011-01-25 16:45:00+00:00,0.014139862
2011-01-25 17:00:00+00:00,0.000767895
2011-01-25 17:15:00+00:00,0.0
2011-01-25 17:30:00+00:00,0.0
2011-01-25 17:45:00+00:00,0.0
2011-01-25 18:00:00+00:00,0.0
2011-01-25 18:15:00+00:00,0.0
2011-01-25 18:30:00+00:00,0.0
2011-01-25 18:45:00+00:00,0.0
2011-01-25 19:00:00+00:00,0.0
2011-01-25 19:15:00+00:00,0.0
2011-01-25 19:30:00+00:00,0.0
2011-01-25 19:45:00+00:00,0.0
2011-01-25 20:00:00+00:00,0.0
2011-01-25 20:15:00+00:00,0.0
2011-01-25 20:30:00+00:00,0.0
2011-01-25 20:45:00+00:00,0.0
2011-01-25 21:00:00+00:00,0.0
2011-01-25 21:15:00+00:00,0.0
2011-01-25 21:30:00+00:00,0.0
2011-01-25 21:45:00+00:00,0.0
2011-01-25 22:00:00+00:00,0.0
2011-01-25 22:15:00+00:00,0.0
2011-01-25 22:30:00+00:00,0.0
2011-01-25 22:45:00+00:00,0.0
2011-01-25 23:00:00+00:00,0.0
2011-01-25 23:15:00+00:00,0.0
2011-01-25 23:30:00+00:00,0.0
2011-01-25 23:45:00+00:00,0.0
2011-01-26 00:00:00+00:00,0.0
2011-01-26 00:15:00+00:00,0.0
2011-01-26 00:30:00+00:00,0.0
2011-01-26 00:45:00+00:00,0.0
2011-01-26 01:00:00+00:00,0.0
2011-01-26 01:15:00+00:00,0.0
2011-01-26 01:30:00+00:00,0.0
2011-01-26 01:45:00+00:00,0.0
2011-01-26 02:00:00+00:00,0.0
2011-01-26 02:15:00+00:00,0.0
2011-01-26 02:30:00+00:00,0.0
2011-01-26 02:45:00+00:00,0.0
2011-01-26 03:00:00+00:00,0.0
2011-01-26 03:15:00+00:00,0.0
2011-01-26 03:30:00+00:00,0.0
2011-01-26 03:45:00+00:00,0.0
2011-01-26 04:00:00+00:00,0.0
2011-01-26 04:15:00+00:00,0.0
2011-01-26 04:30:00+00:00,0.0
2011-01-26 04:45:00+00:00,0.0
2011-01-26 05:00:00+00:00,0.0
2011-01-26 05:15:00+00:00,0.0
2011-01-26 05:30:00+00:00,0.0
2011-01-26 05:45:00+00:00,0.0
2011-01-26 06:00:00+00:00,0.0
2011-01-26 06:15:00+00:00,0.0
2011-01-26 06:30:00+00:00,0.0
2011-01-26 06:45:00+00:00,0.0
2011-01-26 07:00:00+00:00,0.0
2011-01-26 07:15:00+00:00,0.0
2011-01-26 07:30:00+00:00,0.0
2011-01-26 07:45:00+00:00,0.0
2011-01-26 08:00:00+00:00,0.0
2011-01-26 08:15:00+00:00,0.0
2011-01-26 08:30:00+00:00,0.0
2011-01-26 08:45:00+00:00,0.0
2011-01-26 09:00:00+00:00,0.0
2011-01-26 09:15:00+00:00,0.0
2011-01-26 09:30:00+00:00,0.0
2011-01-26 09:45:00+00:00,0.0
2011-01-26 10:00:00+00:00,0.0
2011-01-26 10:15:00+00:00,0.0
2011-01-26 10:30:00+00:00,0.0
2011-01-26 10:45:00+00:00,0.0
2011-01-26 11:00:00+00:00,0.0
2011-01-26 11:15:00+00:00,0.0
2011-01-26 11:30:00+00:00,0.0
2011-01-26 11:45:00+00:00,0.0
2011-01-26 12:00:00+00:00,0.0
2011-01-26 12:15:00+00:00,0.000582541
2011-01-26 12:30:00+00:00,0.000979728
2011-01-26 12:45:00+00:00,0.000714937
2011-01-26 13:00:00+00:00,0.0
2011-01-26 13:15:00+00:00,0.0
2011-01-26 13:30:00+00:00,0.0
2011-01-26 13:45:00+00:00,0.0
2011-01-26 14:00:00+00:00,0.000344229
2011-01-26 14:15:00+00:00,0.0
2011-01-26 14:30:00+00:00,0.0
2011-01-26 14:45:00+00:00,0.0
2011-01-26 15:00:00+00:00,0.0
2011-01-26 15:15:00+00:00,0.0
2011-01-26 15:30:00+00:00,0.0
2011-01-26 15:45:00+00:00,0.0
2011-01-26 16:00:00+00:00,0.0
2011-01-26 16:15:00+00:00,0.0
2011-01-26 16:30:00+00:00,0.0
2011-01-26 16:45:00+00:00,0.0
2011-01-26 17:00:00+00:00,0.0
2011-01-26 17:15:00+00:00,0.0
2011-01-26 17:30:00+00:00,0.0
2011-01-26 17:45:00+00:00,0.0
2011-01-26 18:00:00+00:00,0.0
2011-01-26 18:15:00+00:00,0.0
2011-01-26 18:30:00+00:00,0.0
2011-01-26 18:45:00+00:00,0.0
2011-01-26 19:00:00+00:00,0.0
2011-01-26 19:15:00+00:00,0.0
2011-01-26 19:30:00+00:00,0.0
2011-01-26 19:45:00+00:00,0.0
2011-01-26 20:00:00+00:00,0.0
2011-01-26 20:15:00+00:00,0.0
2011-01-26 20:30:00+00:00,0.0
2011-01-26 20:45:00+00:00,0.0
2011-01-26 21:00:00+00:00,0.0
2011-01-26 21:15:00+00:00,0.0
2011-01-26 21:30:00+00:00,0.0
2011-01-26 21:45:00+00:00,0.0
2011-01-26 22:00:00+00:00,0.0
2011-01-26 22:15:00+00:00,0.0
2011-01-26 22:30:00+00:00,0.0
2011-01-26 22:45:00+00:00,0.0
2011-01-26 23:00:00+00:00,0.0
2011-01-26 23:15:00+00:00,0.0
2011-01-26 23:30:00+00:00,0.0
2011-01-26 23:45:00+00:00,0.0
2011-01-27 00:00:00+00:00,0.0
2011-01-27 00:15:00+00:00,0.0
2011-01-27 00:30:00+00:00,0.0
2011-01-27 00:45:00+00:00,0.0
2011-01-27 01:00:00+00:00,0.0
2011-01-27 01:15:00+00:00,0.0
2011-01-27 01:30:00+00:00,0.0
2011-01-27 01:45:00+00:00,0.0
2011-01-27 02:00:00+00:00,0.0
2011-01-27 02:15:00+00:00,0.0
2011-01-27 02:30:00+00:00,0.0
2011-01-27 02:45:00+00:00,0.0
2011-01-27 03:00:00+00:00,0.0
2011-01-27 03:15:00+00:00,0.0
2011-01-27 03:30:00+00:00,0.0
2011-01-27 03:45:00+00:00,0.0
2011-01-27 04:00:00+00:00,0.0
2011-01-27 04:15:00+00:00,0.0
2011-01-27 04:30:00+00:00,0.0
2011-01-27 04:45:00+00:00,0.0
2011-01-27 05:00:00+00:00,0.0
2011-01-27 05:15:00+00:00,0.0
2011-01-27 05:30:00+00:00,0.0
2011-01-27 05:45:00+00:00,0.0
2011-01-27 06:00:00+00:00,0.0
2011-01-27 06:15:00+00:00,0.0
2011-01-27 06:30:00+00:00,0.0
2011-01-27 06:45:00+00:00,0.0
2011-01-27 07:00:00+00:00,0.0
2011-01-27 07:15:00+00:00,0.0
2011-01-27 07:30:00+00:00,0.0
2011-01-27 07:45:00+00:00,0.0
2011-01-27 08:00:00+00:00,0.0
2011-01-27 08:15:00+00:00,0.0
2011-01-27 08:30:00+00:00,0.0
2011-01-27 08:45:00+00:00,0.0
2011-01-27 09:00:00+00:00,0.0
2011-01-27 09:15:00+00:00,0.0
2011-01-27 09:30:00+00:00,0.0
2011-01-27 09:45:00+00:00,0.0
2011-01-27 10:00:00+00:00,0.0
2011-01-27 10:15:00+00:00,0.0
2011-01-27 10:30:00+00:00,0.0
2011-01-27 10:45:00+00:00,0.0
2011-01-27 11:00:00+00:00,0.0
2011-01-27 11:15:00+00:00,0.0
2011-01-27 11:30:00+00:00,0.000873812
2011-01-27 11:45:00+00:00,0.0
2011-01-27 12:00:00+00:00,0.002436081
2011-01-27 12:15:00+00:00,0.003309893
2011-01-27 12:30:00+00:00,0.00309806
2011-01-27 12:45:00+00:00,0.004607371
2011-01-27 13:00:00+00:00,0.003230455
2011-01-27 13:15:00+00:00,0.0
2011-01-27 13:30:00+00:00,0.0
2011-01-27 13:45:00+00:00,0.0
2011-01-27 14:00:00+00:00,0.0
2011-01-27 14:15:00+00:00,0.0
2011-01-27 14:30:00+00:00,0.0
2011-01-27 14:45:00+00:00,0.0
2011-01-27 15:00:00+00:00,0.0
2011-01-27 15:15:00+00:00,0.0
2011-01-27 15:30:00+00:00,0.0
2011-01-27 15:45:00+00:00,0.0
2011-01-27 16:00:00+00:00,0.0
2011-01-27 16:15:00+00:00,0.0
2011-01-27 16:30:00+00:00,0.0
2011-01-27 16:45:00+00:00,0.0
2011-01-27 17:00:00+00:00,0.0
2011-01-27 17:15:00+00:00,0.0
2011-01-27 17:30:00+00:00,0.0
2011-01-27 17:45:00+00:00,0.0
2011-01-27 18:00:00+00:00,0.0
2011-01-27 18:15:00+00:00,0.0
2011-01-27 18:30:00+00:00,0.0
2011-01-27 18:45:00+00:00,0.0
2011-01-27 19:00:00+00:00,0.0
2011-01-27 19:15:00+00:00,0.0
2011-01-27 19:30:00+00:00,0.0
2011-01-27 19:45:00+00:00,0.0
2011-01-27 20:00:00+00:00,0.0
2011-01-27 20:15:00+00:00,0.0
2011-01-27 20:30:00+00:00,0.0
2011-01-27 20:45:00+00:00,0.0
2011-01-27 21:00:00+00:00,0.0
2011-01-27 21:15:00+00:00,0.0
2011-01-27 21:30:00+00:00,0.0
2011-01-27 21:45:00+00:00,0.0
2011-01-27 22:00:00+00:00,0.0
2011-01-27 22:15:00+00:00,0.0
2011-01-27 22:30:00+00:00,0.0
2011-01-27 22:45:00+00:00,0.0
2011-01-27 23:00:00+00:00,0.0
2011-01-27 23:15:00+00:00,0.0
2011-01-27 23:30:00+00:00,0.0
2011-01-27 23:45:00+00:00,0.0
2011-01-28 00:00:00+00:00,0.0
2011-01-28 00:15:00+00:00,0.0
2011-01-28 00:30:00+00:00,0.0
2011-01-28 00:45:00+00:00,0.0
2011-01-28 01:00:00+00:00,0.0
2011-01-28 01:15:00+00:00,0.0
2011-01-28 01:30:00+00:00,0.0
2011-01-28 01:45:00+00:00,0.0
2011-01-28 02:00:00+00:00,0.0
2011-01-28 02:15:00+00:00,0.0
2011-01-28 02:30:00+00:00,0.0
2011-01-28 02:45:00+00:00,0.0
2011-01-28 03:00:00+00:00,0.0
2011-01-28 03:15:00+00:00,0.0
2011-01-28 03:30:00+00:00,0.0
2011-01-28 03:45:00+00:00,0.0
2011-01-28 04:00:00+00:00,0.0
2011-01-28 04:15:00+00:00,0.0
2011-01-28 04:30:00+00:00,0.0
2011-01-28 04:45:00+00:00,0.0
2011-01-28 05:00:00+00:00,0.0
2011-01-28 05:15:00+00:00,0.0
2011-01-28 05:30:00+00:00,0.0
2011-01-28 05:45:00+00:00,0.0
2011-01-28 06:00:00+00:00,0.0
2011-01-28 06:15:00+00:00,0.0
2011-01-28 06:30:00+00:00,0.0
2011-01-28 06:45:00+00:00,0.0
2011-01-28 07:00:00+00:00,0.0
2011-01-28 07:15:00+00:00,0.0
2011-01-28 07:30:00+00:00,0.0
2011-01-28 07:45:00+00:00,0.0
2011-01-28 08:00:00+00:00,0.0
2011-01-28 08:15:00+00:00,0.0
2011-01-28 08:30:00+00:00,0.0
2011-01-28 08:45:00+00:00,0.0
2011-01-28 09:00:00+00:00,0.0
2011-01-28 09:15:00+00:00,0.0
2011-01-28 09:30:00+00:00,0.0
2011-01-28 09:45:00+00:00,0.0
2011-01-28 10:00:00+00:00,0.0
2011-01-28 10:15:00+00:00,0.0
2011-01-28 10:30:00+00:00,0.0
2011-01-28 10:45:00+00:00,0.0
2011-01-28 11:00:00+00:00,0.0
2011-01-28 11:15:00+00:00,0.0
2011-01-28 11:30:00+00:00,0.0
2011-01-28 11:45:00+00:00,0.0
2011-01-28 12:00:00+00:00,0.0
2011-01-28 12:15:00+00:00,0.0
2011-01-28 12:30:00+00:00,0.0
2011-01-28 12:45:00+00:00,0.0
2011-01-28 13:00:00+00:00,0.0
2011-01-28 13:15:00+00:00,0.0
2011-01-28 13:30:00+00:00,0.0
2011-01-28 13:45:00+00:00,0.0
2011-01-28 14:00:00+00:00,0.0
2011-01-28 14:15:00+00:00,0.0
2011-01-28 14:30:00+00:00,0.0
2011-01-28 14:45:00+00:00,0.0
2011-01-28 15:00:00+00:00,0.0
2011-01-28 15:15:00+00:00,0.0
2011-01-28 15:30:00+00:00,0.0
2011-01-28 15:45:00+00:00,0.0
2011-01-28 16:00:00+00:00,0.0
2011-01-28 16:15:00+00:00,0.0
2011-01-28 16:30:00+00:00,0.0
2011-01-28 16:45:00+00:00,0.0
2011-01-28 17:00:00+00:00,0.0
2011-01-28 17:15:00+00:00,0.0
2011-01-28 17:30:00+00:00,0.0
2011-01-28 17:45:00+00:00,0.0
2011-01-28 18:00:00+00:00,0.0
2011-01-28 18:15:00+00:00,0.0
2011-01-28 18:30:00+00:00,0.0
2011-01-28 18:45:00+00:00,0.0
2011-01-28 19:00:00+00:00,0.0
2011-01-28 19:15:00+00:00,0.0
2011-01-28 19:30:00+00:00,0.0
2011-01-28 19:45:00+00:00,0.0
2011-01-28 20:00:00+00:00,0.0
2011-01-28 20:15:00+00:00,0.0
2011-01-28 20:30:00+00:00,0.0
2011-01-28 20:45:00+00:00,0.0
2011-01-28 21:00:00+00:00,0.0
2011-01-28 21:15:00+00:00,0.0
2011-01-28 21:30:00+00:00,0.0
2011-01-28 21:45:00+00:00,0.0
2011-01-28 22:00:00+00:00,0.0
2011-01-28 22:15:00+00:00,0.0
2011-01-28 22:30:00+00:00,0.0
2011-01-28 22:45:00+00:00,0.0
2011-01-28 23:00:00+00:00,0.0
2011-01-28 23:15:00+00:00,0.0
2011-01-28 23:30:00+00:00,0.0
2011-01-28 23:45:00+00:00,0.0
2011-01-29 00:00:00+00:00,0.0
2011-01-29 00:15:00+00:00,0.0
2011-01-29 00:30:00+00:00,0.0
2011-01-29 00:45:00+00:00,0.0
2011-01-29 01:00:00+00:00,0.0
2011-01-29 01:15:00+00:00,0.0
2011-01-29 01:30:00+00:00,0.0
2011-01-29 01:45:00+00:00,0.0
2011-01-29 02:00:00+00:00,0.0
2011-01-29 02:15:00+00:00,0.0
2011-01-29 02:30:00+00:00,0.0
2011-01-29 02:45:00+00:00,0.0
2011-01-29 03:00:00+00:00,0.0
2011-01-29 03:15:00+00:00,0.0
2011-01-29 03:30:00+00:00,0.0
2011-01-29 03:45:00+00:00,0.0
2011-01-29 04:00:00+00:00,0.0
2011-01-29 04:15:00+00:00,0.0
2011-01-29 04:30:00+00:00,0.0
2011-01-29 04:45:00+00:00,0.0
2011-01-29 05:00:00+00:00,0.0
2011-01-29 05:15:00+00:00,0.0
2011-01-29 05:30:00+00:00,0.0
2011-01-29 05:45:00+00:00,0.0
2011-01-29 06:00:00+00:00,0.0
2011-01-29 06:15:00+00:00,0.0
2011-01-29 06:30:00+00:00,0.0
2011-01-29 06:45:00+00:00,0.0
2011-01-29 07:00:00+00:00,0.0
2011-01-29 07:15:00+00:00,0.0
2011-01-29 07:30:00+00:00,0.0
2011-01-29 07:45:00+00:00,0.0
2011-01-29 08:00:00+00:00,0.0
2011-01-29 08:15:00+00:00,0.0
2011-01-29 08:30:00+00:00,0.0
2011-01-29 08:45:00+00:00,0.0
2011-01-29 09:00:00+00:00,0.0
2011-01-29 09:15:00+00:00,0.0
2011-01-29 09:30:00+00:00,0.0
2011-01-29 09:45:00+00:00,0.0
2011-01-29 10:00:00+00:00,0.0
2011-01-29 10:15:00+00:00,0.0
2011-01-29 10:30:00+00:00,0.0
2011-01-29 10:45:00+00:00,0.0
2011-01-29 11:00:00+00:00,0.0
2011-01-29 11:15:00+00:00,0.0
2011-01-29 11:30:00+00:00,0.0
2011-01-29 11:45:00+00:00,0.0
2011-01-29 12:00:00+00:00,0.0
2011-01-29 12:15:00+00:00,0.0
2011-01-29 12:30:00+00:00,0.0
2011-01-29 12:45:00+00:00,0.000238312
2011-01-29 13:00:00+00:00,0.002255455
2011-01-29 13:15:00+00:00,0.0
2011-01-29 13:30:00+00:00,0.0
2011-01-29 13:45:00+00:00,0.0
2011-01-29 14:00:00+00:00,0.0
2011-01-29 14:15:00+00:00,0.0
2011-01-29 14:30:00+00:00,0.0
2011-01-29 14:45:00+00:00,0.0
2011-01-29 15:00:00+00:00,0.0
2011-01-29 15:15:00+00:00,0.0
2011-01-29 15:30:00+00:00,0.0
2011-01-29 15:45:00+00:00,0.0
2011-01-29 16:00:00+00:00,0.0
2011-01-29 16:15:00+00:00,0.0
2011-01-29 16:30:00+00:00,0.0
2011-01-29 16:45:00+00:00,0.0
2011-01-29 17:00:00+00:00,0.0
2011-01-29 17:15:00+00:00,0.0
2011-01-29 17:30:00+00:00,0.0
2011-01-29 17:45:00+00:00,0.0
2011-01-29 18:00:00+00:00,0.0
2011-01-29 18:15:00+00:00,0.0
2011-01-29 18:30:00+00:00,0.0
2011-01-29 18:45:00+00:00,0.0
2011-01-29 19:00:00+00:00,0.0
2011-01-29 19:15:00+00:00,0.0
2011-01-29 19:30:00+00:00,0.0
2011-01-29 19:45:00+00:00,0.0
2011-01-29 20:00:00+00:00,0.0
