measured_on,irradiance_dhi__7983,irradiance_dni__7982,irradiance_ghi__7981,irradiance_gni__7994,irradiance_poa__7984
2019-02-01 00:05:00,-0.7978159,-1.006687,-3.183091,-1.420342,-2.744766
2019-02-01 00:10:00,-0.7978159,-1.6106985999999999,-3.8197090000000005,-1.420342,-2.744766
2019-02-01 00:15:00,-0.3989078999999999,-0.6711245,-3.6923854,-1.420342,-2.744766
2019-02-01 00:20:00,-0.3989078999999999,0.0,-3.183091,-1.420342,-2.744766
2019-02-01 00:25:00,-0.3989078999999999,0.06711245999999998,-3.183091,-1.420342,-2.744766
2019-02-01 00:30:00,-0.7978159,-0.6711245,-3.8197090000000005,-1.420342,-2.744766
2019-02-01 00:35:00,-0.7978159,-1.4093614,-4.456327,-1.5623761999999999,-3.4309579999999995
2019-02-01 00:40:00,-0.7978159,-0.3355622999999999,-4.456327,-2.130513,-4.11715
2019-02-01 00:45:00,-0.3989078999999999,-0.3355622999999999,-3.8197090000000005,-1.420342,-3.4309579999999995
2019-02-01 00:50:00,-0.3989078999999999,0.0,-3.183091,-1.420342,-2.744766
2019-02-01 00:55:00,-0.7978159,-0.6711245,-4.0743561999999995,-1.420342,-3.0192428
2019-02-01 01:00:00,-0.7978159,-0.6711245,-4.2653416,-1.420342,-3.4309579999999995
2019-02-01 01:05:00,-0.3989078999999999,-0.53689962,-3.183091,-1.420342,-2.744766
2019-02-01 01:10:00,-0.15956315999999998,0.3355622999999999,-2.546473,-1.420342,-2.744766
2019-02-01 01:15:00,0.0,0.6711245,-2.546473,-1.27830784,-2.058575
2019-02-01 01:20:00,-0.3989078999999999,0.0,-2.546473,-1.420342,-2.4702896
2019-02-01 01:25:00,-0.3989078999999999,-0.3355622999999999,-3.8197090000000005,-1.420342,-2.744766
2019-02-01 01:30:00,-0.3989078999999999,-0.3355622999999999,-3.8197090000000005,-1.420342,-3.4309579999999995
2019-02-01 01:35:00,-0.3989078999999999,0.3355622999999999,-3.8197090000000005,-1.420342,-3.7054348
2019-02-01 01:40:00,0.0,0.3355622999999999,-3.183091,-0.7101712,-2.744766
2019-02-01 01:45:00,-0.4387986999999999,-0.3020060699999999,-3.183091,-1.420342,-2.744766
2019-02-01 01:50:00,-0.039890789999999995,0.6711245,-2.9284438,-1.420342,-2.744766
2019-02-01 01:55:00,-0.3989078999999999,0.0,-3.183091,-1.420342,-2.744766
2019-02-01 02:00:00,0.19945394999999996,0.3355622999999999,-3.183091,-1.420342,-2.2644323
2019-02-01 02:05:00,-0.3989078999999999,0.0,-3.183091,-1.420342,-2.744766
2019-02-01 02:10:00,0.0,0.3355622999999999,-3.183091,-1.27830784,-2.4702896
2019-02-01 02:15:00,-0.31912631999999996,0.0,-3.183091,-1.420342,-2.3330513999999996
2019-02-01 02:20:00,-0.3989078999999999,-0.6711245,-3.8197090000000005,-1.420342,-2.744766
2019-02-01 02:25:00,-0.3989078999999999,-0.6711245,-3.8197090000000005,-1.420342,-2.744766
2019-02-01 02:30:00,-0.3989078999999999,-0.3355622999999999,-3.183091,-1.420342,-2.744766
2019-02-01 02:35:00,-0.3989078999999999,0.0,-3.183091,-1.420342,-2.744766
2019-02-01 02:40:00,-0.5983619,-0.6711245,-3.8197090000000005,-1.420342,-2.9506235999999997
2019-02-01 02:45:00,0.31912631999999996,1.006687,-2.546473,-0.7101712,-2.744766
2019-02-01 02:50:00,-0.3989078999999999,0.3355622999999999,-2.546473,-0.7101712,-2.744766
2019-02-01 02:55:00,-0.3989078999999999,0.13422491999999997,-3.183091,-0.7101712,-2.744766
2019-02-01 03:00:00,0.07978157999999999,0.5033434,-2.546473,-0.7101712,-2.744766
2019-02-01 03:05:00,-0.3989078999999999,-0.6711245,-2.546473,-0.7101712,-2.4016705
2019-02-01 03:10:00,-0.19945394999999996,0.26844983999999994,-2.546473,-0.7101712,-2.1958132
2019-02-01 03:15:00,-0.7978159,-0.6711245,-3.8197090000000005,-1.420342,-2.744766
2019-02-01 03:20:00,-0.7978159,-0.6711245,-5.092945,-1.4913591,-4.11715
2019-02-01 03:25:00,-0.7978159,-0.6711245,-4.456327,-1.7044104,-4.11715
2019-02-01 03:30:00,-0.3989078999999999,-0.3355622999999999,-3.8197090000000005,-1.420342,-2.8133852
2019-02-01 03:35:00,-0.3989078999999999,0.0,-3.4377381999999996,-1.420342,-3.4309579999999995
2019-02-01 03:40:00,-0.3989078999999999,0.0,-3.183091,-1.420342,-3.4309579999999995
2019-02-01 03:45:00,-0.3989078999999999,0.3355622999999999,-3.183091,-1.420342,-2.744766
2019-02-01 03:50:00,-0.3989078999999999,-0.6711245,-3.183091,-1.420342,-2.744766
2019-02-01 03:55:00,-0.3989078999999999,-0.3355622999999999,-3.183091,-1.420342,-2.744766
2019-02-01 04:00:00,-0.15956315999999998,-0.3355622999999999,-3.183091,-1.420342,-2.1958132
2019-02-01 04:05:00,-0.3989078999999999,0.3355622999999999,-2.546473,-0.8522053599999999,-2.4016705
2019-02-01 04:10:00,-0.3989078999999999,0.3355622999999999,-2.546473,-1.420342,-2.744766
2019-02-01 04:15:00,-0.15956315999999998,0.60401206,-2.546473,-0.7101712,-2.744766
2019-02-01 04:20:00,-0.3989078999999999,0.0,-2.546473,-0.7101712,-2.744766
2019-02-01 04:25:00,-0.3989078999999999,0.3355622999999999,-2.6737966,-0.7101712,-2.744766
2019-02-01 04:30:00,-0.31912631999999996,0.0,-3.183091,-1.420342,-2.744766
2019-02-01 04:35:00,0.0,0.3355622999999999,-2.546473,-0.7101712,-1.9899558
2019-02-01 04:40:00,0.0,0.3355622999999999,-2.546473,-0.7101712,-1.372383
2019-02-01 04:45:00,-0.3989078999999999,0.3355622999999999,-2.546473,-0.7101712,-1.7840981999999996
2019-02-01 04:50:00,-0.3989078999999999,0.13422491999999997,-2.546473,-1.420342,-2.744766
2019-02-01 04:55:00,-0.3989078999999999,-0.3355622999999999,-3.183091,-1.420342,-2.744766
2019-02-01 05:00:00,-0.3989078999999999,-0.3355622999999999,-3.183091,-0.7101712,-2.744766
2019-02-01 05:05:00,-0.3989078999999999,0.3355622999999999,-2.546473,-0.7101712,-2.744766
2019-02-01 05:10:00,-0.3989078999999999,0.3355622999999999,-2.546473,-0.7101712,-2.744766
2019-02-01 05:15:00,-0.3989078999999999,0.3355622999999999,-2.546473,-0.7101712,-2.744766
2019-02-01 05:20:00,-0.3989078999999999,0.0,-2.546473,-0.7101712,-2.744766
2019-02-01 05:25:00,-0.3989078999999999,0.3355622999999999,-2.546473,-0.7101712,-2.744766
2019-02-01 05:30:00,-0.23934473999999994,0.3355622999999999,-2.546473,-0.7101712,-2.744766
2019-02-01 05:35:00,-0.3989078999999999,0.3355622999999999,-2.546473,-0.7101712,-2.3330513999999996
2019-02-01 05:40:00,-0.23934473999999994,0.3355622999999999,-2.546473,-0.7101712,-2.058575
2019-02-01 05:45:00,-0.3989078999999999,-0.3355622999999999,-2.9284438,-0.8522053599999999,-2.744766
2019-02-01 05:50:00,-0.3989078999999999,-0.03355622999999999,-2.546473,-1.13627368,-2.744766
2019-02-01 05:55:00,-0.3989078999999999,0.06711245999999998,-2.546473,-0.7101712,-2.744766
2019-02-01 06:00:00,-0.31912631999999996,0.3355622999999999,-2.546473,-0.7101712,-2.058575
2019-02-01 06:05:00,0.3989078999999999,0.6711245,-2.2918254,-0.7101712,-1.372383
2019-02-01 06:10:00,-0.3989078999999999,0.3355622999999999,-2.546473,-0.7101712,-1.372383
2019-02-01 06:15:00,0.3989078999999999,0.3355622999999999,-2.546473,-0.7101712,-1.372383
2019-02-01 06:20:00,-0.07978157999999999,0.3355622999999999,-2.546473,-0.7101712,-1.372383
2019-02-01 06:25:00,0.15956315999999998,0.9731307500000002,-2.4191492,-0.7101712,-1.372383
2019-02-01 06:30:00,0.07978157999999999,1.006687,-2.1645016,-0.7101712,-1.372383
2019-02-01 06:35:00,-0.19945394999999996,0.6711245,-2.546473,-0.7101712,-1.372383
2019-02-01 06:40:00,-0.31912631999999996,0.26844983999999994,-2.546473,-0.7101712,-1.372383
2019-02-01 06:45:00,0.31912631999999996,0.3355622999999999,-2.546473,-0.7101712,-1.372383
2019-02-01 06:50:00,0.3989078999999999,0.3355622999999999,-2.546473,0.42610272,-1.372383
2019-02-01 06:55:00,0.3989078999999999,-0.3355622999999999,-2.546473,0.7101712,-1.372383
2019-02-01 07:00:00,0.7978159,-0.3355622999999999,-1.273236,0.8522053599999999,-0.6861916
2019-02-01 07:05:00,1.7551952,0.3355622999999999,-0.6366180999999999,2.840685,0.6861916
2019-02-01 07:10:00,3.191263,-0.20133737999999995,0.6366180999999999,4.261027,1.372383
2019-02-01 07:15:00,5.624601800000001,67.448015,2.8011202,74.567973,20.791607
2019-02-01 07:20:00,10.4114979,246.36981,10.313214,261.20095000000003,73.62836100000001
2019-02-01 07:25:00,18.908234,329.82414,18.398268,349.47524,104.78144
2019-02-01 07:30:00,30.317,403.0774,28.138524,426.81286,135.17973999999998
2019-02-01 07:35:00,41.80555,468.07579,42.144122,496.6227,168.11695
2019-02-01 07:40:00,52.65585,520.38994,55.131132,556.9162,198.72111999999998
2019-02-01 07:45:00,64.5831955,573.022885,71.11024499999999,615.07923,232.68757
2019-02-01 07:50:00,73.438951,610.58909,84.86119599999999,657.4764600000001,260.20385
2019-02-01 07:55:00,81.736233,644.6486600000001,99.694411,695.89672,288.61222
2019-02-01 08:00:00,90.272865,676.25862,114.90958,734.17497,317.08913
2019-02-01 08:05:00,97.253748,703.00296,129.2335,766.1326799999999,343.0958
2019-02-01 08:10:00,102.43951999999999,729.78079,145.02161,796.81206,371.02383
2019-02-01 08:15:00,108.02424,752.4648199999999,159.98214000000002,823.08837,396.68737
2019-02-01 08:20:00,114.32703999999998,776.89374,175.45196,850.5009599999997,423.38019999999995
2019-02-01 08:25:00,120.4702,795.81944,191.11273999999997,873.0844799999999,449.18102
2019-02-01 08:30:00,127.33138,813.5371600000001,207.28285999999997,894.5316,475.11908000000005
2019-02-01 08:35:00,134.27244,832.7312999999998,223.32564000000002,916.26284,500.78266
2019-02-01 08:40:00,141.77186,848.2342799999999,238.47716,934.72732,525.21108
2019-02-01 08:45:00,146.75821000000002,863.60301,254.45625,953.1207099999999,550.18844
2019-02-01 08:50:00,150.14896,873.6027799999999,268.7802,966.1168799999999,572.55828
2019-02-01 08:55:00,152.30302,886.55549,284.7593,982.16669,597.39842
2019-02-01 09:00:00,154.00509333333332,897.6514066666666,300.52620666666667,996.4648266666666,621.2321333333333
2019-02-01 09:05:00,155.1741,906.28052,314.35994,1008.8621999999999,641.8592799999999
2019-02-01 09:10:00,157.1645,917.22881,329.4389,1022.7539999999999,664.4171699999999
2019-02-01 09:15:00,158.51496,925.21478,342.0947,1033.511,683.2619
2019-02-01 09:20:00,160.74252,934.1715,356.5313,1045.117,704.7798799999999
2019-02-01 09:25:00,159.70026000000001,940.24738,368.55008,1052.184,722.04644
2019-02-01 09:30:00,156.7402,945.3623200000002,381.70525,1059.084,741.28495
2019-02-01 09:35:00,153.62323999999998,950.0218199999999,394.1013,1066.1426,758.61228
2019-02-01 09:40:00,151.18537999999998,956.63226,407.32615999999996,1073.419,777.5892299999999
2019-02-01 09:45:00,146.07683,958.351,419.21651,1077.366,793.9635000000001
2019-02-01 09:50:00,141.52834,963.43454,432.06544999999994,1082.106,812.2663299999999
2019-02-01 09:55:00,135.9841,973.15462,444.34458000000006,1088.912,829.4773000000001
2019-02-01 10:00:00,131.43698,979.5880199999999,455.28746,1093.7310000000002,845.6600000000001
2019-02-01 10:05:00,133.58982,986.12506,467.82279,1102.1751,864.3145699999999
2019-02-01 10:10:00,129.68156,990.9872600000001,477.9407,1106.0774,878.9925
2019-02-01 10:15:00,124.01880000000001,990.98562,486.8496,1104.656,889.692
2019-02-01 10:20:00,118.03704,990.64922,495.75882,1105.223,900.6665399999999
2019-02-01 10:25:00,112.77316,997.62616,507.59564,1112.6057999999998,918.0896
2019-02-01 10:30:00,107.82832,1001.1146000000001,517.01426,1114.877,930.9853
2019-02-01 10:35:00,104.15886,1001.7450000000001,525.3475000000001,1115.721,942.43431
2019-02-01 10:40:00,99.29261,1004.5157999999999,534.95014,1120.676,956.0723600000001
2019-02-01 10:45:00,94.82404799999999,1007.4422000000001,544.1005,1123.913,968.8066200000001
2019-02-01 10:50:00,91.47218000000001,1008.7584,551.723,1125.5880000000002,978.7963
2019-02-01 10:55:00,89.71702999999998,1011.7026,559.99154,1129.1290000000001,990.17508
2019-02-01 11:00:00,87.32351,1008.3363999999999,565.7117,1126.8439999999998,996.6103999999999
2019-02-01 11:05:00,83.852309,1016.4603,574.86012,1132.777,1009.6845999999999
2019-02-01 11:10:00,82.53544999999998,1019.5664,581.5977399999999,1135.886,1019.3426
2019-02-01 11:15:00,80.93924,1021.9649999999999,587.3151,1136.861,1027.0074
2019-02-01 11:20:00,79.460218,1023.5934,592.88644,1137.8719999999998,1034.3655999999999
2019-02-01 11:25:00,76.94593,1025.237,597.9572400000001,1139.184,1041.739
2019-02-01 11:30:00,74.55262999999998,1024.55,601.70154,1138.6685,1046.1112
2019-02-01 11:35:00,72.95613,1023.2501,604.16804,1136.298,1048.8283999999999
2019-02-01 11:40:00,71.43992599999999,1027.7928,609.1198,1139.259,1056.7646
2019-02-01 11:45:00,69.76427,1030.725,613.9438,1141.0834,1062.3682000000001
2019-02-01 11:50:00,68.08898,1033.997,617.7525,1143.339,1067.84
2019-02-01 11:55:00,66.095203,1033.5862000000002,620.80121,1143.4708999999998,1071.7394
2019-02-01 12:00:00,65.61652000000001,1037.0688,623.4703,1145.24,1075.0262
2019-02-01 12:05:00,64.420344,1037.8028,626.6489,1146.158,1078.656
2019-02-01 12:10:00,63.383736,1038.0013999999999,626.7746999999999,1144.4524000000001,1078.654
2019-02-01 12:15:00,62.18774,1038.5368,627.9191,1143.741,1080.024
2019-02-01 12:20:00,61.78904,1039.139,627.9185,1143.314,1079.8858
2019-02-01 12:25:00,61.629556,1038.7362,627.91812,1141.8942,1079.0624
2019-02-01 12:30:00,60.99172,1038.2666000000002,626.6457,1140.475,1077.4162000000001
2019-02-01 12:35:00,60.034983999999994,1039.7753,626.26388,1140.5458999999998,1076.4563999999998
2019-02-01 12:40:00,59.39716,1037.5956,623.84632,1137.636,1073.165
2019-02-01 12:45:00,59.3978,1037.9422,620.54482,1136.229,1069.062
2019-02-01 12:50:00,58.640544,1036.7382000000002,618.57439,1135.3806,1066.1847999999998
2019-02-01 12:55:00,58.44108,1036.4,615.201,1134.81,1061.9307
2019-02-01 13:00:00,57.842963,1035.3244,612.59101,1133.8132,1058.0191
2019-02-01 13:05:00,57.80357,1033.1198,608.5880199999999,1131.977,1051.7878
2019-02-01 13:10:00,57.803999999999995,1032.3898,602.86672,1129.9984,1044.39
2019-02-01 13:15:00,57.166376,1031.7225999999998,598.28828,1127.732,1037.9474
2019-02-01 13:20:00,56.5283,1030.9136,593.0689199999999,1126.307,1031.0855999999999
2019-02-01 13:25:00,56.20961,1027.2626,586.07296,1123.3310999999999,1021.7635
2019-02-01 13:30:00,56.20947666666667,1024.7673333333335,580.1761266666667,1120.7262666666668,1012.8466666666667
2019-02-01 13:35:00,55.970000000000006,1020.8498,573.2174,1117.787,1003.241
2019-02-01 13:40:00,55.41154,1019.133,565.38844,1114.3734,991.98838
2019-02-01 13:45:00,54.61400999999999,1019.0613999999999,558.51507,1113.8008,983.41232
2019-02-01 13:50:00,54.61382999999999,1016.1406000000001,551.19704,1112.094,973.0546
2019-02-01 13:55:00,54.534672,1011.4566000000001,542.8049599999999,1108.1309999999999,961.2701000000001
2019-02-01 14:00:00,53.817556,1008.0442999999999,532.9483,1103.5978,947.0831000000001
2019-02-01 14:05:00,53.418989999999994,1007.778,525.63282,1102.464,937.4155199999999
2019-02-01 14:10:00,52.940321999999995,1004.8882,515.45064,1098.413,922.8040800000001
2019-02-01 14:15:00,52.621126000000004,1000.3222600000001,505.77776000000006,1093.6522,909.0158800000002
2019-02-01 14:20:00,52.22223,997.0980400000001,496.61402,1090.808,895.8452800000001
2019-02-01 14:25:00,52.22201,990.99077,483.69726,1083.1390000000001,877.18961
2019-02-01 14:30:00,51.424606000000004,984.2145200000001,471.41756,1075.1874,859.3584200000001
2019-02-01 14:35:00,50.986013,979.31692,461.74673999999993,1071.7793,845.4366900000001
2019-02-01 14:40:00,50.62717,974.28574,449.7858,1066.668,828.90956
2019-02-01 14:45:00,49.829862,967.71252,437.69788,1059.5701999999999,811.2172
2019-02-01 14:50:00,49.431209,964.1911,425.16481000000005,1054.3186,793.6622199999999
2019-02-01 14:55:00,49.03309,957.99754,412.00012,1046.807,774.60717
2019-02-01 15:00:00,48.3954,951.0252399999999,399.40464000000003,1038.293,756.7802599999999
2019-02-01 15:05:00,47.83774,943.11998,385.79358,1030.922,737.0378799999999
2019-02-01 15:10:00,47.758320000000005,933.87052,370.5907,1021.2760000000001,715.0986300000001
2019-02-01 15:15:00,46.802554,926.4119800000001,357.23793,1012.2134,695.84389
2019-02-01 15:20:00,46.324602,916.5276799999999,343.05344,1001.577,675.48308
2019-02-01 15:25:00,45.84607,909.58315,329.43721999999997,992.98656,655.6624800000001
2019-02-01 15:30:00,45.44755,897.6137799999999,313.91428,981.13704,633.37694
2019-02-01 15:35:00,44.251996,885.1136999999999,299.28403000000003,969.0810799999999,611.09543
2019-02-01 15:40:00,43.45454,875.6207,284.77714000000003,957.1549000000001,589.62906
2019-02-01 15:45:00,42.65734,862.7454599999999,269.38112,942.6790000000001,566.4515
2019-02-01 15:50:00,41.86032,846.8557799999999,252.84096,923.9486999999999,541.21898
2019-02-01 15:55:00,41.06364,831.4089700000001,236.11171,905.2259399999999,515.51051
2019-02-01 16:00:00,39.90808,813.68035,221.35412000000002,885.65,491.378
2019-02-01 16:05:00,38.67276,797.9970899999998,206.53242999999998,867.49311,467.65631999999994
2019-02-01 16:10:00,37.237970000000004,781.37268,191.90078,848.9080399999999,444.27594
2019-02-01 16:15:00,35.48413,759.7829099999999,175.6142,824.6428599999999,417.12222
2019-02-01 16:20:00,34.049023999999996,737.85312,160.21710000000002,799.37888,390.92584
2019-02-01 16:25:00,31.99593433333333,699.1318033333333,136.57995833333334,756.0033266666667,350.52112166666666
2019-02-01 16:30:00,31.258390000000002,683.12374,127.76754000000001,738.6262399999999,334.82741999999996
2019-02-01 16:35:00,29.265166,653.6830600000001,112.24316000000002,703.14298,306.84826000000004
2019-02-01 16:40:00,27.51104,617.12922,97.227158,661.69416,277.77020000000005
2019-02-01 16:45:00,25.278244,578.0552,73.68388200000001,614.70374,209.73349
2019-02-01 16:50:00,22.726434,456.94251,52.303971000000004,515.18571,177.90947999999997
2019-02-01 16:55:00,20.254398000000002,0.6707891,10.8171,17.74541,15.77452
2019-02-01 17:00:00,16.34719,-1.6099074000000002,8.271969,12.06698,13.031229999999999
2019-02-01 17:05:00,13.955012,-2.2807172000000002,5.7267876,9.3697162,10.0135416
2019-02-01 17:10:00,10.76535,-2.34781,3.181565,6.388477,6.172764
2019-02-01 17:15:00,8.373219,-1.6770409999999998,1.5271819999999998,4.2590699999999995,3.4293819999999995
2019-02-01 17:20:00,5.980852700000001,-1.4757913,0.0,2.2714974000000003,1.851861
2019-02-01 17:25:00,3.588523,-1.6770409999999998,-1.272652,1.41969,0.0
2019-02-01 17:30:00,1.993668,-1.6770780000000003,-3.1817,0.0,-1.371784
2019-02-01 17:35:00,0.7974908,-1.006277,-3.181794,-2.129645,-2.057736
2019-02-01 17:40:00,0.03987522,-1.0062961,-4.4545969,-2.1296865,-3.4296258
2019-02-01 17:45:00,0.0,-1.006313,-4.454674,-2.129723,-3.429685
2019-02-01 17:50:00,-0.2392591199999999,-1.006326,-4.454732,-2.129751,-3.42973
2019-02-01 17:55:00,-0.7177821600000001,-1.0063331999999998,-4.454763,-2.129766,-3.4297536
2019-02-01 18:00:00,-0.3987699,-1.006339,-4.454786,-2.129776,-3.429771
2019-02-01 18:05:00,0.0,-0.6708947,-4.454801,-1.419856,-3.3611874
2019-02-01 18:10:00,-0.0398772,-0.67089595,-4.2002487,-1.4198585,-2.7438314999999998
2019-02-01 18:15:00,-0.3190179999999999,-1.006345,-4.454814,-1.41986,-2.8810258
2019-02-01 18:20:00,-0.3987727999999999,-0.6708971999999999,-3.8184150000000003,-1.419861,-2.743837
2019-02-01 18:25:00,-0.23926379999999994,-0.6708975,-3.818417,-1.419862,-2.8124339000000003
2019-02-01 18:30:00,-0.3987730999999999,-0.6708977,-3.6911373999999997,-1.419862,-2.743839
2019-02-01 18:35:00,-0.3987730999999999,-0.6708977,-3.182015,-1.419862,-2.743839
2019-02-01 18:40:00,0.0,0.6708977,-3.182015,-1.419862,-2.057879
2019-02-01 18:45:00,0.0,1.006347,-2.545612,-0.7099311999999999,-2.057879
2019-02-01 18:50:00,-0.5184050599999999,-0.6708977,-3.182015,-1.419862,-2.057879
2019-02-01 18:55:00,0.0,0.3354488999999999,-3.182015,-1.419862,-2.057879
2019-02-01 19:00:00,-0.3987730999999999,-0.6708977,-3.182015,-1.419862,-2.743839
2019-02-01 19:05:00,-0.3987758,-0.53672182,-3.8184440000000004,-1.419872,-2.8124535
2019-02-01 19:10:00,-0.3589071599999999,-0.03354569,-3.1821158,-1.4199072000000001,-2.6753282
2019-02-01 19:15:00,-0.35891284999999995,0.33546472,-3.1185228,-1.3489328,-2.0579767
2019-02-01 19:20:00,-0.3987995999999999,0.0,-3.182226,-1.419957,-2.195217
2019-02-01 19:25:00,0.0,0.6709487999999999,-3.1822574,-1.4199708000000002,-2.0580356
2019-02-01 19:30:00,-0.3988051,0.0,-3.18227,-1.419976,-2.4696524
2019-02-01 19:35:00,-0.19940305,0.5032149,-3.182278,-1.41998,-2.2638541
2019-02-01 19:40:00,-0.3190516,0.67096638,-3.1823411999999998,-1.2780067800000001,-2.195295
2019-02-01 19:45:00,-0.39882092,0.0,-3.1823962000000003,-1.420032,-2.7441676
2019-02-01 19:50:00,-0.797655,-0.6709892,-3.8189389999999994,-1.420056,-2.744213
2019-02-01 19:55:00,-0.7976596,-1.00649,-4.2008567999999995,-1.420064,-3.430286
2019-02-01 20:00:00,-0.7976592999999998,-1.006489,-3.8189599999999997,-1.420064,-3.430285
2019-02-01 20:05:00,-0.63813802,-0.6710038999999999,-3.819023,-1.420087,-2.8814866
2019-02-01 20:10:00,-0.3988443999999999,-0.6710175999999999,-3.5644942,-1.420116,-2.744329
2019-02-01 20:15:00,-0.39884668,0.0,-3.1826017999999996,-1.4201244,-2.7443448
2019-02-01 20:20:00,-0.3988463999999999,0.3019594499999999,-3.055296,-1.420123,-2.4013
2019-02-01 20:25:00,-0.79769,-0.6710186,-3.182589,-1.420118,-2.744333
2019-02-01 20:30:00,-0.3988413,0.0,-3.182559,-1.420105,-2.744308
2019-02-01 20:35:00,-0.3988452,-0.1342038,-3.18259,-1.420119,-2.744335
2019-02-01 20:40:00,-0.3988573999999999,0.13420791999999998,-3.182688,-1.420162,-2.744419
2019-02-01 20:45:00,-0.3988627,0.06710486,-3.18273,-1.420182,-2.744456
2019-02-01 20:50:00,-0.3589785,0.6710523,-3.182748,-1.420189,-2.3328002
2019-02-01 20:55:00,0.0,0.6710540999999999,-2.9281366,-0.7100965999999999,-2.1955827999999995
2019-02-01 21:00:00,-0.3988700999999999,0.6710608399999999,-3.1827888,-1.27818674,-2.7445062
2019-02-01 21:05:00,-0.3988792999999999,-0.3355382,-3.182862,-1.42024,-2.74457
2019-02-01 21:10:00,-0.55842976,-0.3355373999999999,-3.4374834,-1.420237,-2.744563
2019-02-01 21:15:00,-0.47866105999999997,-0.46975957999999995,-3.5011938000000002,-1.420259,-2.7446049
2019-02-01 21:20:00,-0.3988901999999999,-0.46976632,-3.819539,-1.420279,-2.744644
2019-02-01 21:25:00,-0.4387861399999998,-0.2684420799999999,-3.373979,-1.420301,-2.744687
2019-02-01 21:30:00,-0.51856428,-0.33555184000000005,-3.1829924000000003,-1.4202986,-2.7446814
2019-02-01 21:35:00,-0.39889751,-0.6711069700000001,-3.819609,-1.4203052999999999,-2.7446947
2019-02-01 21:40:00,-0.3989004999999999,-0.671112,-3.819638,-1.420316,-2.744715
2019-02-01 21:45:00,-0.39890302,-0.67111626,-3.8196622,-1.4203247,-2.7447325
2019-02-01 21:50:00,-0.3988974,-0.6711068,-3.819608,-1.420305,-2.744694
2019-02-01 21:55:00,-0.07977895999999998,0.6711023999999999,-3.182986,-1.420295,-2.744676
2019-02-01 22:00:00,-0.39889722666666666,-0.6263661,-3.819606333333333,-1.4203038,-2.744692533333333
2019-02-01 22:05:00,-0.55845926,-1.006665,-3.9469488,-1.420312,-2.744708
2019-02-01 22:10:00,-0.4387878999999999,-0.90599577,-3.8832743,-1.420307,-2.744698
2019-02-01 22:15:00,-0.55845254,-0.6711021999999999,-4.456179,-1.420295,-2.8819088
2019-02-01 22:20:00,-0.6382251199999999,-1.006643,-4.456135,-1.420281,-2.744648
2019-02-01 22:25:00,-0.7977849,-1.342197,-5.092748,-1.9884022000000001,-3.430825
2019-02-01 22:30:00,-0.3988965999999999,-0.6711055,-4.456201,-1.420302,-3.430861
2019-02-01 22:35:00,-0.39889173999999994,-0.33554865999999994,-4.4561464,-1.4202844,-3.4308186
2019-02-01 22:40:00,0.0,0.6710966,-3.3102773999999995,-1.420283,-2.4701874
2019-02-01 22:45:00,0.3988951,0.8724342,-3.3103086,-1.420297,-2.744678
2019-02-01 22:50:00,0.39889855,1.5435500000000002,-2.5464130000000003,-0.7101544999999999,-2.0585265
2019-02-01 22:55:00,0.3191212,1.6106725999999998,-2.546431,-0.7101597,-2.058541
2019-02-01 23:00:00,0.0,0.7717855599999999,-2.546447,-0.7101640999999999,-2.058554
2019-02-01 23:05:00,-0.23934306000000002,0.3355599,-3.183068,-0.7101661999999999,-2.3330348
2019-02-01 23:10:00,0.0,0.6711219,-2.546463,-0.7101684,-2.058567
2019-02-01 23:15:00,-0.35901639,0.3355616,-2.6737904,-0.7101697,-2.058571
2019-02-01 23:20:00,-0.39890746000000005,-0.6711237800000001,-3.1830872,-1.4203406,-2.0585726
2019-02-01 23:25:00,-0.4786892399999999,-0.6711242,-3.183089,-1.420341,-2.6075268
2019-02-01 23:30:00,0.0,0.3355621999999999,-3.2467517999999997,-1.420342,-2.744766
2019-02-01 23:35:00,0.0,0.53689962,-3.183091,-0.7101712,-2.1958132
2019-02-01 23:40:00,0.0,0.3355622999999999,-3.183091,-1.27830784,-2.3330513999999996
2019-02-01 23:45:00,-0.11967236999999997,0.10066868999999998,-3.183091,-0.7101712,-2.058575
2019-02-01 23:50:00,-0.39890574,-0.6711209,-3.1830734,-1.4203348,-2.5388954999999997
2019-02-01 23:55:00,-0.5185736,-0.6711158499999998,-3.1830498,-1.4203239,-2.7447308
2019-02-02 00:00:00,-0.3988999999999999,-0.46977784,-3.183028,-1.420314,-2.744712
2019-02-02 00:05:00,-0.7977818899999999,-0.8388701,-3.8195463,-1.4202822,-3.2249634
2019-02-02 00:10:00,-0.3988819,-0.3355403,-3.182883,-1.420249,-2.8818164000000004
2019-02-02 00:15:00,-0.3988766999999999,-0.335536,-3.5647827999999997,-1.420231,-2.744552
2019-02-02 00:20:00,-0.39887222,-0.36908546000000003,-3.8193672,-1.4202151,-3.0875861000000002
2019-02-02 00:25:00,-0.39886886,-0.43618827,-3.8193352000000003,-1.4202032,-3.2247842999999996
2019-02-02 00:30:00,-0.7977381,-1.006589,-4.455893,-1.420204,-3.4306240000000003
2019-02-02 00:35:00,-0.3988728999999999,0.0,-3.3101244000000003,-1.420218,-2.744526
2019-02-02 00:40:00,-0.3988739,0.3355335999999999,-3.182819,-1.420221,-2.3328522
2019-02-02 00:45:00,-0.3988719,0.0,-3.182803,-1.420214,-2.058389
2019-02-02 00:50:00,-0.3988638999999999,-0.3355252,-3.182739,-1.420185,-2.6072398
2019-02-02 00:55:00,-0.3988679,-0.3355286,-3.182771,-1.4202,-2.744491
2019-02-02 01:00:00,-0.3988689,0.3355293999999999,-3.182779,-1.420203,-2.744498
2019-02-02 01:05:00,-0.7977303,-0.3355263,-3.18275,-1.42019,-2.744472
2019-02-02 01:10:00,-0.7977298999999999,-0.6710521999999999,-3.819298,-1.420189,-3.430588
2019-02-02 01:15:00,-0.7179552800000001,-1.006576,-4.455837,-1.420186,-3.43058
2019-02-02 01:20:00,-0.55839934,-1.342077,-4.455754,-1.7041916000000001,-3.4305170000000005
2019-02-02 01:25:00,-0.3988491999999999,-0.67102575,-4.455671,-1.420133,-3.430453
2019-02-02 01:30:00,-0.4387266399999999,-0.3355072,-4.455595,-1.420109,-3.430395
2019-02-02 01:35:00,-0.7578004700000001,-0.6710142,-4.455595,-1.420109,-3.4303940000000006
2019-02-02 01:40:00,-0.55839038,-0.67102788,-4.4556856,-1.4201378000000002,-3.4304639999999997
2019-02-02 01:45:00,-0.47862324,-0.6710316,-4.45571,-1.420146,-3.430483
2019-02-02 01:50:00,-0.398863,-0.6710489,-4.455825,-1.420182,-3.4305709999999996
2019-02-02 01:55:00,0.0,0.13421164000000002,-3.8193296000000005,-1.4202010999999999,-2.9503303
2019-02-02 02:00:00,0.07977469999999998,0.6710665,-3.182816,-1.42022,-2.6073025999999997
2019-02-02 02:05:00,-0.3988788999999999,-0.13421512,-3.8194310000000002,-1.420239,-2.744566
2019-02-02 02:10:00,,,,,
2019-02-02 02:15:00,-0.11966577,-0.30198933,-3.8194998,-1.4202647,-2.813232
2019-02-02 02:20:00,-0.3988891,-0.3355464,-3.819529,-1.420275,-2.744637
2019-02-02 02:25:00,-0.39888645999999994,-0.30198987,-4.456087500000001,-1.4202659,-2.8132342
2019-02-02 02:30:00,-0.3988892,0.0,-3.8195299999999994,-1.420276,-3.019101
2019-02-02 02:35:00,-0.3988945999999999,-0.3355509999999999,-3.8195810000000003,-1.420295,-2.744674
2019-02-02 02:40:00,-0.39889395000000005,-0.33555045999999994,-3.8195755,-1.4202928,-2.7446706
2019-02-02 02:45:00,-0.3988962399999999,-0.33555242,-3.8195974,-1.4203008,-2.7446858
2019-02-02 02:50:00,-0.07977906,-0.3355516,-3.8195880000000004,-1.420297,-2.744679
2019-02-02 02:55:00,0.0,0.6711061999999999,-3.183004,-1.420304,-2.744692
2019-02-02 03:00:00,0.3191196133333333,0.7829623733333333,-3.1830242666666666,-0.7101564133333332,-2.1957674666666667
2019-02-02 03:05:00,0.0,0.6711146,-3.183043,-0.7101606,-2.744726
2019-02-02 03:10:00,-0.3989042999999999,-0.53689466,-3.819674,-1.0652468,-2.4702669999999998
2019-02-02 03:15:00,-0.39890549999999997,-0.8389004999999999,-4.456300000000001,-1.4203338,-2.7447502
2019-02-02 03:20:00,-0.6382503400000001,-1.006683,-4.456311,-1.420337,-3.2937072
2019-02-02 03:25:00,0.3989072,0.0,-3.8197020000000004,-1.42034,-2.744761
2019-02-02 03:30:00,0.39890755,1.006686,-3.1830875,-0.7811875199999999,-2.2644298
2019-02-02 03:35:00,0.23934467999999995,0.6711242,-3.3104126000000003,-1.13627356,-2.744765
2019-02-02 03:40:00,-0.3989078999999999,-0.3355622999999999,-3.8197090000000005,-1.420342,-2.744766
2019-02-02 03:45:00,-0.3989078999999999,-0.6711245,-3.9470326,-1.420342,-2.744766
2019-02-02 03:50:00,-0.3989078999999999,-0.6711245,-4.456327,-1.420342,-2.744766
2019-02-02 03:55:00,-0.31912631999999996,-0.3355622999999999,-4.456327,-1.420342,-2.744766
2019-02-02 04:00:00,-0.3989078999999999,0.0,-4.3290033999999995,-1.420342,-2.744766
2019-02-02 04:05:00,-0.15956315999999998,0.26844983999999994,-3.8197090000000005,-1.420342,-2.744766
2019-02-02 04:10:00,0.3989078999999999,1.342249,-3.183091,-0.7101712,-2.1958132
2019-02-02 04:15:00,-0.3989078999999999,-0.3355622999999999,-3.8197090000000005,-1.420342,-2.744766
2019-02-02 04:20:00,-0.3989078999999999,-1.006687,-4.456327,-1.420342,-3.0192428
2019-02-02 04:25:00,-0.47868949999999993,-0.6711245,-4.456327,-1.420342,-3.4309579999999995
2019-02-02 04:30:00,-0.3989078999999999,-0.6711245,-4.456327,-1.420342,-3.7054348
2019-02-02 04:35:00,-0.11967236999999997,-0.5704558399999999,-3.8197090000000005,-1.420342,-2.744766
2019-02-02 04:40:00,0.7978159,3.0871728000000003,-3.0557674,-0.7101712,-2.744766
2019-02-02 04:45:00,-0.3590171099999999,0.63756831,-3.183091,-0.7101712,-2.058575
2019-02-02 04:50:00,0.0,-0.3355622999999999,-4.456327,-1.420342,-2.744766
2019-02-02 04:55:00,0.0,-0.3355622999999999,-3.8197090000000005,-1.420342,-2.744766
2019-02-02 05:00:00,-0.7978159,-0.6711245,-4.456327,-1.420342,-3.4309579999999995
2019-02-02 05:05:00,-0.3989078999999999,-0.6711245,-4.7109742,-1.420342,-3.4309579999999995
2019-02-02 05:10:00,-0.7978159,-1.342249,-5.092945,-1.5623761999999999,-3.4309579999999995
2019-02-02 05:15:00,-0.3989078999999999,-0.6711245,-5.092945,-2.130513,-3.8426732
2019-02-02 05:20:00,-0.3989078999999999,-0.3355622999999999,-4.456327,-1.420342,-3.4309579999999995
2019-02-02 05:25:00,-0.3989078999999999,-0.3355622999999999,-4.3926652,-1.420342,-3.3623388
2019-02-02 05:30:00,-0.3989078999999999,-0.6711245,-4.456327,-1.420342,-3.4309579999999995
2019-02-02 05:35:00,-0.3989078999999999,0.20133737999999995,-3.8197090000000005,-1.420342,-3.3623388
2019-02-02 05:40:00,-0.3989078999999999,0.20133737999999995,-3.8197090000000005,-1.420342,-3.0192428
2019-02-02 05:45:00,-0.6382527,-0.3355622999999999,-3.8197090000000005,-1.420342,-3.4309579999999995
2019-02-02 05:50:00,-0.7978159,-0.6711245,-4.456327,-1.420342,-3.4309579999999995
2019-02-02 05:55:00,-0.3989078999999999,-0.26844983999999994,-4.456327,-1.420342,-3.4309579999999995
2019-02-02 06:00:00,-0.3989078999999999,-0.6711245,-4.456327,-1.420342,-3.4309579999999995
2019-02-02 06:05:00,-0.3590171099999999,-0.3355622999999999,-4.456327,-1.420342,-2.744766
2019-02-02 06:10:00,-0.7978159,-1.006687,-5.092945,-1.420342,-3.4309579999999995
2019-02-02 06:15:00,0.0,-0.3355622999999999,-4.7109742,-1.420342,-3.4309579999999995
2019-02-02 06:20:00,0.0,0.3355622999999999,-4.456327,-1.420342,-2.744766
2019-02-02 06:25:00,-0.3590171099999999,0.0,-4.3926652,-1.420342,-2.744766
2019-02-02 06:30:00,-0.3989078999999999,0.3355622999999999,-4.456327,-1.420342,-2.744766
2019-02-02 06:35:00,-0.3989078999999999,0.3355622999999999,-3.8197090000000005,-1.420342,-3.2937196
2019-02-02 06:40:00,-0.3989078999999999,0.0,-3.8197090000000005,-1.420342,-3.1564812
2019-02-02 06:45:00,-0.3989078999999999,0.20133737999999995,-3.4377381999999996,-1.420342,-2.744766
2019-02-02 06:50:00,0.0,0.43623095999999995,-3.183091,-0.7101712,-2.4016705
2019-02-02 06:55:00,0.27923552999999995,0.0,-3.183091,-0.07101712,-2.058575
2019-02-02 07:00:00,0.7978159,-0.6711245,-3.183091,0.7101712,-1.372383
2019-02-02 07:05:00,1.595632,-0.3355622999999999,-1.273236,1.420342,-0.6861916
2019-02-02 07:10:00,3.9890789999999994,-0.10066868999999998,-0.06366180999999999,4.616112500000001,1.372383
2019-02-02 07:15:00,6.2628546,151.97612999999998,3.6287236,161.35089,41.651831
2019-02-02 07:20:00,,,,,
2019-02-02 07:25:00,,,,,
2019-02-02 07:30:00,,,,,
2019-02-02 07:35:00,,,,,
2019-02-02 07:40:00,,,,,
2019-02-02 07:45:00,,,,,
2019-02-02 07:50:00,,,,,
2019-02-02 07:55:00,,,,,
2019-02-02 08:00:00,,,,,
2019-02-02 08:05:00,,,,,
2019-02-02 08:10:00,,,,,
2019-02-02 08:15:00,,,,,
2019-02-02 08:20:00,115.6833,819.2416999999999,184.10994,885.7254599999999,441.63292
2019-02-02 08:25:00,,,,,
2019-02-02 08:30:00,,,,,
2019-02-02 08:35:00,,,,,
2019-02-02 08:40:00,,,,,
2019-02-02 08:45:00,146.23324,890.9125,264.12134000000003,972.3949200000001,566.76955
2019-02-02 08:50:00,149.1797,902.8592199999999,277.92539999999997,983.7930400000001,588.8429
2019-02-02 08:55:00,151.20829,915.37398,293.76491999999996,997.60285,613.79528
2019-02-02 09:00:00,152.3589,921.7118200000001,308.2021,1007.0066,635.58804
2019-02-02 09:05:00,155.38418000000001,930.80194,324.16625,1020.1741,659.78142
2019-02-02 09:10:00,155.06056,922.8572200000001,334.65860000000004,1016.8786,671.7678
2019-02-02 09:15:00,159.9215,951.74882,355.1429,1046.527,705.77494
2019-02-02 09:20:00,162.3096,953.46522,368.4976,1052.4599999999998,725.0993
2019-02-02 09:25:00,157.68048,915.47236,366.96298,1019.0714,716.7160799999999
2019-02-02 09:30:00,155.1265,965.1771200000001,392.4157,1066.343,762.94306
2019-02-02 09:35:00,153.80906,974.86221,408.00394,1081.3120000000001,786.1213700000001
2019-02-02 09:40:00,148.54432,977.67436,418.56595,1086.1332,796.8864599999999
2019-02-02 09:45:00,143.91808,985.28612,433.58394,1098.5538000000001,817.53156
2019-02-02 09:50:00,138.05576000000002,983.875,441.6653,1102.243,826.72158
2019-02-02 09:55:00,134.06779999999998,991.38778,454.51998000000003,1141.856,844.5553999999998
2019-02-02 10:00:00,128.96341999999999,996.01638,465.33866,1116.724,858.5484999999999
2019-02-02 10:05:00,130.39899,1003.1274999999999,478.19376,1133.2642,876.86327
2019-02-02 10:10:00,126.25168,1008.4273999999999,490.53981999999996,1144.268,894.2177599999999
2019-02-02 10:15:00,120.19030000000001,1011.6474000000001,501.10406,1141.8539999999998,909.0344000000001
2019-02-02 10:20:00,114.52646,1015.6614,512.0446400000001,1145.107,923.4295600000002
2019-02-02 10:25:00,107.26849999999999,1019.0804,523.1163,1149.221,938.51758
2019-02-02 10:30:00,104.39684,1020.4164000000001,532.27754,1144.956,950.1736000000001
2019-02-02 10:35:00,101.44384,1023.4804,541.6845800000001,1148.339,963.3231599999999
2019-02-02 10:40:00,96.615359,1027.2337,551.59213,1147.8,976.18338
2019-02-02 10:45:00,92.905395,1029.9658,558.9638199999999,1144.1591,986.3172500000001
2019-02-02 10:50:00,89.47484199999998,1031.9286,567.60904,1146.9808,998.92178
2019-02-02 10:55:00,87.31798999999998,1035.205,576.23858,1149.558,1010.4013000000001
2019-02-02 11:00:00,86.519286,1038.2415999999998,584.75656,1150.7477999999999,1021.6348
2019-02-02 11:05:00,84.92299,1038.6597,592.69995,1148.8822,1032.1789
2019-02-02 11:10:00,83.32642,1039.9458,600.0044,1150.277,1041.758
2019-02-02 11:15:00,82.527087,1043.6435999999999,609.34327,1154.7927,1053.9406000000001
2019-02-02 11:20:00,81.80767399999999,1045.4653999999998,615.5014199999999,1156.897,1062.1470000000002
2019-02-02 11:25:00,82.52298999999998,1046.0066,622.16484,1158.0716,1070.0727
2019-02-02 11:30:00,82.52145799999998,1047.1606,628.96068,1162.095,1080.0647999999999
2019-02-02 11:35:00,82.52036599999998,1046.5432,635.44169,1167.3316,1089.3764
2019-02-02 11:40:00,82.51950999999998,1046.6664,639.3795,1170.3,1096.0855999999999
2019-02-02 11:45:00,84.11356199999999,1045.8552,643.19264,1172.5638000000001,1101.8392
2019-02-02 11:50:00,87.30240999999998,1048.1318,651.461,1180.9344,1113.493
2019-02-02 11:55:00,91.96624800000001,1027.9416999999999,649.10525,1172.5567,1107.7979
2019-02-02 12:00:00,107.13431499999999,1049.8709999999999,680.245635,1221.0269,1156.9286
2019-02-02 12:05:00,124.0565,476.5126,375.35155999999995,652.49128,622.50486
2019-02-02 12:10:00,134.7798,352.47154,321.2753,550.3662,527.18821
2019-02-02 12:15:00,143.54979,992.9628,693.3818600000001,1223.083,1162.9270999999999
2019-02-02 12:20:00,161.60813000000002,537.94558,457.5467,790.1707999999999,754.43833
2019-02-02 12:25:00,172.13215,319.54142,341.37868,575.84384,549.61125
2019-02-02 12:30:00,170.69704,621.51124,508.31452,891.23084,844.81726
2019-02-02 12:35:00,157.94232,326.82174,328.91296,570.5983,539.12546
2019-02-02 12:40:00,150.00977,854.2124,617.04756,1096.9144000000001,1035.6697
2019-02-02 12:45:00,140.08468,970.9188399999999,670.7481700000001,1197.5602,1127.0878
2019-02-02 12:50:00,162.96828,794.8362199999999,590.65476,1038.16768,973.35162
2019-02-02 12:55:00,208.81631,369.79133,401.26205,663.59163,625.27525
2019-02-02 13:00:00,229.831,175.79509000000002,320.40653000000003,507.18067,481.00298000000004
2019-02-02 13:05:00,238.88142000000002,344.81692,422.33214,699.09654,658.48358
2019-02-02 13:10:00,246.45266,502.06017,510.82523000000003,861.6156699999999,805.8460600000001
2019-02-02 13:15:00,262.39974,258.76059999999995,393.56980000000004,618.46254,583.45272
2019-02-02 13:20:00,277.39398,141.187068,349.8031,513.4302,491.9791
2019-02-02 13:25:00,273.65048,292.84182,423.10378000000003,646.58804,614.0570799999999
2019-02-02 13:30:00,271.77674,121.13431299999999,328.49405,450.69537,438.15185
2019-02-02 13:35:00,274.56551,31.457137,283.50939,353.03036000000003,353.5913
2019-02-02 13:40:00,247.25322999999997,28.941524700000002,253.98445999999998,300.71772999999996,307.63955999999996
2019-02-02 13:45:00,219.02584000000002,0.0,210.20986,230.09650000000002,241.66586
2019-02-02 13:50:00,202.36382,-0.6707207399999999,194.68794,209.80025999999998,221.09508
2019-02-02 13:55:00,202.3259,0.8384090999999998,195.70779,209.73132,220.82289999999998
2019-02-02 14:00:00,204.1228,2.8170934,198.51002,209.80522000000002,223.5691
2019-02-02 14:05:00,184.27102,2.2134586,177.64334,180.99128000000002,194.3568
2019-02-02 14:10:00,196.95170000000002,2.683015,191.64346,186.6718,201.76605999999998
2019-02-02 14:15:00,197.90947999999997,4.7623746,192.1534,180.5686,199.5724
2019-02-02 14:20:00,179.52942000000002,0.0,171.79235,154.66118,174.05964999999998
2019-02-02 14:25:00,171.59618,2.2135008,166.0666,155.15857999999997,170.35688
2019-02-02 14:30:00,158.56062,20.6595547,164.28666,179.78992,184.82949
2019-02-02 14:35:00,150.3091,1.006157,148.254,152.46444000000002,160.62148
2019-02-02 14:40:00,153.26037000000002,6.3388261,152.5179,149.48417,159.73081
2019-02-02 14:45:00,154.6965,2.683114,149.78262,140.5414,151.5702
2019-02-02 14:50:00,163.98685,3.7563737,161.80911999999998,164.1785,169.19681
2019-02-02 14:55:00,188.58724,393.31318,339.20804,605.89292,495.52056000000005
2019-02-02 15:00:00,209.28023,686.9825,467.42181,926.7278399999999,725.89573
2019-02-02 15:05:00,221.75994,193.28636,284.99652000000003,409.2768,356.84425
2019-02-02 15:10:00,218.89015,903.0462100000001,539.77113,1141.5929,859.09056
2019-02-02 15:15:00,205.09688,930.7923800000001,527.49578,1161.692,852.65198
2019-02-02 15:20:00,179.06309000000002,916.78324,483.21449999999993,1126.9946,802.5938199999999
2019-02-02 15:25:00,160.6825,906.92354,450.63595999999995,1114.574,767.8902599999999
2019-02-02 15:30:00,169.09457,303.70394,255.60519,529.38818,381.5428
2019-02-02 15:35:00,158.40811,446.27938000000006,280.73766,661.83763,453.21222
2019-02-02 15:40:00,151.11114,906.1724399999999,404.30652,1126.4826,722.20138
2019-02-02 15:45:00,151.30992999999998,589.08704,305.16947999999996,795.1361899999999,513.15202
2019-02-02 15:50:00,155.69732,663.24964,321.97118,877.12902,551.56525
2019-02-02 15:55:00,147.04674,515.9817,267.88784,728.9963599999999,453.35533999999996
2019-02-02 16:00:00,129.82382,176.62462,160.09838,364.99964,239.91784
2019-02-02 16:05:00,121.17093,94.751621,131.20875,276.12624999999997,187.4477
2019-02-02 16:10:00,118.81702,92.503272,126.88022000000001,261.35844000000003,180.38102
2019-02-02 16:15:00,109.6448,26.496159999999996,105.11666,178.1638,137.16966
2019-02-02 16:20:00,96.00827,48.564752,95.06247599999999,178.8723,132.3678
2019-02-02 16:25:00,78.86381399999999,11.067914,70.37411399999999,111.86600000000001,92.588696
2019-02-02 16:30:00,69.21516199999999,1.408644,60.829706,90.85562,77.50016999999998
2019-02-02 16:35:00,64.19068,1.7775523,56.693098,84.46629,70.64087
2019-02-02 16:40:00,59.48603000000001,12.878874,52.939009999999996,84.04042799999999,67.89755
2019-02-02 16:45:00,50.51549,78.816329,51.412139,135.14662,82.094641
2019-02-02 16:50:00,41.06689,5.9700088,34.1056,45.428134,42.796853999999996
2019-02-02 16:55:00,32.375172000000006,-0.30185540999999994,26.21559,28.037770000000002,30.863220000000002
2019-02-02 17:00:00,23.603562,-0.6707895,18.45271,18.313272,21.53566
2019-02-02 17:05:00,15.190941,-1.006193,10.75357,10.3634196,12.825494
2019-02-02 17:10:00,9.8882084,-1.006208,5.5359423,5.3237485,6.927236499999999
2019-02-02 17:15:00,5.183323,-1.0062052,1.2726272,2.1294944,2.0575904
2019-02-02 17:20:00,3.2694609999999997,-1.006199,0.0,1.419654,1.371718
2019-02-02 17:25:00,1.196136,-1.006192,-1.908916,0.0,-1.371709
2019-02-02 17:30:00,0.7974271499999999,-0.6707974999999999,-1.9089234999999998,-0.28393022999999995,-2.0575715
2019-02-02 17:35:00,0.0,-0.6707984999999999,-1.9089269999999998,-1.419652,-2.057575
2019-02-02 17:40:00,0.0,-0.6708075,-1.908952,-1.419671,-2.057602
2019-02-02 17:45:00,0.0,-0.67081345,-2.0362341,-1.419684,-2.0576205
2019-02-02 17:50:00,-0.47847816000000004,-0.6708281999999999,-3.181685,-1.419715,-2.057666
2019-02-02 17:55:00,0.0,-0.6708492,-3.181785,-1.41976,-2.05773
2019-02-02 18:00:00,-0.03987545,-0.63732095,-2.4182109,-1.4197916000000002,-2.0577766
2019-02-02 18:05:00,-0.07975189999999997,0.0,-1.909144,-1.419814,-2.057809
2019-02-02 18:10:00,-0.31901191999999995,-0.670884,-2.800116,-1.419833,-2.057837
2019-02-02 18:15:00,-0.23926061999999995,-0.6708886999999999,-3.0546934,-1.4198432,-2.0578510000000003
2019-02-02 18:20:00,-0.7975396,-0.9727934099999999,-3.181989,-1.41985,-2.057862
2019-02-02 18:25:00,0.0,-0.6708946,-1.9091999999999998,-1.419856,-2.057869
2019-02-02 18:30:00,-0.31901766,-0.6708959200000001,-1.9092037999999998,-1.4198588,-2.0578738000000003
2019-02-02 18:35:00,0.0,-0.57026212,-1.9092061,-1.41986,-2.057876
2019-02-02 18:40:00,-0.43865007999999994,-0.6708971999999999,-1.909208,-1.3488679600000002,-1.646302
2019-02-02 18:45:00,-0.5582821799999999,-0.9392562999999999,-1.9092088,-1.419862,-2.057878
2019-02-02 18:50:00,0.0,-0.4696283199999999,-1.909209,-1.419862,-2.057879
2019-02-02 18:55:00,0.0,0.0,-1.909209,-0.7099311999999999,-1.9206871999999997
2019-02-02 19:00:00,0.0,0.0,-1.909209,-0.7099311999999999,-1.5777077
2019-02-02 19:05:00,-0.11963193999999999,0.0,-1.909209,-0.7099311999999999,-2.057879
2019-02-02 19:10:00,0.0,0.0,-1.909209,-0.28397247999999997,-1.37192
2019-02-02 19:15:00,-0.23926385999999994,-0.6708977,-1.909209,-0.7099311999999999,-1.37192
2019-02-02 19:20:00,-0.3588957899999999,-0.6708977,-1.909209,-0.7099311999999999,-1.4405158999999998
2019-02-02 19:25:00,-0.039877309999999985,0.0,-1.909209,-0.7099311999999999,-1.6463036
2019-02-02 19:30:00,0.0,0.60380794,-1.909209,-0.7099311999999999,-2.057879
2019-02-02 19:35:00,-0.75766898,-0.9057122100000001,-1.909209,-0.7099311999999999,-1.9206871999999997
2019-02-02 19:40:00,-0.7975463,-1.006347,-2.4183314000000005,-1.419862,-2.057879
2019-02-02 19:45:00,-0.07975461999999997,0.20126933999999994,-1.909209,-0.7099311999999999,-2.057879
2019-02-02 19:50:00,-0.3987730999999999,0.0,-1.909209,-0.7099311999999999,-2.057879
2019-02-02 19:55:00,-0.4785277399999999,-0.6708977,-2.545612,-0.8519173599999998,-2.057879
2019-02-02 20:00:00,-0.43865041999999993,-0.6708977,-3.182015,-1.419862,-2.057879
2019-02-02 20:05:00,-0.07975461999999997,0.3019040099999999,-2.4183314000000005,-0.7099311999999999,-2.057879
2019-02-02 20:10:00,-0.07975461999999997,0.3019040099999999,-2.545612,-0.7099311999999999,-2.057879
2019-02-02 20:15:00,0.0,0.6708977,-1.909209,-0.7099311999999999,-2.057879
2019-02-02 20:20:00,-0.7177916599999999,-0.6708977,-3.182015,-1.419862,-2.057879
2019-02-02 20:25:00,-0.3987730999999999,-0.6708977,-3.182015,-1.419862,-2.057879
2019-02-02 20:30:00,-0.7177916599999999,-1.0734366000000002,-3.182015,-1.419862,-2.057879
2019-02-02 20:35:00,-0.4785277399999999,-1.341795,-3.182015,-1.419862,-2.057879
2019-02-02 20:40:00,-0.55828238,-0.87216728,-3.182015,-1.419862,-2.126475
2019-02-02 20:45:00,0.0,0.6708977,-2.545612,-1.419862,-2.057879
2019-02-02 20:50:00,0.0,1.2076158000000001,-1.909209,-0.7099311999999999,-2.057879
2019-02-02 20:55:00,0.0,1.677244,-1.909209,-0.5679449599999999,-2.6066469999999997
2019-02-02 21:00:00,-0.7177916599999999,-0.6708977,-2.545612,-0.7099311999999999,-2.057879
2019-02-02 21:05:00,-0.7975463,-1.677244,-3.182015,-1.419862,-2.1950709999999996
2019-02-02 21:10:00,0.0,-0.6708977,-3.182015,-1.419862,-2.057879
2019-02-02 21:15:00,-0.3987775,-1.006357,-3.18205,-1.419878,-2.057901
2019-02-02 21:20:00,0.0,-0.57027095,-2.6092882000000004,-1.419882,-2.057908
2019-02-02 21:25:00,0.0,-0.3354531,-2.545644,-1.135904,-2.057905
2019-02-02 21:30:00,0.3588991199999999,0.6709039,-1.909227,-0.7099378,-1.9207047999999998
2019-02-02 21:35:00,0.0,0.53673216,-1.909259,-0.7099495999999998,-1.371955
2019-02-02 21:40:00,0.0,0.67093315,-1.9093101999999997,-0.7099686999999999,-1.57779
2019-02-02 21:45:00,-0.7976147,-0.80514638,-2.2912478,-0.99398886,-2.058056
2019-02-02 21:50:00,-0.3988190999999999,-1.34195,-2.6732012000000003,-1.420026,-2.058116
2019-02-02 21:55:00,-0.3988222,-1.00647,-2.545926,-1.420037,-2.058133
2019-02-02 22:00:00,0.0,0.3354929999999999,-1.9094609999999999,-0.7100247,-1.7837299999999998
2019-02-02 22:05:00,-0.03988222,0.3354902,-1.909444,-0.7100186,-1.5779012
2019-02-02 22:10:00,0.0,0.067098,-1.909443,-0.7100180999999999,-1.372087
2019-02-02 22:15:00,-0.3988258,-0.6709861999999999,-2.545948,-1.42005,-2.058151
2019-02-02 22:20:00,0.31906208,1.006484,-1.90947,-0.7100281,-1.372107
2019-02-02 22:25:00,0.0,0.40258931999999986,-1.90945,-0.7100206,-1.372092
2019-02-02 22:30:00,0.0,0.3354925,-1.9094570000000002,-0.7100233999999999,-1.372098
2019-02-02 22:35:00,-0.3988290999999999,-0.6709918999999999,-2.4823198,-0.7100307999999999,-1.5093232
2019-02-02 22:40:00,-0.6381313399999999,-1.0064955999999998,-3.1824848,-1.4200718,-2.0581831999999998
2019-02-02 22:45:00,-0.398835,-0.6710017999999999,-2.546007,-1.420083,-2.058198
2019-02-02 22:50:00,0.0,0.2684021599999999,-1.909516,-0.7100452,-2.05821
2019-02-02 22:55:00,-0.3190707199999999,0.0,-1.9095217999999998,-0.7100472799999998,-1.7837869999999998
2019-02-02 23:00:00,-0.07976784,-0.6710087999999998,-2.4823831000000003,-0.7100486999999999,-1.7151834999999997
2019-02-02 23:05:00,0.0,-0.3355013,-2.54601,-0.7100421999999998,-2.058201
2019-02-02 23:10:00,-0.23930074999999995,-0.57035098,-2.5460048,-0.7100406599999999,-2.0581968
2019-02-02 23:15:00,-0.35895191,-0.67100249,-2.5460094,-0.71004199,-2.0582002999999998
2019-02-02 23:20:00,,,,,
2019-02-02 23:25:00,,,,,
2019-02-02 23:30:00,,,,,
2019-02-02 23:35:00,,,,,
2019-02-02 23:40:00,,,,,
2019-02-02 23:45:00,,,,,
2019-02-02 23:50:00,,,,,
2019-02-02 23:55:00,,,,,
2019-02-03 00:00:00,,,,,
2019-02-03 00:05:00,,,,,
2019-02-03 00:10:00,,,,,
2019-02-03 00:15:00,,,,,
2019-02-03 00:20:00,,,,,
2019-02-03 00:25:00,,,,,
2019-02-03 00:30:00,,,,,
2019-02-03 00:35:00,,,,,
2019-02-03 00:40:00,,,,,
2019-02-03 00:45:00,,,,,
2019-02-03 00:50:00,,,,,
2019-02-03 00:55:00,,,,,
2019-02-03 01:00:00,,,,,
2019-02-03 01:05:00,,,,,
2019-02-03 01:10:00,,,,,
2019-02-03 01:15:00,,,,,
2019-02-03 01:20:00,,,,,
2019-02-03 01:25:00,,,,,
2019-02-03 01:30:00,,,,,
2019-02-03 01:35:00,,,,,
2019-02-03 01:40:00,,,,,
2019-02-03 01:45:00,,,,,
2019-02-03 01:50:00,,,,,
2019-02-03 01:55:00,,,,,
2019-02-03 02:00:00,,,,,
2019-02-03 02:05:00,,,,,
2019-02-03 02:10:00,,,,,
2019-02-03 02:15:00,,,,,
2019-02-03 02:20:00,,,,,
2019-02-03 02:25:00,,,,,
2019-02-03 02:30:00,,,,,
2019-02-03 02:35:00,,,,,
2019-02-03 02:40:00,,,,,
2019-02-03 02:45:00,,,,,
2019-02-03 02:50:00,,,,,
2019-02-03 02:55:00,,,,,
2019-02-03 03:00:00,,,,,
2019-02-03 03:05:00,,,,,
2019-02-03 03:10:00,,,,,
2019-02-03 03:15:00,,,,,
2019-02-03 03:20:00,,,,,
2019-02-03 03:25:00,,,,,
2019-02-03 03:30:00,,,,,
2019-02-03 03:35:00,,,,,
2019-02-03 03:40:00,,,,,
2019-02-03 03:45:00,,,,,
2019-02-03 03:50:00,,,,,
2019-02-03 03:55:00,,,,,
2019-02-03 04:00:00,,,,,
2019-02-03 04:05:00,,,,,
2019-02-03 04:10:00,,,,,
2019-02-03 04:15:00,,,,,
2019-02-03 04:20:00,,,,,
2019-02-03 04:25:00,,,,,
2019-02-03 04:30:00,,,,,
2019-02-03 04:35:00,,,,,
2019-02-03 04:40:00,,,,,
2019-02-03 04:45:00,,,,,
2019-02-03 04:50:00,,,,,
2019-02-03 04:55:00,,,,,
2019-02-03 05:00:00,,,,,
2019-02-03 05:05:00,,,,,
2019-02-03 05:10:00,,,,,
2019-02-03 05:15:00,,,,,
2019-02-03 05:20:00,,,,,
2019-02-03 05:25:00,,,,,
2019-02-03 05:30:00,,,,,
2019-02-03 05:35:00,,,,,
2019-02-03 05:40:00,,,,,
2019-02-03 05:45:00,,,,,
2019-02-03 05:50:00,,,,,
2019-02-03 05:55:00,,,,,
2019-02-03 06:00:00,,,,,
2019-02-03 06:05:00,,,,,
2019-02-03 06:10:00,,,,,
2019-02-03 06:15:00,,,,,
2019-02-03 06:20:00,,,,,
2019-02-03 06:25:00,,,,,
2019-02-03 06:30:00,,,,,
2019-02-03 06:35:00,,,,,
2019-02-03 06:40:00,,,,,
2019-02-03 06:45:00,,,,,
2019-02-03 06:50:00,,,,,
2019-02-03 06:55:00,,,,,
2019-02-03 07:00:00,,,,,
2019-02-03 07:05:00,,,,,
2019-02-03 07:10:00,,,,,
2019-02-03 07:15:00,,,,,
2019-02-03 07:20:00,,,,,
2019-02-03 07:25:00,,,,,
2019-02-03 07:30:00,,,,,
2019-02-03 07:35:00,,,,,
2019-02-03 07:40:00,,,,,
2019-02-03 07:45:00,,,,,
2019-02-03 07:50:00,,,,,
2019-02-03 07:55:00,,,,,
2019-02-03 08:00:00,,,,,
2019-02-03 08:05:00,,,,,
2019-02-03 08:10:00,,,,,
2019-02-03 08:15:00,,,,,
2019-02-03 08:20:00,,,,,
2019-02-03 08:25:00,,,,,
2019-02-03 08:30:00,,,,,
2019-02-03 08:35:00,,,,,
2019-02-03 08:40:00,,,,,
2019-02-03 08:45:00,,,,,
2019-02-03 08:50:00,,,,,
2019-02-03 08:55:00,,,,,
2019-02-03 09:00:00,,,,,
2019-02-03 09:05:00,,,,,
2019-02-03 09:10:00,,,,,
2019-02-03 09:15:00,,,,,
2019-02-03 09:20:00,,,,,
2019-02-03 09:25:00,,,,,
2019-02-03 09:30:00,,,,,
2019-02-03 09:35:00,,,,,
2019-02-03 09:40:00,,,,,
2019-02-03 09:45:00,,,,,
2019-02-03 09:50:00,,,,,
2019-02-03 09:55:00,,,,,
2019-02-03 10:00:00,,,,,
2019-02-03 10:05:00,,,,,
2019-02-03 10:10:00,,,,,
2019-02-03 10:15:00,,,,,
2019-02-03 10:20:00,,,,,
2019-02-03 10:25:00,,,,,
2019-02-03 10:30:00,,,,,
2019-02-03 10:35:00,,,,,
2019-02-03 10:40:00,,,,,
2019-02-03 10:45:00,,,,,
2019-02-03 10:50:00,,,,,
2019-02-03 10:55:00,,,,,
2019-02-03 11:00:00,,,,,
2019-02-03 11:05:00,,,,,
2019-02-03 11:10:00,,,,,
2019-02-03 11:15:00,,,,,
2019-02-03 11:20:00,,,,,
2019-02-03 11:25:00,,,,,
2019-02-03 11:30:00,,,,,
2019-02-03 11:35:00,,,,,
2019-02-03 11:40:00,,,,,
2019-02-03 11:45:00,,,,,
2019-02-03 11:50:00,,,,,
2019-02-03 11:55:00,,,,,
2019-02-03 12:00:00,,,,,
2019-02-03 12:05:00,,,,,
2019-02-03 12:10:00,,,,,
2019-02-03 12:15:00,,,,,
2019-02-03 12:20:00,,,,,
2019-02-03 12:25:00,,,,,
2019-02-03 12:30:00,,,,,
2019-02-03 12:35:00,,,,,
2019-02-03 12:40:00,,,,,
2019-02-03 12:45:00,,,,,
2019-02-03 12:50:00,,,,,
2019-02-03 12:55:00,,,,,
2019-02-03 13:00:00,,,,,
2019-02-03 13:05:00,,,,,
2019-02-03 13:10:00,,,,,
2019-02-03 13:15:00,,,,,
2019-02-03 13:20:00,,,,,
2019-02-03 13:25:00,,,,,
2019-02-03 13:30:00,,,,,
2019-02-03 13:35:00,,,,,
2019-02-03 13:40:00,,,,,
2019-02-03 13:45:00,,,,,
2019-02-03 13:50:00,,,,,
2019-02-03 13:55:00,,,,,
2019-02-03 14:00:00,,,,,
2019-02-03 14:05:00,,,,,
2019-02-03 14:10:00,,,,,
2019-02-03 14:15:00,,,,,
2019-02-03 14:20:00,,,,,
2019-02-03 14:25:00,,,,,
2019-02-03 14:30:00,,,,,
2019-02-03 14:35:00,,,,,
2019-02-03 14:40:00,,,,,
2019-02-03 14:45:00,,,,,
2019-02-03 14:50:00,,,,,
2019-02-03 14:55:00,,,,,
2019-02-03 15:00:00,,,,,
2019-02-03 15:05:00,,,,,
2019-02-03 15:10:00,,,,,
2019-02-03 15:15:00,,,,,
2019-02-03 15:20:00,,,,,
2019-02-03 15:25:00,,,,,
2019-02-03 15:30:00,,,,,
2019-02-03 15:35:00,,,,,
2019-02-03 15:40:00,,,,,
2019-02-03 15:45:00,,,,,
2019-02-03 15:50:00,,,,,
2019-02-03 15:55:00,,,,,
2019-02-03 16:00:00,,,,,
2019-02-03 16:05:00,,,,,
2019-02-03 16:10:00,,,,,
2019-02-03 16:15:00,,,,,
2019-02-03 16:20:00,,,,,
2019-02-03 16:25:00,,,,,
2019-02-03 16:30:00,,,,,
2019-02-03 16:35:00,,,,,
2019-02-03 16:40:00,,,,,
2019-02-03 16:45:00,,,,,
2019-02-03 16:50:00,,,,,
2019-02-03 16:55:00,,,,,
2019-02-03 17:00:00,,,,,
2019-02-03 17:05:00,,,,,
2019-02-03 17:10:00,,,,,
2019-02-03 17:15:00,,,,,
2019-02-03 17:20:00,,,,,
2019-02-03 17:25:00,,,,,
2019-02-03 17:30:00,,,,,
2019-02-03 17:35:00,,,,,
2019-02-03 17:40:00,,,,,
2019-02-03 17:45:00,,,,,
2019-02-03 17:50:00,,,,,
2019-02-03 17:55:00,,,,,
2019-02-03 18:00:00,,,,,
2019-02-03 18:05:00,,,,,
2019-02-03 18:10:00,,,,,
2019-02-03 18:15:00,,,,,
2019-02-03 18:20:00,,,,,
2019-02-03 18:25:00,,,,,
2019-02-03 18:30:00,,,,,
2019-02-03 18:35:00,,,,,
2019-02-03 18:40:00,,,,,
2019-02-03 18:45:00,,,,,
2019-02-03 18:50:00,,,,,
2019-02-03 18:55:00,,,,,
2019-02-03 19:00:00,,,,,
2019-02-03 19:05:00,,,,,
2019-02-03 19:10:00,,,,,
2019-02-03 19:15:00,,,,,
2019-02-03 19:20:00,,,,,
2019-02-03 19:25:00,,,,,
2019-02-03 19:30:00,,,,,
2019-02-03 19:35:00,,,,,
2019-02-03 19:40:00,,,,,
2019-02-03 19:45:00,,,,,
2019-02-03 19:50:00,,,,,
2019-02-03 19:55:00,,,,,
2019-02-03 20:00:00,,,,,
2019-02-03 20:05:00,,,,,
2019-02-03 20:10:00,,,,,
2019-02-03 20:15:00,,,,,
2019-02-03 20:20:00,,,,,
2019-02-03 20:25:00,,,,,
2019-02-03 20:30:00,,,,,
2019-02-03 20:35:00,,,,,
2019-02-03 20:40:00,,,,,
2019-02-03 20:45:00,,,,,
2019-02-03 20:50:00,,,,,
2019-02-03 20:55:00,,,,,
2019-02-03 21:00:00,,,,,
2019-02-03 21:05:00,,,,,
2019-02-03 21:10:00,,,,,
2019-02-03 21:15:00,,,,,
2019-02-03 21:20:00,,,,,
2019-02-03 21:25:00,,,,,
2019-02-03 21:30:00,,,,,
2019-02-03 21:35:00,,,,,
2019-02-03 21:40:00,,,,,
2019-02-03 21:45:00,,,,,
2019-02-03 21:50:00,,,,,
2019-02-03 21:55:00,,,,,
2019-02-03 22:00:00,,,,,
2019-02-03 22:05:00,,,,,
2019-02-03 22:10:00,,,,,
2019-02-03 22:15:00,,,,,
2019-02-03 22:20:00,,,,,
2019-02-03 22:25:00,,,,,
2019-02-03 22:30:00,,,,,
2019-02-03 22:35:00,,,,,
2019-02-03 22:40:00,,,,,
2019-02-03 22:45:00,,,,,
2019-02-03 22:50:00,,,,,
2019-02-03 22:55:00,,,,,
2019-02-03 23:00:00,,,,,
2019-02-03 23:05:00,,,,,
2019-02-03 23:10:00,,,,,
2019-02-03 23:15:00,,,,,
2019-02-03 23:20:00,,,,,
2019-02-03 23:25:00,,,,,
2019-02-03 23:30:00,,,,,
2019-02-03 23:35:00,,,,,
2019-02-03 23:40:00,,,,,
2019-02-03 23:45:00,,,,,
2019-02-03 23:50:00,,,,,
2019-02-03 23:55:00,,,,,
2019-02-04 00:00:00,,,,,
2019-02-04 00:05:00,,,,,
2019-02-04 00:10:00,,,,,
2019-02-04 00:15:00,,,,,
2019-02-04 00:20:00,,,,,
2019-02-04 00:25:00,,,,,
2019-02-04 00:30:00,,,,,
2019-02-04 00:35:00,,,,,
2019-02-04 00:40:00,,,,,
2019-02-04 00:45:00,,,,,
2019-02-04 00:50:00,,,,,
2019-02-04 00:55:00,,,,,
2019-02-04 01:00:00,,,,,
2019-02-04 01:05:00,,,,,
2019-02-04 01:10:00,,,,,
2019-02-04 01:15:00,,,,,
2019-02-04 01:20:00,,,,,
2019-02-04 01:25:00,,,,,
2019-02-04 01:30:00,,,,,
2019-02-04 01:35:00,,,,,
2019-02-04 01:40:00,,,,,
2019-02-04 01:45:00,,,,,
2019-02-04 01:50:00,,,,,
2019-02-04 01:55:00,,,,,
2019-02-04 02:00:00,,,,,
2019-02-04 02:05:00,,,,,
2019-02-04 02:10:00,,,,,
2019-02-04 02:15:00,,,,,
2019-02-04 02:20:00,,,,,
2019-02-04 02:25:00,,,,,
2019-02-04 02:30:00,,,,,
2019-02-04 02:35:00,,,,,
2019-02-04 02:40:00,,,,,
2019-02-04 02:45:00,,,,,
2019-02-04 02:50:00,,,,,
2019-02-04 02:55:00,,,,,
2019-02-04 03:00:00,,,,,
2019-02-04 03:05:00,,,,,
2019-02-04 03:10:00,,,,,
2019-02-04 03:15:00,,,,,
2019-02-04 03:20:00,,,,,
2019-02-04 03:25:00,,,,,
2019-02-04 03:30:00,,,,,
2019-02-04 03:35:00,,,,,
2019-02-04 03:40:00,,,,,
2019-02-04 03:45:00,,,,,
2019-02-04 03:50:00,,,,,
2019-02-04 03:55:00,,,,,
2019-02-04 04:00:00,,,,,
2019-02-04 04:05:00,,,,,
2019-02-04 04:10:00,,,,,
2019-02-04 04:15:00,,,,,
2019-02-04 04:20:00,,,,,
2019-02-04 04:25:00,,,,,
2019-02-04 04:30:00,,,,,
2019-02-04 04:35:00,,,,,
2019-02-04 04:40:00,,,,,
2019-02-04 04:45:00,,,,,
2019-02-04 04:50:00,,,,,
2019-02-04 04:55:00,,,,,
2019-02-04 05:00:00,,,,,
2019-02-04 05:05:00,,,,,
2019-02-04 05:10:00,,,,,
2019-02-04 05:15:00,,,,,
2019-02-04 05:20:00,,,,,
2019-02-04 05:25:00,,,,,
2019-02-04 05:30:00,,,,,
2019-02-04 05:35:00,,,,,
2019-02-04 05:40:00,,,,,
2019-02-04 05:45:00,,,,,
2019-02-04 05:50:00,,,,,
2019-02-04 05:55:00,,,,,
2019-02-04 06:00:00,,,,,
2019-02-04 06:05:00,,,,,
2019-02-04 06:10:00,,,,,
2019-02-04 06:15:00,,,,,
2019-02-04 06:20:00,,,,,
2019-02-04 06:25:00,,,,,
2019-02-04 06:30:00,,,,,
2019-02-04 06:35:00,,,,,
2019-02-04 06:40:00,,,,,
2019-02-04 06:45:00,,,,,
2019-02-04 06:50:00,,,,,
2019-02-04 06:55:00,,,,,
2019-02-04 07:00:00,,,,,
2019-02-04 07:05:00,,,,,
2019-02-04 07:10:00,,,,,
2019-02-04 07:15:00,,,,,
2019-02-04 07:20:00,,,,,
2019-02-04 07:25:00,,,,,
2019-02-04 07:30:00,,,,,
2019-02-04 07:35:00,,,,,
2019-02-04 07:40:00,,,,,
2019-02-04 07:45:00,,,,,
2019-02-04 07:50:00,,,,,
2019-02-04 07:55:00,,,,,
2019-02-04 08:00:00,,,,,
2019-02-04 08:05:00,,,,,
2019-02-04 08:10:00,,,,,
2019-02-04 08:15:00,,,,,
2019-02-04 08:20:00,86.754336,336.53737,112.22526,447.50787,233.14602
2019-02-04 08:25:00,72.036252,120.38886,77.02383,229.79059999999998,132.14856
2019-02-04 08:30:00,98.04122,366.86512000000005,134.6942,481.58732,266.35148
2019-02-04 08:35:00,121.9709,553.47464,186.2513,684.2358,383.39618
2019-02-04 08:40:00,122.68732,523.67408,188.15861999999998,661.15006,382.84262
2019-02-04 08:45:00,161.77314,832.6754199999999,278.16104,975.91502,573.84586
2019-02-04 08:50:00,168.15332,883.93436,302.60104,1023.6229999999999,616.51554
2019-02-04 08:55:00,161.05329999999998,844.81078,301.19958,979.02748,605.3987
2019-02-04 09:00:00,162.48676,825.8760399999999,309.21522,971.7708200000001,617.05314
2019-02-04 09:05:00,165.1132,816.3856800000001,319.5152,966.76592,629.24278
2019-02-04 09:10:00,170.2933,829.24604,336.43654000000004,985.0577,654.47144
2019-02-04 09:15:00,174.11588,824.2523799999999,348.77194,990.4195400000001,673.1082399999999
2019-02-04 09:20:00,141.2513,433.55206,234.96972,619.79554,438.48357999999996
2019-02-04 09:25:00,171.31804,600.9409800000001,317.44728,813.17938,584.86668
2019-02-04 09:30:00,188.54332,652.2584199999999,356.01016,877.3485799999999,641.38374
2019-02-04 09:35:00,183.59706,674.32636,367.97208,895.37452,659.90018
2019-02-04 09:40:00,172.43063,699.41544,377.07128,898.13984,671.42176
2019-02-04 09:45:00,188.42113,946.0704600000001,479.72266,1126.8784,853.4747
2019-02-04 09:50:00,181.88091,924.7342500000001,481.05832,1093.8646,842.9780699999999
2019-02-04 09:55:00,169.9574,825.20566,448.41038,994.3312,777.4680599999999
2019-02-04 10:00:00,167.3254,854.7247,466.52638,1026.6563266666667,810.71386
2019-02-04 10:05:00,159.27014,981.45715,516.50513,1124.1771,898.81377
2019-02-04 10:10:00,159.1106,972.06436,526.30568,1116.5804,908.34848
2019-02-04 10:15:00,171.3928,881.29182,513.83214,1054.2484,872.9529200000001
2019-02-04 10:20:00,183.356,782.3343199999999,499.57669999999996,999.44164,839.2037
2019-02-04 10:25:00,183.11576,424.74328,353.7111,667.3321,573.04802
2019-02-04 10:30:00,190.2104,548.9158,426.76194,797.09222,692.6659999999999
2019-02-04 10:35:00,219.63689999999997,665.10578,513.56008,946.8745000000001,830.80668
2019-02-04 10:40:00,220.83159999999998,463.90682,423.95442,747.24312,664.39348
2019-02-04 10:45:00,247.62310000000002,409.08868,432.21878,732.17872,661.6367
2019-02-04 10:50:00,232.38346,326.16026,379.26108,635.7555199999999,573.82076
2019-02-04 10:55:00,246.45232000000001,461.65683,466.10974000000004,790.55619,720.5834600000001
2019-02-04 11:00:00,269.4552,679.99892,598.7759199999999,999.87672,919.6129400000002
2019-02-04 11:05:00,269.05267,611.36655,566.06114,895.092,834.0047199999999
2019-02-04 11:10:00,260.72002,731.40746,628.54793,1037.9112300000002,963.0852500000001
2019-02-04 11:15:00,249.59562,623.0390199999999,562.62558,926.89306,863.7718199999999
2019-02-04 11:20:00,249.15896000000004,681.8734999999999,603.09955,1005.7626700000001,942.58439
2019-02-04 11:25:00,228.54497333333333,857.7799866666667,676.1902866666666,1142.6882666666668,1071.0456666666666
2019-02-04 11:30:00,210.95625,852.2018700000001,661.55949,1127.0434,1059.0849
2019-02-04 11:35:00,196.87686,902.5890800000001,682.7312,1175.1396,1107.3408
2019-02-04 11:40:00,201.02134,915.69331,694.94075,1178.1797000000001,1118.5771
2019-02-04 11:45:00,220.07552,770.3607399999999,641.8656199999999,1047.2078000000001,1005.9497800000001
2019-02-04 11:50:00,218.07764000000003,968.21324,755.86912,1239.8164000000002,1191.7808
2019-02-04 11:55:00,226.72518999999997,782.47216,658.51125,1059.7311,1023.3312899999999
2019-02-04 12:00:00,235.09222,941.04581,760.80278,1207.3337999999999,1169.7904
2019-02-04 12:05:00,236.24411,856.08439,714.15431,1113.9832000000001,1081.8547999999998
2019-02-04 12:10:00,193.98323,997.0156199999999,752.37823,1218.9309,1174.2067
2019-02-04 12:15:00,154.03684,931.2782,680.98876,1134.8892,1085.1855
2019-02-04 12:20:00,118.55658000000001,1030.2312,698.2890199999999,1192.297,1137.6374
2019-02-04 12:25:00,95.394908,919.89959,611.06334,1059.8613,1012.2792999999999
2019-02-04 12:30:00,76.698406,1034.7836,657.1854000000001,1161.6284,1106.3588
2019-02-04 12:35:00,72.15456,1032.9822,651.0839800000001,1164.9037999999998,1107.6032
2019-02-04 12:40:00,74.307376,1002.40072,636.19802,1145.4598,1087.7188
2019-02-04 12:45:00,81.484258,963.95243,618.45785,1116.0958,1057.9059
2019-02-04 12:50:00,82.20225599999999,971.4691500000001,625.96834,1133.4897,1072.9977999999999
2019-02-04 12:55:00,102.69246000000001,931.75898,628.5734500000001,1128.6572,1067.8489000000002
2019-02-04 13:00:00,109.54834000000001,967.4653000000001,651.5987600000001,1170.592,1103.9104
2019-02-04 13:05:00,127.32868,709.1874,522.07052,931.1410800000001,876.1105799999999
2019-02-04 13:10:00,147.02438,658.22586,516.98934,931.01448,873.6562799999999
2019-02-04 13:15:00,155.0821,833.7743999999999,617.91264,1112.7384,1039.5052
2019-02-04 13:20:00,162.499,699.63716,546.91424,978.32282,910.0393200000001
2019-02-04 13:25:00,143.04702,800.39882,576.19456,1045.7726,966.8444
2019-02-04 13:30:00,143.04996,728.5769399999999,534.08518,985.8884599999999,904.3176599999999
2019-02-04 13:35:00,145.92188,731.6359,537.27165,1004.42343,916.8082099999999
2019-02-04 13:40:00,158.20156,570.35036,459.26388,854.72824,776.3511599999999
2019-02-04 13:45:00,169.7615,599.48737,484.83601,904.9698599999999,819.1361199999999
2019-02-04 13:50:00,171.51724,727.03796,545.4136000000001,1023.2284,920.2333400000001
2019-02-04 13:55:00,153.61781,783.12285,548.4741799999999,1040.9853699999999,927.3082200000001
2019-02-04 14:00:00,144.24966,750.9324,521.3731,999.9676999999999,885.00026
2019-02-04 14:05:00,121.2053,882.4749599999999,555.86212,1097.0729999999999,957.29108
2019-02-04 14:10:00,101.98836,931.1102000000001,553.70104,1118.7977999999998,961.68444
2019-02-04 14:15:00,93.93477,919.23994,533.59564,1100.3458,933.01888
2019-02-04 14:20:00,93.257098,921.9578300000001,524.6246600000001,1101.0571,921.2236500000001
2019-02-04 14:25:00,94.49316,860.68248,493.6375,1047.2541999999999,868.1401199999998
2019-02-04 14:30:00,89.03095299999998,907.60438,498.53728,1078.6287,880.69159
2019-02-04 14:35:00,89.349942,909.8181699999999,490.83823,1088.4244,874.7936
2019-02-04 14:40:00,96.486784,631.40932,380.50465999999994,856.88408,688.17566
2019-02-04 14:45:00,108.84667999999999,677.5592800000001,385.8496,862.8465,683.7863199999999
2019-02-04 14:50:00,113.55278000000001,861.2976999999998,467.17388,1061.7484,831.5272600000001
2019-02-04 14:55:00,105.7781,705.97692,393.61791,914.3208000000001,706.15472
2019-02-04 15:00:00,109.6454,875.5849999999998,453.17494,1075.0926,813.83166
2019-02-04 15:05:00,98.880881,847.28366,421.10830999999996,1030.6651,763.97575
2019-02-04 15:10:00,96.728624,826.89814,401.89502,1013.9216399999999,737.4390599999999
2019-02-04 15:15:00,98.48331,825.4252400000001,396.8059,1014.9188,729.0741
2019-02-04 15:20:00,96.091009,742.8492,352.64567,920.0852500000001,648.55363
2019-02-04 15:25:00,98.48347,816.8403199999999,372.2448,1002.1433999999999,691.35274
2019-02-04 15:30:00,97.00888599999999,750.50281,340.04957,934.5028500000001,633.33285
2019-02-04 15:35:00,100.8771,773.65012,342.72406,972.48472,646.36798
2019-02-04 15:40:00,107.49625,664.0414,305.94557,872.04494,574.2846099999999
2019-02-04 15:45:00,111.48546000000002,280.10443,189.24673,474.68197,325.8658
2019-02-04 15:50:00,127.9959,154.361181,167.2333,356.64081,259.47775
2019-02-04 15:55:00,143.02933000000002,568.00694,289.16008999999997,790.80468,506.54367999999994
2019-02-04 16:00:00,118.26681,638.24194,274.26812,830.5541799999999,505.23819000000003
2019-02-04 16:05:00,97.53368,662.4692,253.65403999999998,848.02964,490.42983999999996
2019-02-04 16:10:00,76.48078999999998,280.89058,135.03784000000002,414.43672,247.20728
2019-02-04 16:15:00,69.184815,98.853458,83.23871399999999,205.44716,134.71794
2019-02-04 16:20:00,67.550748,38.106187999999996,69.111924,134.31616,99.187696
2019-02-04 16:25:00,61.17094999999999,0.20126628000000002,56.257248000000004,82.066903,71.54461
2019-02-04 16:30:00,55.42898,-0.06708918,50.27539,74.11616199999999,63.79368999999999
2019-02-04 16:35:00,54.63165,0.6708944,49.00279,73.12255,62.422019999999996
2019-02-04 16:40:00,53.036668,-0.67089574,47.730084,65.242481,61.11883
2019-02-04 16:45:00,47.693176,-0.6708965,43.148044,57.50431999999999,54.876674
2019-02-04 16:50:00,40.595072,-0.6708971999999999,36.27494,51.82493000000001,45.95926
2019-02-04 16:55:00,37.325149999999994,-0.6708974399999998,33.729344,41.034003999999996,40.471604
2019-02-04 17:00:00,26.957062,-0.6708975999999999,23.41963,29.8171,28.12434
2019-02-04 17:05:00,17.865037,-0.6708977,14.000865999999998,20.729996,18.383718
2019-02-04 17:10:00,13.079756,-0.6708977,9.4824047,14.90856,12.964643999999998
2019-02-04 17:15:00,9.171782,-1.006347,5.727627,10.64897,7.6827489999999985
2019-02-04 17:20:00,6.5797565,-0.6708977,2.2910508,6.2473948,4.1157583
2019-02-04 17:25:00,3.9079766,-0.6708977,0.9546045000000001,2.7687319,1.37192
2019-02-04 17:30:00,1.993866,-0.6708977,-1.1455254,1.419862,0.0
2019-02-04 17:35:00,1.1564417299999998,-0.6708977,-1.272806,-0.4969518399999999,-1.37192
2019-02-04 17:40:00,0.67791434,-0.6708977,-1.909209,-0.7099311999999999,-1.37192
2019-02-04 17:45:00,0.0,-0.6708977,-1.909209,-0.8519173599999998,-2.057879
2019-02-04 17:50:00,-0.1595124,-0.3354555,-2.4183790000000003,-0.7099452,-2.05792
2019-02-04 17:55:00,-0.39878398000000004,-0.33545797999999993,-2.4183975999999996,-0.7099505399999999,-2.057935
2019-02-04 18:00:00,-0.398794,-0.3354664,-2.5457456,-0.70996824,-2.0579872
2019-02-04 18:05:00,-0.3988092999999999,-0.3354792999999999,-2.545843,-1.3489914600000001,-2.058066
2019-02-04 18:10:00,-0.3190568799999999,0.0,-2.545918,-0.7100165,-2.058126
2019-02-04 18:15:00,-0.3988265999999999,0.0,-2.2913584,-0.7100264,-1.9209446
2019-02-04 18:20:00,-0.3988444999999999,0.0,-2.546068,-1.1360928799999999,-2.058248
2019-02-04 18:25:00,-0.3988565,0.0,-2.546144,-0.9941112999999998,-2.058309
2019-02-04 18:30:00,-0.3988646,0.0,-2.4188862,-0.710094,-2.058351
2019-02-04 18:35:00,-0.23932356000000002,0.0,-1.9733421,-0.7101083,-1.9897799000000003
2019-02-04 18:40:00,-0.3988831999999999,-0.06710829999999998,-2.1007097000000003,-0.7101271,-1.8526023000000003
2019-02-04 18:45:00,-0.3988906,0.0,-2.546362,-0.7101402499999999,-2.058485
2019-02-04 18:50:00,-0.3988961999999999,0.0,-2.546398,-0.7101503,-2.058514
2019-02-04 18:55:00,-0.3989009,-0.3355562999999999,-2.546427,-1.420317,-2.058538
2019-02-04 19:00:00,-0.39890339999999996,0.0,-3.1830545,-1.4203265,-2.058551
2019-02-04 19:05:00,-0.3989051,0.0,-3.183068,-1.420332,-2.3330348
2019-02-04 19:10:00,-0.43879703999999986,-0.335561,-3.183079,-1.420337,-2.1271858999999997
2019-02-04 19:15:00,-0.39890702,0.33556152,-3.0557603999999996,-1.420339,-2.7447606
2019-02-04 19:20:00,-0.3989075,0.0,-2.546469,-1.3493239300000002,-2.2644292999999998
2019-02-04 19:25:00,-0.3989076999999999,0.6711242,-2.546471,-0.7101707,-2.6075268
2019-02-04 19:30:00,-0.39890783999999996,0.3355621999999999,-2.546472,-0.710171,-2.058574
2019-02-04 19:35:00,-0.3989078999999999,0.0,-2.546473,-1.13627368,-2.058575
2019-02-04 19:40:00,-0.3989078999999999,0.13422491999999997,-2.546473,-0.7101712,-2.058575
2019-02-04 19:45:00,-0.3989078999999999,0.0,-2.546473,-0.7101712,-2.058575
2019-02-04 19:50:00,-0.15956315999999998,0.0,-2.546473,-0.7101712,-2.058575
2019-02-04 19:55:00,-0.23934473999999994,0.0,-2.546473,-0.7101712,-2.1271940999999996
2019-02-04 20:00:00,-0.3989078999999999,-0.3355622999999999,-2.546473,-0.7101712,-2.058575
2019-02-04 20:05:00,-0.3590171099999999,-0.03355622999999999,-2.546473,-0.7101712,-2.058575
2019-02-04 20:10:00,-0.3989078999999999,-0.3355622999999999,-2.546473,-0.7101712,-2.058575
2019-02-04 20:15:00,-0.3989078999999999,-0.6711245,-2.546473,-0.7101712,-2.058575
2019-02-04 20:20:00,-0.3989078999999999,-0.3355622999999999,-2.546473,-0.7101712,-2.058575
2019-02-04 20:25:00,-0.3989078999999999,-0.3355622999999999,-2.546473,-0.75751592,-2.058575
2019-02-04 20:30:00,-0.3989078999999999,-0.3355622999999999,-2.546473,-0.7101712,-1.372383
2019-02-04 20:35:00,-0.3989078999999999,-0.3355622999999999,-1.909854,-0.7101712,-1.372383
2019-02-04 20:40:00,-0.3989078999999999,-0.3355622999999999,-1.909854,-0.7101712,-1.372383
2019-02-04 20:45:00,-0.3989078999999999,-0.3355622999999999,-2.2918254,-0.7101712,-1.372383
2019-02-04 20:50:00,-0.3989078999999999,-0.3355622999999999,-1.909854,-0.7101712,-1.372383
2019-02-04 20:55:00,-0.3989078999999999,-0.3355622999999999,-2.4828111,-0.7101712,-1.372383
2019-02-04 21:00:00,-0.3989078999999999,-0.20133737999999995,-2.2918254,-0.7101712,-1.372383
2019-02-04 21:05:00,-0.3989078999999999,0.0,-2.1645016000000004,-0.7101712,-1.372383
2019-02-04 21:10:00,-0.3989078999999999,0.3020060699999999,-1.909854,-0.7101712,-1.372383
2019-02-04 21:15:00,-0.3590171099999999,0.03355622999999999,-2.0371778,-0.7101712,-1.372383
2019-02-04 21:20:00,-0.3989078999999999,0.0,-2.2281635,-0.7101712,-1.372383
2019-02-04 21:25:00,-0.3989078999999999,0.3355622999999999,-1.909854,-0.7101712,-1.372383
2019-02-04 21:30:00,-0.3989078999999999,0.3355622999999999,-2.4828111,-0.7101712,-1.372383
2019-02-04 21:35:00,-0.3989078999999999,0.3355622999999999,-2.546473,-0.7101712,-2.058575
2019-02-04 21:40:00,-0.3989078999999999,0.60401206,-2.546473,-0.7101712,-2.2644323
2019-02-04 21:45:00,-0.3989078999999999,0.6711245,-2.546473,-0.7101712,-1.4410021999999998
2019-02-04 21:50:00,-0.3989078999999999,0.3691185199999999,-2.546473,-0.7101712,-1.7154789999999998
2019-02-04 21:55:00,-0.3989078999999999,0.0,-2.546473,-0.7101712,-2.058575
2019-02-04 22:00:00,-0.3989078999999999,-0.3355622999999999,-2.546473,-0.7101712,-2.058575
2019-02-04 22:05:00,-0.3989078999999999,0.3355622999999999,-2.546473,-0.7101712,-2.058575
2019-02-04 22:10:00,-0.3989078999999999,-0.3355622999999999,-2.546473,-0.7101712,-2.058575
2019-02-04 22:15:00,-0.3989078999999999,-0.3355622999999999,-2.546473,-0.7101712,-2.058575
2019-02-04 22:20:00,-0.3989078999999999,-0.13422491999999997,-2.546473,-0.7101712,-2.058575
2019-02-04 22:25:00,-0.3989078999999999,-0.3355622999999999,-2.546473,-0.7101712,-2.058575
2019-02-04 22:30:00,-0.3989078999999999,-0.10066868999999998,-2.546473,-0.7101712,-1.8527174
2019-02-04 22:35:00,-0.3989078999999999,0.0,-2.546473,-0.7101712,-2.058575
2019-02-04 22:40:00,-0.3989078999999999,0.3355622999999999,-2.546473,-0.7101712,-1.5096214
2019-02-04 22:45:00,-0.3989078999999999,0.3355622999999999,-2.546473,-0.7101712,-1.9213366
2019-02-04 22:50:00,-0.4387986999999999,0.3355622999999999,-2.546473,-0.7101712,-1.372383
2019-02-04 22:55:00,-0.3590171099999999,0.0,-2.546473,-0.7101712,-1.372383
2019-02-04 23:00:00,-0.3989078999999999,0.3355622999999999,-2.546473,-0.7101712,-2.058575
2019-02-04 23:05:00,-0.3989078999999999,0.3355622999999999,-2.546473,-0.7101712,-2.058575
2019-02-04 23:10:00,-0.3989078999999999,0.06711245999999998,-2.4191492000000006,-0.7101712,-1.372383
2019-02-04 23:15:00,-0.23934473999999994,0.0,-1.909854,-0.7101712,-1.372383
2019-02-04 23:20:00,-0.15956315999999998,-0.3355622999999999,-1.909854,-0.7101712,-1.372383
2019-02-04 23:25:00,-0.3989078999999999,-0.3355622999999999,-1.909854,-0.7101712,-1.372383
2019-02-04 23:30:00,-0.3989078999999999,-0.16778114999999996,-1.909854,-0.7101712,-1.372383
2019-02-04 23:35:00,-0.3989166,0.3355696,-1.9098960000000003,-0.7101866,-1.372413
2019-02-04 23:40:00,-0.3989233999999999,0.3355753,-1.909928,-0.7101986,-1.372436
2019-02-04 23:45:00,-0.3989305,0.3355812,-2.546617,-0.7102112999999999,-1.372461
2019-02-04 23:50:00,-0.3989387999999999,0.3355882,-2.546669,-0.7102260999999999,-2.058734
2019-02-04 23:55:00,-0.39895044,0.6711960199999999,-2.5467444,-0.7102468,-1.3725298000000001
2019-02-05 00:00:00,-0.3989603999999999,0.6712127,-2.546808,-0.7102644999999999,-2.058846
2019-02-05 00:05:00,-0.3989694999999999,0.3356141,-2.546866,-0.7102808,-2.058893
2019-02-05 00:10:00,-0.3989814899999999,0.33562405999999995,-2.5469418999999998,-0.71030204,-1.9903219
2019-02-05 00:15:00,-0.3989898,0.3356311,-1.910246,-0.7103169,-1.372665
2019-02-05 00:20:00,-0.23940012,0.13425595999999995,-1.273531,-0.7103354,-1.372701
2019-02-05 00:25:00,-0.39901136,-0.3356493,-1.2735668,-0.71035534,-1.3727394
2019-02-05 00:30:00,-0.3990160999999999,-0.3356531999999999,-1.273582,-0.7103637,-1.372755
2019-02-05 00:35:00,-0.3990233,0.0,-1.910407,-0.7103764999999999,-1.37278
2019-02-05 00:40:00,-0.39902949999999987,0.3356644599999999,-2.5472484,-0.71038748,-1.3728016
2019-02-05 00:45:00,-0.3990332999999999,0.3356677,-2.547273,-0.7103943,-1.372814
2019-02-05 00:50:00,0.0,0.3356707999999999,-1.5283776,-0.7104009,-1.372827
2019-02-05 00:55:00,-0.3990393299999999,-0.33567284,-1.9104837,-0.7104050799999999,-1.3728348000000001
2019-02-05 01:00:00,-0.39904058,-0.33567378,-2.5473194,-0.7104072599999999,-1.3728394
2019-02-05 01:05:00,-0.3990414999999999,-0.3356745999999999,-2.547325,-0.7104089999999998,-1.372843
2019-02-05 01:10:00,-0.3990422,0.20140512,-2.547329,-0.7104101,-1.372845
2019-02-05 01:15:00,-0.3990424,0.3356754,-2.547331,-0.7104105,-1.372846
2019-02-05 01:20:00,-0.1995213,0.6713510999999999,-2.3562828,-0.710411,-1.372847
2019-02-05 01:25:00,-0.19952134999999996,0.3356757,-1.9105,-0.7104110999999999,-1.372847
2019-02-05 01:30:00,-0.3990427999999999,0.0,-1.9105,-0.7104112999999999,-1.372847
2019-02-05 01:35:00,-0.3990427999999999,0.3356757,-2.4836506,-0.7104112999999999,-1.372847
2019-02-05 01:40:00,-0.3990427999999999,0.6713514,-2.547334,-0.7104112999999999,-1.5101318
2019-02-05 01:45:00,-0.3990427999999999,0.6713514,-2.547334,-0.7104112999999999,-1.372847
2019-02-05 01:50:00,-0.3990427999999999,0.3356757,-1.9105,-0.7104112999999999,-1.372847
2019-02-05 01:55:00,-0.3990427999999999,0.3356757,-1.9105,-0.7104112999999999,-1.372847
2019-02-05 02:00:00,-0.3990427999999999,0.3356757,-1.273667,-0.7104112999999999,-1.372847
2019-02-05 02:05:00,-0.3990427999999999,0.3356757,-1.273667,-0.7104112999999999,-1.372847
2019-02-05 02:10:00,-0.31923423999999995,0.3356757,-1.273667,-0.7104112999999999,-1.372847
2019-02-05 02:15:00,0.03990427999999999,-0.3356757,-1.273667,-0.7104112999999999,-1.372847
2019-02-05 02:20:00,-0.31923423999999995,-0.3356757,-1.273667,-0.7104112999999999,-1.372847
2019-02-05 02:25:00,-0.3990427999999999,0.6713514,-1.273667,-0.6698163685714285,-1.372847
2019-02-05 02:30:00,-0.3990427999999999,0.6713514,-1.273667,-0.7104112999999999,-1.372847
2019-02-05 02:35:00,-0.3990427999999999,0.6713514,-1.273667,-0.7104112999999999,-1.372847
2019-02-05 02:40:00,-0.35913851999999996,0.3356757,-1.273667,-0.7104112999999999,-1.372847
2019-02-05 02:45:00,-0.3990427999999999,0.3356757,-1.273667,-0.7104112999999999,-1.372847
2019-02-05 02:50:00,-0.3990427999999999,0.16783785,-1.273667,-0.7104112999999999,-1.372847
2019-02-05 02:55:00,-0.3990427999999999,0.26854056000000004,-1.273667,-0.7104112999999999,-1.372847
2019-02-05 03:00:00,-0.3724399466666666,0.3356757,-1.485944666666667,-0.7104112999999999,-1.372847
2019-02-05 03:05:00,-0.3990427999999999,0.6713514,-1.273667,-0.7104112999999999,-1.372847
2019-02-05 03:10:00,-0.3990427999999999,0.3356757,-1.273667,0.42624677999999994,-1.372847
2019-02-05 03:15:00,-0.3990427999999999,0.3356757,-1.273667,-0.7104112999999999,-1.372847
2019-02-05 03:20:00,-0.15961711999999997,0.3356757,-1.273667,-0.7104112999999999,-1.372847
2019-02-05 03:25:00,-0.3990427999999999,0.3356757,-1.273667,-0.7104112999999999,-1.372847
2019-02-05 03:30:00,-0.15961711999999997,-0.06713514000000001,-1.273667,-0.7104112999999999,-1.372847
2019-02-05 03:35:00,-0.15961711999999997,-0.13427028000000002,-1.273667,-0.7104112999999999,-1.372847
2019-02-05 03:40:00,-0.31923423999999995,0.3356757,-1.273667,-0.7104112999999999,-1.372847
2019-02-05 03:45:00,-0.3990427999999999,0.3356757,-1.273667,-0.7104112999999999,-1.372847
2019-02-05 03:50:00,-0.3990427999999999,0.30210813000000003,-1.273667,-0.7104112999999999,-1.372847
2019-02-05 03:55:00,-0.3990427999999999,0.3356757,-1.273667,-0.7104112999999999,-1.372847
2019-02-05 04:00:00,-0.3990427999999999,0.6713514,-1.9105,-0.7104112999999999,-1.372847
2019-02-05 04:05:00,-0.3990427999999999,1.342703,-2.4836506,-0.7104112999999999,-1.372847
2019-02-05 04:10:00,-0.3990427999999999,0.6713514,-2.2926004000000004,-0.7104112999999999,-1.372847
2019-02-05 04:15:00,-0.3990427999999999,0.3356757,-1.9105,-0.7104112999999999,-1.372847
2019-02-05 04:20:00,-0.3990427999999999,0.6713514,-2.547334,-0.7104112999999999,-1.372847
2019-02-05 04:25:00,-0.3990427999999999,0.6713514,-2.547334,-0.7104112999999999,-1.372847
2019-02-05 04:30:00,-0.3990427999999999,0.6713514,-2.547334,-0.7104112999999999,-1.372847
2019-02-05 04:35:00,-0.3990427999999999,-0.3356757,-1.273667,-0.7104112999999999,-1.372847
2019-02-05 04:40:00,-0.3990427999999999,-0.3356757,-1.273667,-0.7104112999999999,-1.372847
2019-02-05 04:45:00,-0.3990427999999999,-0.3356757,-1.273667,-0.7104112999999999,-1.372847
2019-02-05 04:50:00,-0.3990427999999999,-0.3356757,-1.273667,-0.7104112999999999,-1.372847
2019-02-05 04:55:00,-0.3990427999999999,0.3356757,-1.3373503000000002,-0.7104112999999999,-1.372847
2019-02-05 05:00:00,-0.3990427999999999,0.3356757,-1.273667,-0.7104112999999999,-1.372847
2019-02-05 05:05:00,-0.3990427999999999,0.0,-1.273667,-0.7104112999999999,-1.372847
2019-02-05 05:10:00,-0.3990427999999999,0.3356757,-1.273667,-0.7104112999999999,-1.372847
2019-02-05 05:15:00,-0.3990427999999999,0.6713514,-1.273667,-0.7104112999999999,-1.372847
2019-02-05 05:20:00,-0.3990427999999999,0.80562164,-1.273667,-0.7104112999999999,-1.372847
2019-02-05 05:25:00,-0.3990427999999999,0.6713514,-1.273667,-0.7104112999999999,-1.372847
2019-02-05 05:30:00,-0.3990427999999999,0.6713514,-1.273667,-0.7104112999999999,-1.372847
2019-02-05 05:35:00,-0.3990427999999999,0.6713514,-1.273667,-0.7104112999999999,-1.372847
2019-02-05 05:40:00,-0.3990427999999999,1.0070270799999999,-1.9105,-0.7104112999999999,-1.372847
2019-02-05 05:45:00,-0.3990427999999999,0.3356757,-2.1652336,-0.7104112999999999,-1.372847
2019-02-05 05:50:00,0.3990427999999999,-0.3356757,-1.273667,-0.7104112999999999,-1.372847
2019-02-05 05:55:00,-0.3990427999999999,0.06713514000000001,-1.273667,-0.42624677999999994,-1.372847
2019-02-05 06:00:00,-0.3990427999999999,-0.3356757,-1.273667,-0.7104112999999999,-1.372847
2019-02-05 06:05:00,-0.3990427999999999,0.3356757,-1.6557667999999999,-0.7104112999999999,-1.372847
2019-02-05 06:10:00,-0.3990427999999999,-0.3356757,-1.273667,-0.7104112999999999,-1.372847
2019-02-05 06:15:00,-0.3990427999999999,-0.3356757,-1.273667,-0.7104112999999999,-1.372847
2019-02-05 06:20:00,-0.3990427999999999,-0.3356757,-1.273667,-0.7104112999999999,-1.372847
2019-02-05 06:25:00,-0.3990427999999999,0.3356757,-2.547334,-0.7104112999999999,-1.372847
2019-02-05 06:30:00,-0.3990427999999999,0.3356757,-2.547334,-0.7104112999999999,-1.372847
2019-02-05 06:35:00,-0.3990427999999999,0.3356757,-1.9105,-0.7104112999999999,-1.372847
2019-02-05 06:40:00,-0.3990427999999999,0.6713514,-2.4836506,-0.7104112999999999,-1.372847
2019-02-05 06:45:00,-0.3990427999999999,0.6713514,-1.273667,-0.7104112999999999,-1.372847
2019-02-05 06:50:00,-0.3990470999999999,0.6713588,-1.464733,-0.710419,-1.372862
2019-02-05 06:55:00,0.39905324,0.671369,-1.2736998,0.21312897,-1.3728828
2019-02-05 07:00:00,0.7981067,0.6713692,-1.14633004,0.7104301,-0.6864417999999999
2019-02-05 07:05:00,1.596215,1.34274,-0.6368509,1.420861,0.6864424
2019-02-05 07:10:00,3.3520947999999997,0.87279178,1.2737178,2.8417588,1.3729022
2019-02-05 07:15:00,5.586884,1.342771,2.8022093999999997,5.68358,4.118752
2019-02-05 07:20:00,9.2980953,5.572455,6.432293,14.919275000000003,8.717953099999999
2019-02-05 07:25:00,13.648050000000001,11.413630000000001,11.463659999999999,25.576278,15.102188000000002
2019-02-05 07:30:00,37.193429,107.12171900000001,34.773572,134.84563,63.224104
2019-02-05 07:35:00,87.71692800000001,316.09862,84.19640199999999,376.40726,171.34564
2019-02-05 07:40:00,113.57844,407.81782000000004,114.0041,482.27328,225.44304000000002
2019-02-05 07:45:00,129.3016,450.78608,133.87448,532.8566199999999,258.6678
2019-02-05 07:50:00,153.04805000000002,526.66016,164.19192,616.6980000000001,314.48177
2019-02-05 07:55:00,167.01513,549.72074,184.82647,651.15326,346.53928
2019-02-05 08:00:00,175.59562,553.11212,200.11218000000002,666.42942,367.9582
2019-02-05 08:05:00,189.72314,587.15306,225.46059999999997,713.46334,408.18656
2019-02-05 08:10:00,200.42013,612.4033099999999,246.35272,746.43565,439.97463
2019-02-05 08:15:00,211.79321,643.28607,268.77058999999997,783.23568,471.48285999999996
2019-02-05 08:20:00,222.28773999999999,670.34032,290.04116,815.3446199999998,499.0769
2019-02-05 08:25:00,227.47042000000002,669.11594,306.40214000000003,823.92192,512.38264
2019-02-05 08:30:00,236.2462,686.42718,327.3503,850.83492,536.9498799999999
2019-02-05 08:35:00,247.69464,703.86978,348.86969,874.97356,558.83725
2019-02-05 08:40:00,255.51272,724.97483,369.05308,897.2692299999999,580.72716
2019-02-05 08:45:00,261.7762,728.1592999999999,385.92712,912.6087600000001,597.0606799999999
2019-02-05 08:50:00,270.39396,756.1503,412.5446,944.57174,626.4360800000001
2019-02-05 08:55:00,276.9373,790.65504,438.01644,971.9900799999999,653.06704
2019-02-05 09:00:00,280.28880000000004,802.5366399999999,457.63027999999997,984.91806,667.61824
2019-02-05 09:05:00,286.59323,829.4902500000001,481.76562,1008.0759,696.03517
2019-02-05 09:10:00,292.97249999999997,842.26398,494.93896000000007,1018.2872,714.83006
2019-02-05 09:15:00,296.71526,858.1510599999999,508.29822,1029.0566,733.3429399999999
2019-02-05 09:20:00,298.5299,872.05362,518.9602600000001,1042.9076,761.0200199999999
2019-02-05 09:25:00,301.58020999999997,886.6563899999999,529.61936,1053.5568,791.23029
2019-02-05 09:30:00,294.58494,900.7449199999999,535.7075,1064.2333999999998,828.73308
2019-02-05 09:35:00,273.55029,904.1685800000001,539.38063,1060.6437,860.7503199999999
2019-02-05 09:40:00,260.59733,886.6591099999999,543.344145,1049.0013000000001,876.0968499999999
2019-02-05 09:45:00,251.79746,908.3243200000001,556.8012,1062.1604,899.8958399999999
2019-02-05 09:50:00,239.24228666666664,909.0977800000001,560.1482333333333,1055.2842666666666,908.4867866666667
2019-02-05 09:55:00,226.10332,928.0069,571.87991,1066.404,930.89702
2019-02-05 10:00:00,219.00183,934.1104000000001,580.02634,1070.2347,944.89161
2019-02-05 10:05:00,208.39038,938.10179,587.3464200000001,1073.357,958.27063
2019-02-05 10:10:00,199.53428,942.7981400000001,594.98486,1079.3208,972.06152
2019-02-05 10:15:00,194.06905,943.8376599999999,603.38778,1082.3027,982.35364
2019-02-05 10:20:00,181.5034,951.92436,606.6979,1088.9779999999998,989.07798
2019-02-05 10:25:00,173.84430000000003,947.89738,609.62626,1089.83,990.45002
2019-02-05 10:30:00,169.61578,921.72326,604.7878,1077.7567999999999,980.0197400000001
2019-02-05 10:35:00,158.0462,951.41292,615.98735,1099.9053,999.4996600000001
2019-02-05 10:40:00,151.1841,941.27332,611.01807,1089.5303,988.51459
2019-02-05 10:45:00,144.95756,940.94766,614.1220599999999,1094.4028,994.25355
2019-02-05 10:50:00,142.48038,924.68054,610.34868,1084.5009999999997,987.3635
2019-02-05 10:55:00,150.29144,864.7800800000001,592.24236,1048.52,957.12866
2019-02-05 11:00:00,137.24061,912.4716000000001,610.72997,1085.3809999999999,992.0622999999999
2019-02-05 11:05:00,120.8445,955.0845000000002,624.14092,1110.766,1015.357
2019-02-05 11:10:00,115.05709999999999,962.5959300000001,629.5267,1114.344,1020.6688
2019-02-05 11:15:00,106.35951,932.06999,609.90351,1082.5004999999999,995.87067
2019-02-05 11:20:00,99.618152,985.8629000000001,633.63226,1122.595,1039.9630000000002
2019-02-05 11:25:00,95.269612,973.83583,615.1647,1111.2869999999998,1035.486
2019-02-05 11:30:00,91.440244,985.23019,623.04928,1118.4450000000002,1047.135
2019-02-05 11:35:00,98.577858,986.5666000000001,636.66498,1124.1182000000001,1060.78
2019-02-05 11:40:00,100.49154,992.73436,644.04438,1125.036,1065.6460000000002
2019-02-05 11:45:00,93.313294,984.61356,637.29664,1115.4486000000002,1058.8516
2019-02-05 11:50:00,88.129092,997.39269,644.35976,1122.6173000000001,1069.4825999999998
2019-02-05 11:55:00,90.14946466666667,997.6713733333333,648.5381733333332,1121.835,1071.8826
2019-02-05 12:00:00,92.23633199999999,1001.2154800000001,653.01388,1124.3192,1077.0266
2019-02-05 12:05:00,94.348272,994.4564,654.2122400000001,1123.5198,1078.4492
2019-02-05 12:10:00,97.136882,1013.0112000000001,670.48482,1157.4209999999998,1111.6176
2019-02-05 12:15:00,72.33242799999998,1018.6204,648.9588200000001,1133.6814,1086.0734
2019-02-05 12:20:00,69.180737,1017.2887000000001,646.65282,1133.7972,1085.7046999999998
2019-02-05 12:25:00,69.73818,1009.8983000000001,643.2730799999999,1128.2477999999999,1080.206
2019-02-05 12:30:00,69.00675266666667,1013.7716,643.1631066666667,1129.66,1080.4966666666667
2019-02-05 12:35:00,71.61071000000001,996.22577,636.7689700000001,1118.6408,1068.9346
2019-02-05 12:40:00,72.168106,985.7163899999999,631.60759,1111.033,1059.9376
2019-02-05 12:45:00,73.76215999999998,985.0682,631.72794,1112.014,1059.652
2019-02-05 12:50:00,73.76156,984.85888,628.2866200000001,1109.45,1055.1164
2019-02-05 12:55:00,72.96357,985.0523999999999,626.37284,1109.2992,1051.9533999999999
2019-02-05 13:00:00,70.57134,992.90102,627.26384,1116.3978,1054.6968
2019-02-05 13:05:00,73.80078099999999,982.3683000000001,620.3911,1110.434,1043.9962
2019-02-05 13:10:00,72.64444799999998,976.6991100000001,613.26382,1104.8962999999999,1035.4904000000001
2019-02-05 13:15:00,68.97627733333334,994.6192866666667,616.1901933333334,1118.1448666666665,1041.2048
2019-02-05 13:20:00,68.1788,995.58004,610.2085,1115.399,1032.4712
2019-02-05 13:25:00,70.05355,982.5111300000001,602.45269,1108.1011,1020.9611000000001
2019-02-05 13:30:00,69.735109,985.26882,600.16656,1110.736,1017.5395000000001
2019-02-05 13:35:00,68.57825,984.89157,593.1621,1108.0292,1006.4199000000001
2019-02-05 13:40:00,67.38182,985.79271,586.0329,1106.1079,996.7449
2019-02-05 13:45:00,69.614388,973.1119700000002,575.08689,1097.09,979.80157
2019-02-05 13:50:00,67.301739,971.9696299999999,565.85939,1091.6933000000001,966.6998799999999
2019-02-05 13:55:00,63.394600000000004,985.2205299999999,563.25222,1100.0720999999999,966.2912899999999
2019-02-05 14:00:00,63.315377999999995,979.0574,553.2668500000001,1093.0538000000001,951.34765
2019-02-05 14:05:00,64.670992,973.85854,543.27684,1087.0205,935.6414199999999
2019-02-05 14:10:00,65.787194,951.28359,527.1767600000001,1069.1298000000002,910.8107800000001
2019-02-05 14:15:00,65.62708599999999,953.3875599999999,521.8905,1072.3848,905.17832
2019-02-05 14:20:00,65.706179,948.85033,511.57744,1066.6246999999998,888.98356
2019-02-05 14:25:00,63.154441,955.72516,501.71461,1069.3213,877.6666299999999
2019-02-05 14:30:00,61.00153,961.02566,491.8528,1066.838,863.60818
2019-02-05 14:35:00,59.167628,964.38172,484.47292,1069.3958,854.2825999999999
2019-02-05 14:40:00,57.892922,957.02194,474.30152,1064.5904,840.7195599999999
2019-02-05 14:45:00,54.623641,966.1474700000001,463.10391,1065.5163,826.7304699999999
2019-02-05 14:50:00,53.028369999999995,975.8663400000002,455.21012,1070.6896000000002,817.9450599999998
2019-02-05 14:55:00,50.795386,967.2091399999999,443.24582,1062.8772000000001,799.561
2019-02-05 15:00:00,50.316836,974.8206399999999,431.91880000000003,1063.7975999999999,783.85353
2019-02-05 15:05:00,49.918062000000006,960.6322400000001,417.28344,1052.51,762.24834
2019-02-05 15:10:00,49.0414,957.42214,403.79807999999997,1046.1326000000001,743.32648
2019-02-05 15:15:00,47.44669,954.60738,390.0549,1040.4568,725.49628
2019-02-05 15:20:00,46.64919,946.9587600000001,376.43738,1032.931,706.29128
2019-02-05 15:25:00,47.28696599999999,933.4055900000001,359.19234,1019.867,680.9124300000001
2019-02-05 15:30:00,45.85151,923.60996,344.11114000000003,1010.0689999999998,660.4725
2019-02-05 15:35:00,45.0141,912.90859,328.58462,1000.2000599999999,638.86666
2019-02-05 15:40:00,43.45907,906.23255,313.6947,990.9705700000001,617.4672
2019-02-05 15:45:00,43.459025000000004,893.35262,297.40517,975.8506199999999,592.7075600000001
2019-02-05 15:50:00,43.61848200000001,875.2407999999999,282.38834,958.53048,568.83974
2019-02-05 15:55:00,41.86469,872.16614,268.90227999999996,953.5738200000002,550.19172
2019-02-05 16:00:00,41.864709999999995,860.6287499999999,253.12204000000003,938.1000700000001,526.0498399999999
2019-02-05 16:05:00,41.744997,828.89833,235.24130999999997,910.3439599999999,496.28261000000003
2019-02-05 16:10:00,40.2699,808.0392599999999,217.61639999999997,888.6973,469.53585999999996
2019-02-05 16:15:00,40.668785,770.7463,199.48255,852.2870099999998,437.0968
2019-02-05 16:20:00,38.67514,765.7137999999999,186.4379,841.28304,417.6862
2019-02-05 16:25:00,37.87754,735.9270699999998,168.6205,811.2538099999999,387.84972
2019-02-05 16:30:00,34.847718,719.6346599999999,154.11444,789.75486,364.87762000000004
2019-02-05 16:35:00,33.89112,685.56444,136.68084,754.41246,334.70294
2019-02-05 16:40:00,32.416479,660.9921099999999,121.92060999999998,730.8600299999999,310.01769
2019-02-05 16:45:00,29.904757999999998,625.88009,105.69512999999999,687.9200800000001,280.32149
2019-02-05 16:50:00,28.309836999999998,451.83431,68.342297,499.45362000000006,167.49325
2019-02-05 16:55:00,23.086982,59.033938,23.226719,96.613333,42.45726
2019-02-05 17:00:00,19.777953000000004,0.7379427399999999,15.463659999999999,28.253557,21.263472
2019-02-05 17:05:00,17.864240000000002,-0.6708678,13.36387,24.84648,18.52009
2019-02-05 17:10:00,19.53934,-1.006319,15.909629999999998,27.68655,22.498852
2019-02-05 17:15:00,20.416829999999997,-1.0063293999999998,17.18258,21.723518000000002,19.206538000000002
2019-02-05 17:20:00,13.837273,-0.6708901600000001,10.9460063,10.719838,9.603328999999999
2019-02-05 17:25:00,6.6594668,-0.6708933,3.3092737999999997,5.0404776,3.6355618
2019-02-05 17:30:00,3.588944,-0.6708952,1.272801,2.2717716,1.371914
2019-02-05 17:35:00,1.9141064,-0.6708961,-0.6364014,0.14198585999999996,0.0
2019-02-05 17:40:00,0.7975452,-0.6708967999999998,-1.9092069999999999,-0.7099301999999998,-1.371918
2019-02-05 17:45:00,0.0,-0.6708973,-2.545611,-1.419861,-2.057878
2019-02-05 17:50:00,-0.3987729999999999,-0.6708975,-3.182014,-1.419862,-2.057878
2019-02-05 17:55:00,-0.3987730999999999,-0.3354487999999999,-3.182015,-1.419862,-2.057879
2019-02-05 18:00:00,-0.3987730999999999,-0.3354488999999999,-3.182015,-1.419862,-2.057879
2019-02-05 18:05:00,-0.4785277399999999,-0.6708977,-3.182015,-1.419862,-2.057879
2019-02-05 18:10:00,-0.3987730999999999,-0.20126933999999994,-2.545612,-1.2778758399999999,-2.057879
2019-02-05 18:15:00,-0.63803702,-0.6708977,-3.182015,-1.419862,-2.057879
2019-02-05 18:20:00,-0.63803702,-0.6708977,-3.182015,-1.419862,-2.743839
2019-02-05 18:25:00,-0.3987775,-0.6709049999999999,-3.18205,-1.419878,-2.743869
2019-02-05 18:30:00,-0.3987881999999999,-0.6709230999999999,-3.182135,-1.419916,-2.606745
2019-02-05 18:35:00,-0.39879408,0.06709319999999998,-3.1821826,-1.419937,-2.195186
2019-02-05 18:40:00,-0.5583255999999999,-0.26837984000000004,-3.182261,-1.419972,-2.744051
2019-02-05 18:45:00,-0.7976309999999999,-0.46967825999999996,-3.182353,-1.420013,-2.74413
2019-02-05 18:50:00,-0.39882369000000006,0.33549141000000005,-3.1824187,-1.4200423,-2.7441866
2019-02-05 18:55:00,-0.3988316,0.3354981,-3.182482,-1.420071,-2.744241
2019-02-05 19:00:00,-0.7976921999999999,-0.6710205999999999,-3.4372056,-1.420122,-2.744341
2019-02-05 19:05:00,-0.31909056,0.0,-3.1827267999999997,-1.4201796,-2.3327864
2019-02-05 19:10:00,-0.35898830999999987,-0.33553519,-3.1828346000000005,-1.4202277,-2.7445452
2019-02-05 19:15:00,-0.4786598399999999,0.0,-3.5648404,-1.420254,-2.744596
2019-02-05 19:20:00,-0.43877888,0.3355470999999999,-3.8195357999999997,-1.4202782,-2.7446424
2019-02-05 19:25:00,-0.7977887,-0.3355507999999999,-3.819579,-1.420294,-3.2936074
2019-02-05 19:30:00,-0.3988993,0.0,-3.8196269999999997,-1.420312,-3.0191778
2019-02-05 19:35:00,0.0,0.33555782,-3.1830483000000003,-1.4203236,-2.7447293999999998
2019-02-05 19:40:00,0.0,0.3355592,-2.546449,-0.7101646999999999,-2.058556
2019-02-05 19:45:00,-0.3989058999999999,0.0,-3.183074,-1.420335,-2.058564
2019-02-05 19:50:00,-0.3989068,0.26844904,-3.183082,-1.420338,-2.058569
2019-02-05 19:55:00,-0.27923508,0.33556166000000004,-3.1830853,-0.994238,-2.0585713
2019-02-05 20:00:00,-0.3989075999999999,0.335562,-2.8011178,-0.8522046799999998,-2.058573
2019-02-05 20:05:00,-0.27923545999999994,0.3355621999999999,-2.8011192,-0.710171,-2.058574
2019-02-05 20:10:00,-0.11967236999999997,0.3691185199999999,-2.546473,-0.7101712,-2.058575
2019-02-05 20:15:00,-0.3590171099999999,0.3355622999999999,-2.546473,-0.7101712,-2.058575
2019-02-05 20:20:00,-0.3989078999999999,0.0,-2.546473,-0.7101712,-2.3330513999999996
2019-02-05 20:25:00,-0.3989078999999999,-0.6711245,-2.6737966,-1.420342,-2.1958132
2019-02-05 20:30:00,-0.47868949999999993,-0.3355622999999999,-3.183091,-1.420342,-2.744766
2019-02-05 20:35:00,-0.3989078999999999,-0.3355622999999999,-3.183091,-1.420342,-2.744766
2019-02-05 20:40:00,-0.3989078999999999,-0.53689962,-3.8197090000000005,-1.420342,-2.058575
2019-02-05 20:45:00,-0.7978159,-1.006687,-3.8197090000000005,-1.420342,-2.744766
2019-02-05 20:50:00,-0.3989078999999999,-0.46978717999999997,-3.8197090000000005,-1.420342,-2.744766
2019-02-05 20:55:00,-0.3590171099999999,-0.23489360999999995,-3.183091,-1.420342,-2.4702896
2019-02-05 21:00:00,-0.3989078999999999,0.13422491999999997,-3.183091,-1.420342,-2.744766
2019-02-05 21:05:00,-0.3989078999999999,0.6711245,-2.546473,-0.7101712,-2.6075277999999997
2019-02-05 21:10:00,0.0,0.6711245,-2.546473,-0.7101712,-1.8527174
2019-02-05 21:15:00,-0.31912631999999996,0.3355622999999999,-2.546473,-0.7101712,-1.372383
2019-02-05 21:20:00,0.07978157999999999,0.5033434,-2.546473,-0.7101712,-1.372383
2019-02-05 21:25:00,0.3989078999999999,1.342249,-2.546473,-0.7101712,-1.372383
2019-02-05 21:30:00,0.3989078999999999,1.1856534,-1.909854,-0.7101712,-1.372383
2019-02-05 21:35:00,0.3989078999999999,0.6711245,-1.909854,-0.49711984000000004,-1.372383
2019-02-05 21:40:00,0.31912631999999996,0.6711245,-2.4191492,-0.7101712,-1.372383
2019-02-05 21:45:00,0.27923552999999995,0.6711245,-2.546473,-0.7101712,-1.372383
2019-02-05 21:50:00,0.27923552999999995,0.3691185199999999,-2.546473,-0.7101712,-1.372383
2019-02-05 21:55:00,-0.039890789999999995,0.13422491999999997,-2.546473,-0.7101712,-1.372383
2019-02-05 22:00:00,0.0,0.3355622999999999,-2.546473,-0.7101712,-1.372383
2019-02-05 22:05:00,0.3989078999999999,0.6711245,-2.546473,-0.7101712,-1.372383
2019-02-05 22:10:00,0.3989078999999999,0.6711245,-2.546473,-0.7101712,-1.372383
2019-02-05 22:15:00,0.3989078999999999,0.6711245,-2.546473,-0.7101712,-1.372383
2019-02-05 22:20:00,0.31912631999999996,1.006687,-2.4191492000000006,-0.7101712,-1.372383
2019-02-05 22:25:00,0.3590171099999999,0.83890575,-2.546473,-0.7101712,-1.372383
2019-02-05 22:30:00,0.3989078999999999,0.6711245,-2.546473,-0.7101712,-1.372383
2019-02-05 22:35:00,0.0,0.6711245,-2.546473,-0.7101712,-1.372383
2019-02-05 22:40:00,0.0,0.3355622999999999,-2.546473,-0.7101712,-1.372383
2019-02-05 22:45:00,0.0,0.3355622999999999,-2.546473,-0.7101712,-1.372383
2019-02-05 22:50:00,0.0,0.3355622999999999,-2.546473,-0.7101712,-1.5096214
2019-02-05 22:55:00,0.11967236999999997,0.3355622999999999,-2.546473,-0.7101712,-1.372383
2019-02-05 23:00:00,-0.07978157999999999,0.06711245999999998,-2.546473,-0.7101712,-1.9213366
2019-02-05 23:05:00,0.0,-0.06711245999999998,-3.183091,-1.420342,-2.058575
2019-02-05 23:10:00,0.07978157999999999,0.0,-3.0557674,-0.7101712,-2.058575
2019-02-05 23:15:00,0.0,0.0,-3.183091,-0.99423952,-2.058575
2019-02-05 23:20:00,-0.15956315999999998,-0.3355622999999999,-3.183091,-1.13627368,-2.058575
2019-02-05 23:25:00,-0.3590171099999999,-0.3355622999999999,-3.183091,-1.420342,-2.058575
2019-02-05 23:30:00,-0.3989078999999999,-0.3355622999999999,-3.183091,-1.420342,-2.058575
2019-02-05 23:35:00,-0.3989078999999999,-0.3355622999999999,-3.183091,-1.420342,-2.058575
2019-02-05 23:40:00,0.0,0.0,-3.183091,-1.420342,-2.058575
2019-02-05 23:45:00,0.0,0.3355622999999999,-3.0557674,-0.7101712,-1.9213365999999996
2019-02-05 23:50:00,0.0,0.13422491999999997,-2.9284438,-0.99423952,-1.372383
2019-02-05 23:55:00,-0.3989078999999999,-0.3355622999999999,-3.183091,-1.420342,-2.058575
2019-02-06 00:00:00,-0.3989078999999999,-0.3355622999999999,-3.8197090000000005,-1.420342,-2.744766
