,Global CMP22 (vent/cor) [W/m^2]
2022-01-20 00:00:00-07:00,-1.38119
2022-01-20 00:01:00-07:00,-1.35836
2022-01-20 00:02:00-07:00,-1.38109
2022-01-20 00:03:00-07:00,-1.40935
2022-01-20 00:04:00-07:00,-1.41283
2022-01-20 00:05:00-07:00,-1.42869
2022-01-20 00:06:00-07:00,-1.42501
2022-01-20 00:07:00-07:00,-1.45201
2022-01-20 00:08:00-07:00,-1.44417
2022-01-20 00:09:00-07:00,-1.43643
2022-01-20 00:10:00-07:00,-1.41288
2022-01-20 00:11:00-07:00,-1.40525
2022-01-20 00:12:00-07:00,-1.38872
2022-01-20 00:13:00-07:00,-1.38499
2022-01-20 00:14:00-07:00,-1.42522
2022-01-20 00:15:00-07:00,-1.41739
2022-01-20 00:16:00-07:00,-1.40129
2022-01-20 00:17:00-07:00,-1.3981
2022-01-20 00:18:00-07:00,-1.35802
2022-01-20 00:19:00-07:00,-1.36616
2022-01-20 00:20:00-07:00,-1.34602
2022-01-20 00:21:00-07:00,-1.33799
2022-01-20 00:22:00-07:00,-1.36619
2022-01-20 00:23:00-07:00,-1.32598
2022-01-20 00:24:00-07:00,-1.32649
2022-01-20 00:25:00-07:00,-1.34996
2022-01-20 00:26:00-07:00,-1.36187
2022-01-20 00:27:00-07:00,-1.36216
2022-01-20 00:28:00-07:00,-1.36153
2022-01-20 00:29:00-07:00,-1.34581
2022-01-20 00:30:00-07:00,-1.36118
2022-01-20 00:31:00-07:00,-1.36517
2022-01-20 00:32:00-07:00,-1.32967
2022-01-20 00:33:00-07:00,-1.34116
2022-01-20 00:34:00-07:00,-1.32889
2022-01-20 00:35:00-07:00,-1.34891
2022-01-20 00:36:00-07:00,-1.34494
2022-01-20 00:37:00-07:00,-1.34069
2022-01-20 00:38:00-07:00,-1.34478
2022-01-20 00:39:00-07:00,-1.38016
2022-01-20 00:40:00-07:00,-1.39207
2022-01-20 00:41:00-07:00,-1.38413
2022-01-20 00:42:00-07:00,-1.40022
2022-01-20 00:43:00-07:00,-1.38819
2022-01-20 00:44:00-07:00,-1.3727
2022-01-20 00:45:00-07:00,-1.3922
2022-01-20 00:46:00-07:00,-1.37624
2022-01-20 00:47:00-07:00,-1.37624
2022-01-20 00:48:00-07:00,-1.39192
2022-01-20 00:49:00-07:00,-1.43866
2022-01-20 00:50:00-07:00,-1.47346
2022-01-20 00:51:00-07:00,-1.49241
2022-01-20 00:52:00-07:00,-1.51548
2022-01-20 00:53:00-07:00,-1.55481
2022-01-20 00:54:00-07:00,-1.5901
2022-01-20 00:55:00-07:00,-1.61436
2022-01-20 00:56:00-07:00,-1.61863
2022-01-20 00:57:00-07:00,-1.61427
2022-01-20 00:58:00-07:00,-1.60963
2022-01-20 00:59:00-07:00,-1.63289
2022-01-20 01:00:00-07:00,-1.65678
2022-01-20 01:01:00-07:00,-1.68854
2022-01-20 01:02:00-07:00,-1.68863
2022-01-20 01:03:00-07:00,-1.71464
2022-01-20 01:04:00-07:00,-1.75729
2022-01-20 01:05:00-07:00,-1.82854
2022-01-20 01:06:00-07:00,-1.91166
2022-01-20 01:07:00-07:00,-1.93145
2022-01-20 01:08:00-07:00,-1.97498
2022-01-20 01:09:00-07:00,-1.98686
2022-01-20 01:10:00-07:00,-1.98549
2022-01-20 01:11:00-07:00,-1.95395
2022-01-20 01:12:00-07:00,-1.90309
2022-01-20 01:13:00-07:00,-1.81609
2022-01-20 01:14:00-07:00,-1.75211
2022-01-20 01:15:00-07:00,-1.72354
2022-01-20 01:16:00-07:00,-1.71473
2022-01-20 01:17:00-07:00,-1.71876
2022-01-20 01:18:00-07:00,-1.73089
2022-01-20 01:19:00-07:00,-1.75515
2022-01-20 01:20:00-07:00,-1.77948
2022-01-20 01:21:00-07:00,-1.76397
2022-01-20 01:22:00-07:00,-1.75225
2022-01-20 01:23:00-07:00,-1.72841
2022-01-20 01:24:00-07:00,-1.68445
2022-01-20 01:25:00-07:00,-1.66451
2022-01-20 01:26:00-07:00,-1.65257
2022-01-20 01:27:00-07:00,-1.65269
2022-01-20 01:28:00-07:00,-1.66057
2022-01-20 01:29:00-07:00,-1.67582
2022-01-20 01:30:00-07:00,-1.68683
2022-01-20 01:31:00-07:00,-1.74178
2022-01-20 01:32:00-07:00,-1.77714
2022-01-20 01:33:00-07:00,-1.80493
2022-01-20 01:34:00-07:00,-1.81298
2022-01-20 01:35:00-07:00,-1.81687
2022-01-20 01:36:00-07:00,-1.78507
2022-01-20 01:37:00-07:00,-1.80109
2022-01-20 01:38:00-07:00,-1.82906
2022-01-20 01:39:00-07:00,-1.83737
2022-01-20 01:40:00-07:00,-1.82971
2022-01-20 01:41:00-07:00,-1.7706
2022-01-20 01:42:00-07:00,-1.74704
2022-01-20 01:43:00-07:00,-1.7275
2022-01-20 01:44:00-07:00,-1.69604
2022-01-20 01:45:00-07:00,-1.67209
2022-01-20 01:46:00-07:00,-1.64423
2022-01-20 01:47:00-07:00,-1.65197
2022-01-20 01:48:00-07:00,-1.64387
2022-01-20 01:49:00-07:00,-1.64354
2022-01-20 01:50:00-07:00,-1.67507
2022-01-20 01:51:00-07:00,-1.71097
2022-01-20 01:52:00-07:00,-1.72696
2022-01-20 01:53:00-07:00,-1.72643
2022-01-20 01:54:00-07:00,-1.71786
2022-01-20 01:55:00-07:00,-1.69794
2022-01-20 01:56:00-07:00,-1.72176
2022-01-20 01:57:00-07:00,-1.70995
2022-01-20 01:58:00-07:00,-1.73374
2022-01-20 01:59:00-07:00,-1.74577
2022-01-20 02:00:00-07:00,-1.77842
2022-01-20 02:01:00-07:00,-1.80279
2022-01-20 02:02:00-07:00,-1.80335
2022-01-20 02:03:00-07:00,-1.79186
2022-01-20 02:04:00-07:00,-1.78408
2022-01-20 02:05:00-07:00,-1.73654
2022-01-20 02:06:00-07:00,-1.68467
2022-01-20 02:07:00-07:00,-1.688
2022-01-20 02:08:00-07:00,-1.72752
2022-01-20 02:09:00-07:00,-1.75162
2022-01-20 02:10:00-07:00,-1.75577
2022-01-20 02:11:00-07:00,-1.75948
2022-01-20 02:12:00-07:00,-1.72714
2022-01-20 02:13:00-07:00,-1.69107
2022-01-20 02:14:00-07:00,-1.70263
2022-01-20 02:15:00-07:00,-1.71696
2022-01-20 02:16:00-07:00,-1.76125
2022-01-20 02:17:00-07:00,-1.80478
2022-01-20 02:18:00-07:00,-1.82853
2022-01-20 02:19:00-07:00,-1.87998
2022-01-20 02:20:00-07:00,-1.91164
2022-01-20 02:21:00-07:00,-1.94331
2022-01-20 02:22:00-07:00,-1.98288
2022-01-20 02:23:00-07:00,-1.98684
2022-01-20 02:24:00-07:00,-2.00662
2022-01-20 02:25:00-07:00,-2.05017
2022-01-20 02:26:00-07:00,-2.05017
2022-01-20 02:27:00-07:00,-2.04622
2022-01-20 02:28:00-07:00,-2.03038
2022-01-20 02:29:00-07:00,-1.99476
2022-01-20 02:30:00-07:00,-1.99476
2022-01-20 02:31:00-07:00,-2.00268
2022-01-20 02:32:00-07:00,-2.03038
2022-01-20 02:33:00-07:00,-2.04225
2022-01-20 02:34:00-07:00,-2.05413
2022-01-20 02:35:00-07:00,-2.07392
2022-01-20 02:36:00-07:00,-2.06204
2022-01-20 02:37:00-07:00,-2.06996
2022-01-20 02:38:00-07:00,-2.08975
2022-01-20 02:39:00-07:00,-2.066
2022-01-20 02:40:00-07:00,-2.04225
2022-01-20 02:41:00-07:00,-2.05017
2022-01-20 02:42:00-07:00,-2.04226
2022-01-20 02:43:00-07:00,-2.01851
2022-01-20 02:44:00-07:00,-1.97894
2022-01-20 02:45:00-07:00,-1.9631
2022-01-20 02:46:00-07:00,-1.91561
2022-01-20 02:47:00-07:00,-1.90373
2022-01-20 02:48:00-07:00,-1.92353
2022-01-20 02:49:00-07:00,-1.96707
2022-01-20 02:50:00-07:00,-2.02644
2022-01-20 02:51:00-07:00,-2.05414
2022-01-20 02:52:00-07:00,-2.09768
2022-01-20 02:53:00-07:00,-2.0858
2022-01-20 02:54:00-07:00,-2.08975
2022-01-20 02:55:00-07:00,-2.07787
2022-01-20 02:56:00-07:00,-2.07787
2022-01-20 02:57:00-07:00,-2.09766
2022-01-20 02:58:00-07:00,-2.02642
2022-01-20 02:59:00-07:00,-2.02247
2022-01-20 03:00:00-07:00,-2.01456
2022-01-20 03:01:00-07:00,-1.99477
2022-01-20 03:02:00-07:00,-1.99082
2022-01-20 03:03:00-07:00,-1.9829
2022-01-20 03:04:00-07:00,-1.97894
2022-01-20 03:05:00-07:00,-1.97498
2022-01-20 03:06:00-07:00,-1.96706
2022-01-20 03:07:00-07:00,-1.9829
2022-01-20 03:08:00-07:00,-1.99477
2022-01-20 03:09:00-07:00,-1.99873
2022-01-20 03:10:00-07:00,-1.9631
2022-01-20 03:11:00-07:00,-1.92353
2022-01-20 03:12:00-07:00,-1.89978
2022-01-20 03:13:00-07:00,-1.90374
2022-01-20 03:14:00-07:00,-1.9354
2022-01-20 03:15:00-07:00,-1.92353
2022-01-20 03:16:00-07:00,-1.89979
2022-01-20 03:17:00-07:00,-1.93541
2022-01-20 03:18:00-07:00,-2.06205
2022-01-20 03:19:00-07:00,-2.13725
2022-01-20 03:20:00-07:00,-2.14516
2022-01-20 03:21:00-07:00,-2.12141
2022-01-20 03:22:00-07:00,-2.066
2022-01-20 03:23:00-07:00,-2.0462
2022-01-20 03:24:00-07:00,-2.06203
2022-01-20 03:25:00-07:00,-2.06204
2022-01-20 03:26:00-07:00,-2.06599
2022-01-20 03:27:00-07:00,-2.01454
2022-01-20 03:28:00-07:00,-1.99871
2022-01-20 03:29:00-07:00,-1.99871
2022-01-20 03:30:00-07:00,-2.01058
2022-01-20 03:31:00-07:00,-2.00663
2022-01-20 03:32:00-07:00,-2.00267
2022-01-20 03:33:00-07:00,-2.03037
2022-01-20 03:34:00-07:00,-2.0383
2022-01-20 03:35:00-07:00,-2.05413
2022-01-20 03:36:00-07:00,-2.04225
2022-01-20 03:37:00-07:00,-1.96705
2022-01-20 03:38:00-07:00,-1.87603
2022-01-20 03:39:00-07:00,-1.86416
2022-01-20 03:40:00-07:00,-1.89582
2022-01-20 03:41:00-07:00,-1.91165
2022-01-20 03:42:00-07:00,-1.85624
2022-01-20 03:43:00-07:00,-1.84833
2022-01-20 03:44:00-07:00,-1.84041
2022-01-20 03:45:00-07:00,-1.81666
2022-01-20 03:46:00-07:00,-1.84832
2022-01-20 03:47:00-07:00,-1.87206
2022-01-20 03:48:00-07:00,-1.89185
2022-01-20 03:49:00-07:00,-1.89581
2022-01-20 03:50:00-07:00,-1.90373
2022-01-20 03:51:00-07:00,-1.90373
2022-01-20 03:52:00-07:00,-1.88395
2022-01-20 03:53:00-07:00,-1.8879
2022-01-20 03:54:00-07:00,-1.89978
2022-01-20 03:55:00-07:00,-1.89978
2022-01-20 03:56:00-07:00,-1.93144
2022-01-20 03:57:00-07:00,-1.93144
2022-01-20 03:58:00-07:00,-1.95519
2022-01-20 03:59:00-07:00,-1.95123
2022-01-20 04:00:00-07:00,-1.94727
2022-01-20 04:01:00-07:00,-1.98289
2022-01-20 04:02:00-07:00,-1.99872
2022-01-20 04:03:00-07:00,-1.99872
2022-01-20 04:04:00-07:00,-1.9908
2022-01-20 04:05:00-07:00,-2.03038
2022-01-20 04:06:00-07:00,-2.0106
2022-01-20 04:07:00-07:00,-1.98685
2022-01-20 04:08:00-07:00,-1.94332
2022-01-20 04:09:00-07:00,-1.92353
2022-01-20 04:10:00-07:00,-1.91562
2022-01-20 04:11:00-07:00,-1.93937
2022-01-20 04:12:00-07:00,-1.92749
2022-01-20 04:13:00-07:00,-1.92353
2022-01-20 04:14:00-07:00,-1.91957
2022-01-20 04:15:00-07:00,-1.91561
2022-01-20 04:16:00-07:00,-1.92748
2022-01-20 04:17:00-07:00,-1.91957
2022-01-20 04:18:00-07:00,-1.9354
2022-01-20 04:19:00-07:00,-1.94332
2022-01-20 04:20:00-07:00,-1.95123
2022-01-20 04:21:00-07:00,-1.90373
2022-01-20 04:22:00-07:00,-1.89581
2022-01-20 04:23:00-07:00,-1.86415
2022-01-20 04:24:00-07:00,-1.86416
2022-01-20 04:25:00-07:00,-1.86811
2022-01-20 04:26:00-07:00,-1.87603
2022-01-20 04:27:00-07:00,-1.87603
2022-01-20 04:28:00-07:00,-1.82062
2022-01-20 04:29:00-07:00,-1.76521
2022-01-20 04:30:00-07:00,-1.72564
2022-01-20 04:31:00-07:00,-1.71376
2022-01-20 04:32:00-07:00,-1.72168
2022-01-20 04:33:00-07:00,-1.72564
2022-01-20 04:34:00-07:00,-1.74147
2022-01-20 04:35:00-07:00,-1.77313
2022-01-20 04:36:00-07:00,-1.77313
2022-01-20 04:37:00-07:00,-1.73355
2022-01-20 04:38:00-07:00,-1.6821
2022-01-20 04:39:00-07:00,-1.67419
2022-01-20 04:40:00-07:00,-1.68211
2022-01-20 04:41:00-07:00,-1.70981
2022-01-20 04:42:00-07:00,-1.69793
2022-01-20 04:43:00-07:00,-1.75729
2022-01-20 04:44:00-07:00,-1.80083
2022-01-20 04:45:00-07:00,-1.80479
2022-01-20 04:46:00-07:00,-1.77337
2022-01-20 04:47:00-07:00,-1.66289
2022-01-20 04:48:00-07:00,-1.58823
2022-01-20 04:49:00-07:00,-1.52066
2022-01-20 04:50:00-07:00,-1.48501
2022-01-20 04:51:00-07:00,-1.43781
2022-01-20 04:52:00-07:00,-1.41385
2022-01-20 04:53:00-07:00,-1.40125
2022-01-20 04:54:00-07:00,-1.36931
2022-01-20 04:55:00-07:00,-1.37005
2022-01-20 04:56:00-07:00,-1.38632
2022-01-20 04:57:00-07:00,-1.38183
2022-01-20 04:58:00-07:00,-1.39768
2022-01-20 04:59:00-07:00,-1.42554
2022-01-20 05:00:00-07:00,-1.43781
2022-01-20 05:01:00-07:00,-1.44178
2022-01-20 05:02:00-07:00,-1.46051
2022-01-20 05:03:00-07:00,-1.48677
2022-01-20 05:04:00-07:00,-1.51299
2022-01-20 05:05:00-07:00,-1.59548
2022-01-20 05:06:00-07:00,-1.64692
2022-01-20 05:07:00-07:00,-1.67945
2022-01-20 05:08:00-07:00,-1.67721
2022-01-20 05:09:00-07:00,-1.65029
2022-01-20 05:10:00-07:00,-1.62184
2022-01-20 05:11:00-07:00,-1.6011
2022-01-20 05:12:00-07:00,-1.62031
2022-01-20 05:13:00-07:00,-1.6398
2022-01-20 05:14:00-07:00,-1.69535
2022-01-20 05:15:00-07:00,-1.73839
2022-01-20 05:16:00-07:00,-1.79293
2022-01-20 05:17:00-07:00,-1.82459
2022-01-20 05:18:00-07:00,-1.86021
2022-01-20 05:19:00-07:00,-1.8602
2022-01-20 05:20:00-07:00,-1.82219
2022-01-20 05:21:00-07:00,-1.73855
2022-01-20 05:22:00-07:00,-1.66057
2022-01-20 05:23:00-07:00,-1.58949
2022-01-20 05:24:00-07:00,-1.56149
2022-01-20 05:25:00-07:00,-1.54136
2022-01-20 05:26:00-07:00,-1.52136
2022-01-20 05:27:00-07:00,-1.52912
2022-01-20 05:28:00-07:00,-1.53673
2022-01-20 05:29:00-07:00,-1.54499
2022-01-20 05:30:00-07:00,-1.55313
2022-01-20 05:31:00-07:00,-1.56552
2022-01-20 05:32:00-07:00,-1.55825
2022-01-20 05:33:00-07:00,-1.54255
2022-01-20 05:34:00-07:00,-1.53838
2022-01-20 05:35:00-07:00,-1.52563
2022-01-20 05:36:00-07:00,-1.51357
2022-01-20 05:37:00-07:00,-1.50588
2022-01-20 05:38:00-07:00,-1.50707
2022-01-20 05:39:00-07:00,-1.48797
2022-01-20 05:40:00-07:00,-1.46011
2022-01-20 05:41:00-07:00,-1.4079
2022-01-20 05:42:00-07:00,-1.40324
2022-01-20 05:43:00-07:00,-1.38772
2022-01-20 05:44:00-07:00,-1.39567
2022-01-20 05:45:00-07:00,-1.42754
2022-01-20 05:46:00-07:00,-1.42759
2022-01-20 05:47:00-07:00,-1.4312
2022-01-20 05:48:00-07:00,-1.44686
2022-01-20 05:49:00-07:00,-1.46218
2022-01-20 05:50:00-07:00,-1.47276
2022-01-20 05:51:00-07:00,-1.50429
2022-01-20 05:52:00-07:00,-1.51725
2022-01-20 05:53:00-07:00,-1.53746
2022-01-20 05:54:00-07:00,-1.57684
2022-01-20 05:55:00-07:00,-1.58865
2022-01-20 05:56:00-07:00,-1.59617
2022-01-20 05:57:00-07:00,-1.62332
2022-01-20 05:58:00-07:00,-1.63928
2022-01-20 05:59:00-07:00,-1.68239
2022-01-20 06:00:00-07:00,-1.73038
2022-01-20 06:01:00-07:00,-1.77821
2022-01-20 06:02:00-07:00,-1.82259
2022-01-20 06:03:00-07:00,-1.85031
2022-01-20 06:04:00-07:00,-1.88185
2022-01-20 06:05:00-07:00,-1.9175
2022-01-20 06:06:00-07:00,-1.99081
2022-01-20 06:07:00-07:00,-2.03434
2022-01-20 06:08:00-07:00,-2.066
2022-01-20 06:09:00-07:00,-2.08579
2022-01-20 06:10:00-07:00,-2.08975
2022-01-20 06:11:00-07:00,-2.12142
2022-01-20 06:12:00-07:00,-2.15307
2022-01-20 06:13:00-07:00,-2.14911
2022-01-20 06:14:00-07:00,-2.14516
2022-01-20 06:15:00-07:00,-2.14517
2022-01-20 06:16:00-07:00,-2.13329
2022-01-20 06:17:00-07:00,-2.10954
2022-01-20 06:18:00-07:00,-2.14516
2022-01-20 06:19:00-07:00,-2.06205
2022-01-20 06:20:00-07:00,-2.11351
2022-01-20 06:21:00-07:00,-2.08976
2022-01-20 06:22:00-07:00,-2.1135
2022-01-20 06:23:00-07:00,-2.14121
2022-01-20 06:24:00-07:00,-2.0581
2022-01-20 06:25:00-07:00,-2.07789
2022-01-20 06:26:00-07:00,-2.03039
2022-01-20 06:27:00-07:00,-2.06205
2022-01-20 06:28:00-07:00,-2.00664
2022-01-20 06:29:00-07:00,-1.99081
2022-01-20 06:30:00-07:00,-1.92748
2022-01-20 06:31:00-07:00,-1.9354
2022-01-20 06:32:00-07:00,-1.92748
2022-01-20 06:33:00-07:00,-1.92749
2022-01-20 06:34:00-07:00,-1.92353
2022-01-20 06:35:00-07:00,-1.90374
2022-01-20 06:36:00-07:00,-1.89583
2022-01-20 06:37:00-07:00,-1.89978
2022-01-20 06:38:00-07:00,-1.90373
2022-01-20 06:39:00-07:00,-1.94727
2022-01-20 06:40:00-07:00,-1.99081
2022-01-20 06:41:00-07:00,-2.04226
2022-01-20 06:42:00-07:00,-2.05414
2022-01-20 06:43:00-07:00,-2.06997
2022-01-20 06:44:00-07:00,-2.00268
2022-01-20 06:45:00-07:00,-1.92748
2022-01-20 06:46:00-07:00,-1.88395
2022-01-20 06:47:00-07:00,-1.84833
2022-01-20 06:48:00-07:00,-1.80875
2022-01-20 06:49:00-07:00,-1.76126
2022-01-20 06:50:00-07:00,-1.73355
2022-01-20 06:51:00-07:00,-1.71772
2022-01-20 06:52:00-07:00,-1.69793
2022-01-20 06:53:00-07:00,-1.73751
2022-01-20 06:54:00-07:00,-1.67418
2022-01-20 06:55:00-07:00,-1.65836
2022-01-20 06:56:00-07:00,-1.61086
2022-01-20 06:57:00-07:00,-1.58712
2022-01-20 06:58:00-07:00,-1.52775
2022-01-20 06:59:00-07:00,-1.48817
2022-01-20 07:00:00-07:00,-1.40109
2022-01-20 07:01:00-07:00,-1.3061
2022-01-20 07:02:00-07:00,-1.21903
2022-01-20 07:03:00-07:00,-1.11217
2022-01-20 07:04:00-07:00,-1.03301
2022-01-20 07:05:00-07:00,-0.938017
2022-01-20 07:06:00-07:00,-0.799492
2022-01-20 07:07:00-07:00,-0.621388
2022-01-20 07:08:00-07:00,-0.427453
2022-01-20 07:09:00-07:00,-0.2256
2022-01-20 07:10:00-07:00,0.019789
2022-01-20 07:11:00-07:00,0.253305
2022-01-20 07:12:00-07:00,0.526399
2022-01-20 07:13:00-07:00,0.819282
2022-01-20 07:14:00-07:00,1.17945
2022-01-20 07:15:00-07:00,1.59899
2022-01-20 07:16:00-07:00,1.93145
2022-01-20 07:17:00-07:00,2.22829
2022-01-20 07:18:00-07:00,2.50139
2022-01-20 07:19:00-07:00,2.69533
2022-01-20 07:20:00-07:00,2.99612
2022-01-20 07:21:00-07:00,3.34046
2022-01-20 07:22:00-07:00,3.75208
2022-01-20 07:23:00-07:00,4.17557
2022-01-20 07:24:00-07:00,5.10791
2022-01-20 07:25:00-07:00,5.82938
2022-01-20 07:26:00-07:00,6.46221
2022-01-20 07:27:00-07:00,6.13756
2022-01-20 07:28:00-07:00,6.47849
2022-01-20 07:29:00-07:00,8.15246
2022-01-20 07:30:00-07:00,10.9264
2022-01-20 07:31:00-07:00,10.1664
2022-01-20 07:32:00-07:00,8.27504
2022-01-20 07:33:00-07:00,8.1773
2022-01-20 07:34:00-07:00,9.94684
2022-01-20 07:35:00-07:00,14.5686
2022-01-20 07:36:00-07:00,16.6291
2022-01-20 07:37:00-07:00,11.9631
2022-01-20 07:38:00-07:00,10.1788
2022-01-20 07:39:00-07:00,12.309
2022-01-20 07:40:00-07:00,19.1202
2022-01-20 07:41:00-07:00,23.7894
2022-01-20 07:42:00-07:00,24.1408
2022-01-20 07:43:00-07:00,16.1061
2022-01-20 07:44:00-07:00,12.2561
2022-01-20 07:45:00-07:00,14.7861
2022-01-20 07:46:00-07:00,18.8193
2022-01-20 07:47:00-07:00,22.0369
2022-01-20 07:48:00-07:00,30.1429
2022-01-20 07:49:00-07:00,36.8119
2022-01-20 07:50:00-07:00,37.8882
2022-01-20 07:51:00-07:00,37.3101
2022-01-20 07:52:00-07:00,36.5307
2022-01-20 07:53:00-07:00,30.4591
2022-01-20 07:54:00-07:00,28.5444
2022-01-20 07:55:00-07:00,34.3673
2022-01-20 07:56:00-07:00,43.4717
2022-01-20 07:57:00-07:00,59.3722
2022-01-20 07:58:00-07:00,66.3221
2022-01-20 07:59:00-07:00,76.4465
2022-01-20 08:00:00-07:00,94.7319
2022-01-20 08:01:00-07:00,118.855
2022-01-20 08:02:00-07:00,138.054
2022-01-20 08:03:00-07:00,156.355
2022-01-20 08:04:00-07:00,154.839
2022-01-20 08:05:00-07:00,156.965
2022-01-20 08:06:00-07:00,154.309
2022-01-20 08:07:00-07:00,146.833
2022-01-20 08:08:00-07:00,133.887
2022-01-20 08:09:00-07:00,158.9
2022-01-20 08:10:00-07:00,156.664
2022-01-20 08:11:00-07:00,138.074
2022-01-20 08:12:00-07:00,128.176
2022-01-20 08:13:00-07:00,129.854
2022-01-20 08:14:00-07:00,122.528
2022-01-20 08:15:00-07:00,133.42
2022-01-20 08:16:00-07:00,154.357
2022-01-20 08:17:00-07:00,160.286
2022-01-20 08:18:00-07:00,159.736
2022-01-20 08:19:00-07:00,154.191
2022-01-20 08:20:00-07:00,160.425
2022-01-20 08:21:00-07:00,185.467
2022-01-20 08:22:00-07:00,194.376
2022-01-20 08:23:00-07:00,168.705
2022-01-20 08:24:00-07:00,160.334
2022-01-20 08:25:00-07:00,194.846
2022-01-20 08:26:00-07:00,201.321
2022-01-20 08:27:00-07:00,218.526
2022-01-20 08:28:00-07:00,245.508
2022-01-20 08:29:00-07:00,247.882
2022-01-20 08:30:00-07:00,256.671
2022-01-20 08:31:00-07:00,254.103
2022-01-20 08:32:00-07:00,266.777
2022-01-20 08:33:00-07:00,258.439
2022-01-20 08:34:00-07:00,255.098
2022-01-20 08:35:00-07:00,239.232
2022-01-20 08:36:00-07:00,244.342
2022-01-20 08:37:00-07:00,216.363
2022-01-20 08:38:00-07:00,216.512
2022-01-20 08:39:00-07:00,235.623
2022-01-20 08:40:00-07:00,261.568
2022-01-20 08:41:00-07:00,269.215
2022-01-20 08:42:00-07:00,274.282
2022-01-20 08:43:00-07:00,276.316
2022-01-20 08:44:00-07:00,290.231
2022-01-20 08:45:00-07:00,290.735
2022-01-20 08:46:00-07:00,295.686
2022-01-20 08:47:00-07:00,292.503
2022-01-20 08:48:00-07:00,298.662
2022-01-20 08:49:00-07:00,291.235
2022-01-20 08:50:00-07:00,298.956
2022-01-20 08:51:00-07:00,288.011
2022-01-20 08:52:00-07:00,281.376
2022-01-20 08:53:00-07:00,289.849
2022-01-20 08:54:00-07:00,301.976
2022-01-20 08:55:00-07:00,311.369
2022-01-20 08:56:00-07:00,280.571
2022-01-20 08:57:00-07:00,289.511
2022-01-20 08:58:00-07:00,315.72
2022-01-20 08:59:00-07:00,341.456
2022-01-20 09:00:00-07:00,354.869
2022-01-20 09:01:00-07:00,348.34
2022-01-20 09:02:00-07:00,344.644
2022-01-20 09:03:00-07:00,353.707
2022-01-20 09:04:00-07:00,277.64
2022-01-20 09:05:00-07:00,281.014
2022-01-20 09:06:00-07:00,303.57
2022-01-20 09:07:00-07:00,230.462
2022-01-20 09:08:00-07:00,301.819
2022-01-20 09:09:00-07:00,301.778
2022-01-20 09:10:00-07:00,302.428
2022-01-20 09:11:00-07:00,304.658
2022-01-20 09:12:00-07:00,305.559
2022-01-20 09:13:00-07:00,307.363
2022-01-20 09:14:00-07:00,310.04
2022-01-20 09:15:00-07:00,312.785
2022-01-20 09:16:00-07:00,315.425
2022-01-20 09:17:00-07:00,319.654
2022-01-20 09:18:00-07:00,319.231
2022-01-20 09:19:00-07:00,322.072
2022-01-20 09:20:00-07:00,323.518
2022-01-20 09:21:00-07:00,328.62
2022-01-20 09:22:00-07:00,329.333
2022-01-20 09:23:00-07:00,331.104
2022-01-20 09:24:00-07:00,335.435
2022-01-20 09:25:00-07:00,340.211
2022-01-20 09:26:00-07:00,342.274
2022-01-20 09:27:00-07:00,344.739
2022-01-20 09:28:00-07:00,347.161
2022-01-20 09:29:00-07:00,349.356
2022-01-20 09:30:00-07:00,350.807
2022-01-20 09:31:00-07:00,354.351
2022-01-20 09:32:00-07:00,357.132
2022-01-20 09:33:00-07:00,358.553
2022-01-20 09:34:00-07:00,359.682
2022-01-20 09:35:00-07:00,364.468
2022-01-20 09:36:00-07:00,367.83
2022-01-20 09:37:00-07:00,366.964
2022-01-20 09:38:00-07:00,371.193
2022-01-20 09:39:00-07:00,374.471
2022-01-20 09:40:00-07:00,377.59
2022-01-20 09:41:00-07:00,377.368
2022-01-20 09:42:00-07:00,381.843
2022-01-20 09:43:00-07:00,384.172
2022-01-20 09:44:00-07:00,387.227
2022-01-20 09:45:00-07:00,387.483
2022-01-20 09:46:00-07:00,391.585
2022-01-20 09:47:00-07:00,394.056
2022-01-20 09:48:00-07:00,394.434
2022-01-20 09:49:00-07:00,398.28
2022-01-20 09:50:00-07:00,401.043
2022-01-20 09:51:00-07:00,403.497
2022-01-20 09:52:00-07:00,405.086
2022-01-20 09:53:00-07:00,407.582
2022-01-20 09:54:00-07:00,410.178
2022-01-20 09:55:00-07:00,412.079
2022-01-20 09:56:00-07:00,413.933
2022-01-20 09:57:00-07:00,416.536
2022-01-20 09:58:00-07:00,419.424
2022-01-20 09:59:00-07:00,421.546
2022-01-20 10:00:00-07:00,424.72
2022-01-20 10:01:00-07:00,425.44
2022-01-20 10:02:00-07:00,428.346
2022-01-20 10:03:00-07:00,429.38
2022-01-20 10:04:00-07:00,431.903
2022-01-20 10:05:00-07:00,433.755
2022-01-20 10:06:00-07:00,436.555
2022-01-20 10:07:00-07:00,437.774
2022-01-20 10:08:00-07:00,439.991
2022-01-20 10:09:00-07:00,442.774
2022-01-20 10:10:00-07:00,443.763
2022-01-20 10:11:00-07:00,446.435
2022-01-20 10:12:00-07:00,448.216
2022-01-20 10:13:00-07:00,449.127
2022-01-20 10:14:00-07:00,450.415
2022-01-20 10:15:00-07:00,451.611
2022-01-20 10:16:00-07:00,454.638
2022-01-20 10:17:00-07:00,457.372
2022-01-20 10:18:00-07:00,459.359
2022-01-20 10:19:00-07:00,460.307
2022-01-20 10:20:00-07:00,461.187
2022-01-20 10:21:00-07:00,466.172
2022-01-20 10:22:00-07:00,466.639
2022-01-20 10:23:00-07:00,468.241
2022-01-20 10:24:00-07:00,466.884
2022-01-20 10:25:00-07:00,468.906
2022-01-20 10:26:00-07:00,470.93
2022-01-20 10:27:00-07:00,466.316
2022-01-20 10:28:00-07:00,471.705
2022-01-20 10:29:00-07:00,475.68
2022-01-20 10:30:00-07:00,472.954
2022-01-20 10:31:00-07:00,476.417
2022-01-20 10:32:00-07:00,485.802
2022-01-20 10:33:00-07:00,487.13
2022-01-20 10:34:00-07:00,490.018
2022-01-20 10:35:00-07:00,493.163
2022-01-20 10:36:00-07:00,496.58
2022-01-20 10:37:00-07:00,492.168
2022-01-20 10:38:00-07:00,494.764
2022-01-20 10:39:00-07:00,501.005
2022-01-20 10:40:00-07:00,499.744
2022-01-20 10:41:00-07:00,500.57
2022-01-20 10:42:00-07:00,502.039
2022-01-20 10:43:00-07:00,500.94
2022-01-20 10:44:00-07:00,502.093
2022-01-20 10:45:00-07:00,496.806
2022-01-20 10:46:00-07:00,479.457
2022-01-20 10:47:00-07:00,503.598
2022-01-20 10:48:00-07:00,508.375
2022-01-20 10:49:00-07:00,510.931
2022-01-20 10:50:00-07:00,469.675
2022-01-20 10:51:00-07:00,507.309
2022-01-20 10:52:00-07:00,514.624
2022-01-20 10:53:00-07:00,517.718
2022-01-20 10:54:00-07:00,518.419
2022-01-20 10:55:00-07:00,519.449
2022-01-20 10:56:00-07:00,520.918
2022-01-20 10:57:00-07:00,520.986
2022-01-20 10:58:00-07:00,521.176
2022-01-20 10:59:00-07:00,519.327
2022-01-20 11:00:00-07:00,523.333
2022-01-20 11:01:00-07:00,521.988
2022-01-20 11:02:00-07:00,524.591
2022-01-20 11:03:00-07:00,527.249
2022-01-20 11:04:00-07:00,530.75
2022-01-20 11:05:00-07:00,532.0
2022-01-20 11:06:00-07:00,531.062
2022-01-20 11:07:00-07:00,533.45
2022-01-20 11:08:00-07:00,533.457
2022-01-20 11:09:00-07:00,534.63
2022-01-20 11:10:00-07:00,528.832
2022-01-20 11:11:00-07:00,529.822
2022-01-20 11:12:00-07:00,535.625
2022-01-20 11:13:00-07:00,536.57
2022-01-20 11:14:00-07:00,539.764
2022-01-20 11:15:00-07:00,538.844
2022-01-20 11:16:00-07:00,536.126
2022-01-20 11:17:00-07:00,536.312
2022-01-20 11:18:00-07:00,540.338
2022-01-20 11:19:00-07:00,543.913
2022-01-20 11:20:00-07:00,546.128
2022-01-20 11:21:00-07:00,541.565
2022-01-20 11:22:00-07:00,545.077
2022-01-20 11:23:00-07:00,546.192
2022-01-20 11:24:00-07:00,546.373
2022-01-20 11:25:00-07:00,548.379
2022-01-20 11:26:00-07:00,548.375
2022-01-20 11:27:00-07:00,549.489
2022-01-20 11:28:00-07:00,550.004
2022-01-20 11:29:00-07:00,550.811
2022-01-20 11:30:00-07:00,550.506
2022-01-20 11:31:00-07:00,550.727
2022-01-20 11:32:00-07:00,552.73
2022-01-20 11:33:00-07:00,554.24
2022-01-20 11:34:00-07:00,553.898
2022-01-20 11:35:00-07:00,555.365
2022-01-20 11:36:00-07:00,555.294
2022-01-20 11:37:00-07:00,555.382
2022-01-20 11:38:00-07:00,556.57
2022-01-20 11:39:00-07:00,556.43
2022-01-20 11:40:00-07:00,557.867
2022-01-20 11:41:00-07:00,557.799
2022-01-20 11:42:00-07:00,556.721
2022-01-20 11:43:00-07:00,557.231
2022-01-20 11:44:00-07:00,558.969
2022-01-20 11:45:00-07:00,559.845
2022-01-20 11:46:00-07:00,559.765
2022-01-20 11:47:00-07:00,559.825
2022-01-20 11:48:00-07:00,560.085
2022-01-20 11:49:00-07:00,560.925
2022-01-20 11:50:00-07:00,559.498
2022-01-20 11:51:00-07:00,559.417
2022-01-20 11:52:00-07:00,561.273
2022-01-20 11:53:00-07:00,562.205
2022-01-20 11:54:00-07:00,560.619
2022-01-20 11:55:00-07:00,559.076
2022-01-20 11:56:00-07:00,558.829
2022-01-20 11:57:00-07:00,561.564
2022-01-20 11:58:00-07:00,562.964
2022-01-20 11:59:00-07:00,563.925
2022-01-20 12:00:00-07:00,564.311
2022-01-20 12:01:00-07:00,564.071
2022-01-20 12:02:00-07:00,563.842
2022-01-20 12:03:00-07:00,564.325
2022-01-20 12:04:00-07:00,564.825
2022-01-20 12:05:00-07:00,564.841
2022-01-20 12:06:00-07:00,564.983
2022-01-20 12:07:00-07:00,564.96
2022-01-20 12:08:00-07:00,566.412
2022-01-20 12:09:00-07:00,566.099
2022-01-20 12:10:00-07:00,565.955
2022-01-20 12:11:00-07:00,566.312
2022-01-20 12:12:00-07:00,564.12
2022-01-20 12:13:00-07:00,564.069
2022-01-20 12:14:00-07:00,563.62
2022-01-20 12:15:00-07:00,563.573
2022-01-20 12:16:00-07:00,563.682
2022-01-20 12:17:00-07:00,564.075
2022-01-20 12:18:00-07:00,563.663
2022-01-20 12:19:00-07:00,563.582
2022-01-20 12:20:00-07:00,564.242
2022-01-20 12:21:00-07:00,565.01
2022-01-20 12:22:00-07:00,564.588
2022-01-20 12:23:00-07:00,564.164
2022-01-20 12:24:00-07:00,563.007
2022-01-20 12:25:00-07:00,562.481
2022-01-20 12:26:00-07:00,562.477
2022-01-20 12:27:00-07:00,562.359
2022-01-20 12:28:00-07:00,562.831
2022-01-20 12:29:00-07:00,561.017
2022-01-20 12:30:00-07:00,559.591
2022-01-20 12:31:00-07:00,558.988
2022-01-20 12:32:00-07:00,558.065
2022-01-20 12:33:00-07:00,557.425
2022-01-20 12:34:00-07:00,558.068
2022-01-20 12:35:00-07:00,556.973
2022-01-20 12:36:00-07:00,554.619
2022-01-20 12:37:00-07:00,554.159
2022-01-20 12:38:00-07:00,555.682
2022-01-20 12:39:00-07:00,555.548
2022-01-20 12:40:00-07:00,557.08
2022-01-20 12:41:00-07:00,557.425
2022-01-20 12:42:00-07:00,556.145
2022-01-20 12:43:00-07:00,554.35
2022-01-20 12:44:00-07:00,553.103
2022-01-20 12:45:00-07:00,551.515
2022-01-20 12:46:00-07:00,549.867
2022-01-20 12:47:00-07:00,549.208
2022-01-20 12:48:00-07:00,550.42
2022-01-20 12:49:00-07:00,549.734
2022-01-20 12:50:00-07:00,549.962
2022-01-20 12:51:00-07:00,548.897
2022-01-20 12:52:00-07:00,547.54
2022-01-20 12:53:00-07:00,546.676
2022-01-20 12:54:00-07:00,544.905
2022-01-20 12:55:00-07:00,545.395
2022-01-20 12:56:00-07:00,544.685
2022-01-20 12:57:00-07:00,544.419
2022-01-20 12:58:00-07:00,543.703
2022-01-20 12:59:00-07:00,541.934
2022-01-20 13:00:00-07:00,541.28
2022-01-20 13:01:00-07:00,539.415
2022-01-20 13:02:00-07:00,538.578
2022-01-20 13:03:00-07:00,537.845
2022-01-20 13:04:00-07:00,537.027
2022-01-20 13:05:00-07:00,534.874
2022-01-20 13:06:00-07:00,533.634
2022-01-20 13:07:00-07:00,533.399
2022-01-20 13:08:00-07:00,532.531
2022-01-20 13:09:00-07:00,531.333
2022-01-20 13:10:00-07:00,528.798
2022-01-20 13:11:00-07:00,528.097
2022-01-20 13:12:00-07:00,527.977
2022-01-20 13:13:00-07:00,527.124
2022-01-20 13:14:00-07:00,526.55
2022-01-20 13:15:00-07:00,524.5
2022-01-20 13:16:00-07:00,524.375
2022-01-20 13:17:00-07:00,523.925
2022-01-20 13:18:00-07:00,522.483
2022-01-20 13:19:00-07:00,520.673
2022-01-20 13:20:00-07:00,520.976
2022-01-20 13:21:00-07:00,519.937
2022-01-20 13:22:00-07:00,517.991
2022-01-20 13:23:00-07:00,516.668
2022-01-20 13:24:00-07:00,514.463
2022-01-20 13:25:00-07:00,512.1
2022-01-20 13:26:00-07:00,510.857
2022-01-20 13:27:00-07:00,509.718
2022-01-20 13:28:00-07:00,509.236
2022-01-20 13:29:00-07:00,508.48
2022-01-20 13:30:00-07:00,506.377
2022-01-20 13:31:00-07:00,503.596
2022-01-20 13:32:00-07:00,502.815
2022-01-20 13:33:00-07:00,502.05
2022-01-20 13:34:00-07:00,501.559
2022-01-20 13:35:00-07:00,500.563
2022-01-20 13:36:00-07:00,498.76
2022-01-20 13:37:00-07:00,496.372
2022-01-20 13:38:00-07:00,494.663
2022-01-20 13:39:00-07:00,493.931
2022-01-20 13:40:00-07:00,494.072
2022-01-20 13:41:00-07:00,493.102
2022-01-20 13:42:00-07:00,490.608
2022-01-20 13:43:00-07:00,487.949
2022-01-20 13:44:00-07:00,486.215
2022-01-20 13:45:00-07:00,484.883
2022-01-20 13:46:00-07:00,483.649
2022-01-20 13:47:00-07:00,481.952
2022-01-20 13:48:00-07:00,481.365
2022-01-20 13:49:00-07:00,479.984
2022-01-20 13:50:00-07:00,478.317
2022-01-20 13:51:00-07:00,475.65
2022-01-20 13:52:00-07:00,474.199
2022-01-20 13:53:00-07:00,472.706
2022-01-20 13:54:00-07:00,471.11
2022-01-20 13:55:00-07:00,468.316
2022-01-20 13:56:00-07:00,465.871
2022-01-20 13:57:00-07:00,465.327
2022-01-20 13:58:00-07:00,464.321
2022-01-20 13:59:00-07:00,462.853
2022-01-20 14:00:00-07:00,461.12
2022-01-20 14:01:00-07:00,458.687
2022-01-20 14:02:00-07:00,457.072
2022-01-20 14:03:00-07:00,455.066
2022-01-20 14:04:00-07:00,453.207
2022-01-20 14:05:00-07:00,451.093
2022-01-20 14:06:00-07:00,448.98
2022-01-20 14:07:00-07:00,445.59
2022-01-20 14:08:00-07:00,442.933
2022-01-20 14:09:00-07:00,442.152
2022-01-20 14:10:00-07:00,439.567
2022-01-20 14:11:00-07:00,439.071
2022-01-20 14:12:00-07:00,438.13
2022-01-20 14:13:00-07:00,436.764
2022-01-20 14:14:00-07:00,434.338
2022-01-20 14:15:00-07:00,431.242
2022-01-20 14:16:00-07:00,429.037
2022-01-20 14:17:00-07:00,428.83
2022-01-20 14:18:00-07:00,426.288
2022-01-20 14:19:00-07:00,423.122
2022-01-20 14:20:00-07:00,421.64
2022-01-20 14:21:00-07:00,419.443
2022-01-20 14:22:00-07:00,416.828
2022-01-20 14:23:00-07:00,414.096
2022-01-20 14:24:00-07:00,412.14
2022-01-20 14:25:00-07:00,410.424
2022-01-20 14:26:00-07:00,408.536
2022-01-20 14:27:00-07:00,405.688
2022-01-20 14:28:00-07:00,403.383
2022-01-20 14:29:00-07:00,401.197
2022-01-20 14:30:00-07:00,399.457
2022-01-20 14:31:00-07:00,397.624
2022-01-20 14:32:00-07:00,395.234
2022-01-20 14:33:00-07:00,392.945
2022-01-20 14:34:00-07:00,390.715
2022-01-20 14:35:00-07:00,388.587
2022-01-20 14:36:00-07:00,385.394
2022-01-20 14:37:00-07:00,382.58
2022-01-20 14:38:00-07:00,380.431
2022-01-20 14:39:00-07:00,377.85
2022-01-20 14:40:00-07:00,375.204
2022-01-20 14:41:00-07:00,372.491
2022-01-20 14:42:00-07:00,369.971
2022-01-20 14:43:00-07:00,367.955
2022-01-20 14:44:00-07:00,365.054
2022-01-20 14:45:00-07:00,361.766
2022-01-20 14:46:00-07:00,359.56
2022-01-20 14:47:00-07:00,357.399
2022-01-20 14:48:00-07:00,354.488
2022-01-20 14:49:00-07:00,352.17
2022-01-20 14:50:00-07:00,349.637
2022-01-20 14:51:00-07:00,347.296
2022-01-20 14:52:00-07:00,344.8
2022-01-20 14:53:00-07:00,341.904
2022-01-20 14:54:00-07:00,339.195
2022-01-20 14:55:00-07:00,337.146
2022-01-20 14:56:00-07:00,334.537
2022-01-20 14:57:00-07:00,331.896
2022-01-20 14:58:00-07:00,329.481
2022-01-20 14:59:00-07:00,326.693
2022-01-20 15:00:00-07:00,324.048
2022-01-20 15:01:00-07:00,321.591
2022-01-20 15:02:00-07:00,318.567
2022-01-20 15:03:00-07:00,315.452
2022-01-20 15:04:00-07:00,312.109
2022-01-20 15:05:00-07:00,308.922
2022-01-20 15:06:00-07:00,305.522
2022-01-20 15:07:00-07:00,303.334
2022-01-20 15:08:00-07:00,301.792
2022-01-20 15:09:00-07:00,299.621
2022-01-20 15:10:00-07:00,296.676
2022-01-20 15:11:00-07:00,294.653
2022-01-20 15:12:00-07:00,292.062
2022-01-20 15:13:00-07:00,287.966
2022-01-20 15:14:00-07:00,285.549
2022-01-20 15:15:00-07:00,282.685
2022-01-20 15:16:00-07:00,280.523
2022-01-20 15:17:00-07:00,277.725
2022-01-20 15:18:00-07:00,274.631
2022-01-20 15:19:00-07:00,271.147
2022-01-20 15:20:00-07:00,267.724
2022-01-20 15:21:00-07:00,264.384
2022-01-20 15:22:00-07:00,261.809
2022-01-20 15:23:00-07:00,259.546
2022-01-20 15:24:00-07:00,257.823
2022-01-20 15:25:00-07:00,255.548
2022-01-20 15:26:00-07:00,252.828
2022-01-20 15:27:00-07:00,249.822
2022-01-20 15:28:00-07:00,246.612
2022-01-20 15:29:00-07:00,243.401
2022-01-20 15:30:00-07:00,240.002
2022-01-20 15:31:00-07:00,238.212
2022-01-20 15:32:00-07:00,236.018
2022-01-20 15:33:00-07:00,233.616
2022-01-20 15:34:00-07:00,225.055
2022-01-20 15:35:00-07:00,201.674
2022-01-20 15:36:00-07:00,166.674
2022-01-20 15:37:00-07:00,150.009
2022-01-20 15:38:00-07:00,182.204
2022-01-20 15:39:00-07:00,187.985
2022-01-20 15:40:00-07:00,199.069
2022-01-20 15:41:00-07:00,191.364
2022-01-20 15:42:00-07:00,168.186
2022-01-20 15:43:00-07:00,203.262
2022-01-20 15:44:00-07:00,194.701
2022-01-20 15:45:00-07:00,205.326
2022-01-20 15:46:00-07:00,178.835
2022-01-20 15:47:00-07:00,151.581
2022-01-20 15:48:00-07:00,157.168
2022-01-20 15:49:00-07:00,184.138
2022-01-20 15:50:00-07:00,186.271
2022-01-20 15:51:00-07:00,175.383
2022-01-20 15:52:00-07:00,174.422
2022-01-20 15:53:00-07:00,182.269
2022-01-20 15:54:00-07:00,182.985
2022-01-20 15:55:00-07:00,179.467
2022-01-20 15:56:00-07:00,174.891
2022-01-20 15:57:00-07:00,169.888
2022-01-20 15:58:00-07:00,164.941
2022-01-20 15:59:00-07:00,159.706
2022-01-20 16:00:00-07:00,154.924
2022-01-20 16:01:00-07:00,151.463
2022-01-20 16:02:00-07:00,147.821
2022-01-20 16:03:00-07:00,144.783
2022-01-20 16:04:00-07:00,142.342
2022-01-20 16:05:00-07:00,138.98
2022-01-20 16:06:00-07:00,135.155
2022-01-20 16:07:00-07:00,131.925
2022-01-20 16:08:00-07:00,129.144
2022-01-20 16:09:00-07:00,125.922
2022-01-20 16:10:00-07:00,123.475
2022-01-20 16:11:00-07:00,120.347
2022-01-20 16:12:00-07:00,112.985
2022-01-20 16:13:00-07:00,108.82
2022-01-20 16:14:00-07:00,109.705
2022-01-20 16:15:00-07:00,108.73
2022-01-20 16:16:00-07:00,106.575
2022-01-20 16:17:00-07:00,104.398
2022-01-20 16:18:00-07:00,101.555
2022-01-20 16:19:00-07:00,98.1553
2022-01-20 16:20:00-07:00,95.1784
2022-01-20 16:21:00-07:00,92.5728
2022-01-20 16:22:00-07:00,90.2331
2022-01-20 16:23:00-07:00,87.7109
2022-01-20 16:24:00-07:00,84.563
2022-01-20 16:25:00-07:00,81.3008
2022-01-20 16:26:00-07:00,78.6421
2022-01-20 16:27:00-07:00,75.4032
2022-01-20 16:28:00-07:00,70.1847
2022-01-20 16:29:00-07:00,70.9315
2022-01-20 16:30:00-07:00,68.1401
2022-01-20 16:31:00-07:00,65.5166
2022-01-20 16:32:00-07:00,62.9387
2022-01-20 16:33:00-07:00,59.7289
2022-01-20 16:34:00-07:00,56.8428
2022-01-20 16:35:00-07:00,54.3798
2022-01-20 16:36:00-07:00,52.2512
2022-01-20 16:37:00-07:00,48.8847
2022-01-20 16:38:00-07:00,42.322
2022-01-20 16:39:00-07:00,33.8714
2022-01-20 16:40:00-07:00,25.4401
2022-01-20 16:41:00-07:00,19.3674
2022-01-20 16:42:00-07:00,17.9093
2022-01-20 16:43:00-07:00,17.1241
2022-01-20 16:44:00-07:00,16.359
2022-01-20 16:45:00-07:00,15.7658
2022-01-20 16:46:00-07:00,15.1534
2022-01-20 16:47:00-07:00,14.3386
2022-01-20 16:48:00-07:00,13.4418
2022-01-20 16:49:00-07:00,12.5923
2022-01-20 16:50:00-07:00,11.8769
2022-01-20 16:51:00-07:00,11.2465
2022-01-20 16:52:00-07:00,10.7185
2022-01-20 16:53:00-07:00,10.1894
2022-01-20 16:54:00-07:00,9.65652
2022-01-20 16:55:00-07:00,9.13175
2022-01-20 16:56:00-07:00,8.61987
2022-01-20 16:57:00-07:00,8.12404
2022-01-20 16:58:00-07:00,7.5984
2022-01-20 16:59:00-07:00,7.09011
2022-01-20 17:00:00-07:00,6.61765
2022-01-20 17:01:00-07:00,6.12415
2022-01-20 17:02:00-07:00,5.60628
2022-01-20 17:03:00-07:00,5.14149
2022-01-20 17:04:00-07:00,4.74743
2022-01-20 17:05:00-07:00,4.38832
2022-01-20 17:06:00-07:00,4.01842
2022-01-20 17:07:00-07:00,3.63534
2022-01-20 17:08:00-07:00,3.26579
2022-01-20 17:09:00-07:00,2.90236
2022-01-20 17:10:00-07:00,2.56787
2022-01-20 17:11:00-07:00,2.25836
2022-01-20 17:12:00-07:00,1.92255
2022-01-20 17:13:00-07:00,1.63348
2022-01-20 17:14:00-07:00,1.3154
2022-01-20 17:15:00-07:00,1.01048
2022-01-20 17:16:00-07:00,0.700836
2022-01-20 17:17:00-07:00,0.442145
2022-01-20 17:18:00-07:00,0.167146
2022-01-20 17:19:00-07:00,-0.10568
2022-01-20 17:20:00-07:00,-0.323562
2022-01-20 17:21:00-07:00,-0.587012
2022-01-20 17:22:00-07:00,-0.736964
2022-01-20 17:23:00-07:00,-0.870736
2022-01-20 17:24:00-07:00,-0.962569
2022-01-20 17:25:00-07:00,-1.06542
2022-01-20 17:26:00-07:00,-1.17599
2022-01-20 17:27:00-07:00,-1.18449
2022-01-20 17:28:00-07:00,-1.20179
2022-01-20 17:29:00-07:00,-1.2478
2022-01-20 17:30:00-07:00,-1.32478
2022-01-20 17:31:00-07:00,-1.36345
2022-01-20 17:32:00-07:00,-1.40627
2022-01-20 17:33:00-07:00,-1.43737
2022-01-20 17:34:00-07:00,-1.44151
2022-01-20 17:35:00-07:00,-1.44959
2022-01-20 17:36:00-07:00,-1.45068
2022-01-20 17:37:00-07:00,-1.46123
2022-01-20 17:38:00-07:00,-1.50731
2022-01-20 17:39:00-07:00,-1.52353
2022-01-20 17:40:00-07:00,-1.55786
2022-01-20 17:41:00-07:00,-1.54315
2022-01-20 17:42:00-07:00,-1.53917
2022-01-20 17:43:00-07:00,-1.52971
2022-01-20 17:44:00-07:00,-1.51959
2022-01-20 17:45:00-07:00,-1.45672
2022-01-20 17:46:00-07:00,-1.40395
2022-01-20 17:47:00-07:00,-1.37043
2022-01-20 17:48:00-07:00,-1.35138
2022-01-20 17:49:00-07:00,-1.37376
2022-01-20 17:50:00-07:00,-1.39694
2022-01-20 17:51:00-07:00,-1.41019
2022-01-20 17:52:00-07:00,-1.45398
2022-01-20 17:53:00-07:00,-1.45373
2022-01-20 17:54:00-07:00,-1.44555
2022-01-20 17:55:00-07:00,-1.45321
2022-01-20 17:56:00-07:00,-1.44058
2022-01-20 17:57:00-07:00,-1.42962
2022-01-20 17:58:00-07:00,-1.40809
2022-01-20 17:59:00-07:00,-1.39286
2022-01-20 18:00:00-07:00,-1.37342
2022-01-20 18:01:00-07:00,-1.37401
2022-01-20 18:02:00-07:00,-1.38092
2022-01-20 18:03:00-07:00,-1.39539
2022-01-20 18:04:00-07:00,-1.39526
2022-01-20 18:05:00-07:00,-1.41935
2022-01-20 18:06:00-07:00,-1.41002
2022-01-20 18:07:00-07:00,-1.41969
2022-01-20 18:08:00-07:00,-1.40324
2022-01-20 18:09:00-07:00,-1.39497
2022-01-20 18:10:00-07:00,-1.39087
2022-01-20 18:11:00-07:00,-1.40868
2022-01-20 18:12:00-07:00,-1.38496
2022-01-20 18:13:00-07:00,-1.39383
2022-01-20 18:14:00-07:00,-1.42819
2022-01-20 18:15:00-07:00,-1.45662
2022-01-20 18:16:00-07:00,-1.49039
2022-01-20 18:17:00-07:00,-1.49942
2022-01-20 18:18:00-07:00,-1.50492
2022-01-20 18:19:00-07:00,-1.50607
2022-01-20 18:20:00-07:00,-1.49322
2022-01-20 18:21:00-07:00,-1.49361
2022-01-20 18:22:00-07:00,-1.48136
2022-01-20 18:23:00-07:00,-1.51212
2022-01-20 18:24:00-07:00,-1.4973
2022-01-20 18:25:00-07:00,-1.50948
2022-01-20 18:26:00-07:00,-1.4802
2022-01-20 18:27:00-07:00,-1.49051
2022-01-20 18:28:00-07:00,-1.46475
2022-01-20 18:29:00-07:00,-1.44821
2022-01-20 18:30:00-07:00,-1.43871
2022-01-20 18:31:00-07:00,-1.52679
2022-01-20 18:32:00-07:00,-1.51362
2022-01-20 18:33:00-07:00,-1.43206
2022-01-20 18:34:00-07:00,-1.44807
2022-01-20 18:35:00-07:00,-1.42874
2022-01-20 18:36:00-07:00,-1.41578
2022-01-20 18:37:00-07:00,-1.40774
2022-01-20 18:38:00-07:00,-1.405
2022-01-20 18:39:00-07:00,-1.45576
2022-01-20 18:40:00-07:00,-1.47944
2022-01-20 18:41:00-07:00,-1.50859
2022-01-20 18:42:00-07:00,-1.55012
2022-01-20 18:43:00-07:00,-1.51065
2022-01-20 18:44:00-07:00,-1.50825
2022-01-20 18:45:00-07:00,-1.46739
2022-01-20 18:46:00-07:00,-1.44942
2022-01-20 18:47:00-07:00,-1.43822
2022-01-20 18:48:00-07:00,-1.44156
2022-01-20 18:49:00-07:00,-1.44599
2022-01-20 18:50:00-07:00,-1.48453
2022-01-20 18:51:00-07:00,-1.46415
2022-01-20 18:52:00-07:00,-1.45071
2022-01-20 18:53:00-07:00,-1.45068
2022-01-20 18:54:00-07:00,-1.4718
2022-01-20 18:55:00-07:00,-1.47982
2022-01-20 18:56:00-07:00,-1.44228
2022-01-20 18:57:00-07:00,-1.42083
2022-01-20 18:58:00-07:00,-1.35115
2022-01-20 18:59:00-07:00,-1.33586
2022-01-20 19:00:00-07:00,-1.35303
2022-01-20 19:01:00-07:00,-1.38459
2022-01-20 19:02:00-07:00,-1.41241
2022-01-20 19:03:00-07:00,-1.42555
2022-01-20 19:04:00-07:00,-1.40405
2022-01-20 19:05:00-07:00,-1.40456
2022-01-20 19:06:00-07:00,-1.35015
2022-01-20 19:07:00-07:00,-1.37884
2022-01-20 19:08:00-07:00,-1.37773
2022-01-20 19:09:00-07:00,-1.35204
2022-01-20 19:10:00-07:00,-1.37164
2022-01-20 19:11:00-07:00,-1.3428
2022-01-20 19:12:00-07:00,-1.29854
2022-01-20 19:13:00-07:00,-1.28806
2022-01-20 19:14:00-07:00,-1.28568
2022-01-20 19:15:00-07:00,-1.35554
2022-01-20 19:16:00-07:00,-1.42276
2022-01-20 19:17:00-07:00,-1.42141
2022-01-20 19:18:00-07:00,-1.44372
2022-01-20 19:19:00-07:00,-1.43128
2022-01-20 19:20:00-07:00,-1.41327
2022-01-20 19:21:00-07:00,-1.42084
2022-01-20 19:22:00-07:00,-1.38033
2022-01-20 19:23:00-07:00,-1.34607
2022-01-20 19:24:00-07:00,-1.3003
2022-01-20 19:25:00-07:00,-1.29679
2022-01-20 19:26:00-07:00,-1.35985
2022-01-20 19:27:00-07:00,-1.43739
2022-01-20 19:28:00-07:00,-1.439
2022-01-20 19:29:00-07:00,-1.42647
2022-01-20 19:30:00-07:00,-1.38322
2022-01-20 19:31:00-07:00,-1.32584
2022-01-20 19:32:00-07:00,-1.32724
2022-01-20 19:33:00-07:00,-1.38039
2022-01-20 19:34:00-07:00,-1.41472
2022-01-20 19:35:00-07:00,-1.46612
2022-01-20 19:36:00-07:00,-1.49814
2022-01-20 19:37:00-07:00,-1.49782
2022-01-20 19:38:00-07:00,-1.5569
2022-01-20 19:39:00-07:00,-1.52073
2022-01-20 19:40:00-07:00,-1.42342
2022-01-20 19:41:00-07:00,-1.34295
2022-01-20 19:42:00-07:00,-1.30779
2022-01-20 19:43:00-07:00,-1.27069
2022-01-20 19:44:00-07:00,-1.21669
2022-01-20 19:45:00-07:00,-1.27223
2022-01-20 19:46:00-07:00,-1.29081
2022-01-20 19:47:00-07:00,-1.2899
2022-01-20 19:48:00-07:00,-1.29369
2022-01-20 19:49:00-07:00,-1.30715
2022-01-20 19:50:00-07:00,-1.34275
2022-01-20 19:51:00-07:00,-1.41205
2022-01-20 19:52:00-07:00,-1.40512
2022-01-20 19:53:00-07:00,-1.37052
2022-01-20 19:54:00-07:00,-1.3719
2022-01-20 19:55:00-07:00,-1.38346
2022-01-20 19:56:00-07:00,-1.3854
2022-01-20 19:57:00-07:00,-1.34085
2022-01-20 19:58:00-07:00,-1.36703
2022-01-20 19:59:00-07:00,-1.4039
2022-01-20 20:00:00-07:00,-1.40578
2022-01-20 20:01:00-07:00,-1.34584
2022-01-20 20:02:00-07:00,-1.34196
2022-01-20 20:03:00-07:00,-1.32228
2022-01-20 20:04:00-07:00,-1.32707
2022-01-20 20:05:00-07:00,-1.30816
2022-01-20 20:06:00-07:00,-1.26588
2022-01-20 20:07:00-07:00,-1.26915
2022-01-20 20:08:00-07:00,-1.2859
2022-01-20 20:09:00-07:00,-1.28684
2022-01-20 20:10:00-07:00,-1.30281
2022-01-20 20:11:00-07:00,-1.30441
2022-01-20 20:12:00-07:00,-1.33989
2022-01-20 20:13:00-07:00,-1.32554
2022-01-20 20:14:00-07:00,-1.31696
2022-01-20 20:15:00-07:00,-1.30383
2022-01-20 20:16:00-07:00,-1.30786
2022-01-20 20:17:00-07:00,-1.3237
2022-01-20 20:18:00-07:00,-1.3521
2022-01-20 20:19:00-07:00,-1.37198
2022-01-20 20:20:00-07:00,-1.32691
2022-01-20 20:21:00-07:00,-1.31002
2022-01-20 20:22:00-07:00,-1.30677
2022-01-20 20:23:00-07:00,-1.30872
2022-01-20 20:24:00-07:00,-1.30566
2022-01-20 20:25:00-07:00,-1.30116
2022-01-20 20:26:00-07:00,-1.31773
2022-01-20 20:27:00-07:00,-1.32894
2022-01-20 20:28:00-07:00,-1.30018
2022-01-20 20:29:00-07:00,-1.29543
2022-01-20 20:30:00-07:00,-1.28734
2022-01-20 20:31:00-07:00,-1.28973
2022-01-20 20:32:00-07:00,-1.31972
2022-01-20 20:33:00-07:00,-1.31767
2022-01-20 20:34:00-07:00,-1.29884
2022-01-20 20:35:00-07:00,-1.28645
2022-01-20 20:36:00-07:00,-1.29041
2022-01-20 20:37:00-07:00,-1.2719
2022-01-20 20:38:00-07:00,-1.23023
2022-01-20 20:39:00-07:00,-1.21366
2022-01-20 20:40:00-07:00,-1.19724
2022-01-20 20:41:00-07:00,-1.20868
2022-01-20 20:42:00-07:00,-1.24687
2022-01-20 20:43:00-07:00,-1.27526
2022-01-20 20:44:00-07:00,-1.29268
2022-01-20 20:45:00-07:00,-1.33328
2022-01-20 20:46:00-07:00,-1.3696
2022-01-20 20:47:00-07:00,-1.40299
2022-01-20 20:48:00-07:00,-1.40559
2022-01-20 20:49:00-07:00,-1.42989
2022-01-20 20:50:00-07:00,-1.42334
2022-01-20 20:51:00-07:00,-1.39851
2022-01-20 20:52:00-07:00,-1.40735
2022-01-20 20:53:00-07:00,-1.40915
2022-01-20 20:54:00-07:00,-1.38257
2022-01-20 20:55:00-07:00,-1.33569
2022-01-20 20:56:00-07:00,-1.32587
2022-01-20 20:57:00-07:00,-1.28049
2022-01-20 20:58:00-07:00,-1.29955
2022-01-20 20:59:00-07:00,-1.31845
2022-01-20 21:00:00-07:00,-1.36417
2022-01-20 21:01:00-07:00,-1.3463
2022-01-20 21:02:00-07:00,-1.35258
2022-01-20 21:03:00-07:00,-1.34322
2022-01-20 21:04:00-07:00,-1.29665
2022-01-20 21:05:00-07:00,-1.28275
2022-01-20 21:06:00-07:00,-1.28575
2022-01-20 21:07:00-07:00,-1.2615
2022-01-20 21:08:00-07:00,-1.32904
2022-01-20 21:09:00-07:00,-1.31238
2022-01-20 21:10:00-07:00,-1.3023
2022-01-20 21:11:00-07:00,-1.26163
2022-01-20 21:12:00-07:00,-1.23995
2022-01-20 21:13:00-07:00,-1.29653
2022-01-20 21:14:00-07:00,-1.24427
2022-01-20 21:15:00-07:00,-1.24401
2022-01-20 21:16:00-07:00,-1.23439
2022-01-20 21:17:00-07:00,-1.2354
2022-01-20 21:18:00-07:00,-1.21268
2022-01-20 21:19:00-07:00,-1.22491
2022-01-20 21:20:00-07:00,-1.18079
2022-01-20 21:21:00-07:00,-1.21282
2022-01-20 21:22:00-07:00,-1.25111
2022-01-20 21:23:00-07:00,-1.32565
2022-01-20 21:24:00-07:00,-1.37578
2022-01-20 21:25:00-07:00,-1.4475
2022-01-20 21:26:00-07:00,-1.50039
2022-01-20 21:27:00-07:00,-1.57399
2022-01-20 21:28:00-07:00,-1.72044
2022-01-20 21:29:00-07:00,-2.00173
2022-01-20 21:30:00-07:00,-2.06186
2022-01-20 21:31:00-07:00,-1.98861
2022-01-20 21:32:00-07:00,-1.94722
2022-01-20 21:33:00-07:00,-1.93047
2022-01-20 21:34:00-07:00,-2.14006
2022-01-20 21:35:00-07:00,-2.25446
2022-01-20 21:36:00-07:00,-2.25126
2022-01-20 21:37:00-07:00,-2.22222
2022-01-20 21:38:00-07:00,-2.24855
2022-01-20 21:39:00-07:00,-2.24422
2022-01-20 21:40:00-07:00,-2.22589
2022-01-20 21:41:00-07:00,-2.16181
2022-01-20 21:42:00-07:00,-2.15628
2022-01-20 21:43:00-07:00,-2.20612
2022-01-20 21:44:00-07:00,-2.24922
2022-01-20 21:45:00-07:00,-2.19303
2022-01-20 21:46:00-07:00,-2.0708
2022-01-20 21:47:00-07:00,-1.95135
2022-01-20 21:48:00-07:00,-1.90502
2022-01-20 21:49:00-07:00,-1.97907
2022-01-20 21:50:00-07:00,-2.04395
2022-01-20 21:51:00-07:00,-2.04061
2022-01-20 21:52:00-07:00,-1.9633
2022-01-20 21:53:00-07:00,-1.89583
2022-01-20 21:54:00-07:00,-1.79243
2022-01-20 21:55:00-07:00,-1.73281
2022-01-20 21:56:00-07:00,-1.59871
2022-01-20 21:57:00-07:00,-1.45595
2022-01-20 21:58:00-07:00,-1.44679
2022-01-20 21:59:00-07:00,-1.44907
2022-01-20 22:00:00-07:00,-1.46006
2022-01-20 22:01:00-07:00,-1.45344
2022-01-20 22:02:00-07:00,-1.43555
2022-01-20 22:03:00-07:00,-1.4881
2022-01-20 22:04:00-07:00,-1.50898
2022-01-20 22:05:00-07:00,-1.48031
2022-01-20 22:06:00-07:00,-1.39132
2022-01-20 22:07:00-07:00,-1.35299
2022-01-20 22:08:00-07:00,-1.31941
2022-01-20 22:09:00-07:00,-1.38373
2022-01-20 22:10:00-07:00,-1.4679
2022-01-20 22:11:00-07:00,-1.52312
2022-01-20 22:12:00-07:00,-1.56682
2022-01-20 22:13:00-07:00,-1.58108
2022-01-20 22:14:00-07:00,-1.65285
2022-01-20 22:15:00-07:00,-1.68185
2022-01-20 22:16:00-07:00,-1.6398
2022-01-20 22:17:00-07:00,-1.53231
2022-01-20 22:18:00-07:00,-1.53531
2022-01-20 22:19:00-07:00,-1.56565
2022-01-20 22:20:00-07:00,-1.61553
2022-01-20 22:21:00-07:00,-1.62255
2022-01-20 22:22:00-07:00,-1.66683
2022-01-20 22:23:00-07:00,-1.71015
2022-01-20 22:24:00-07:00,-1.7577
2022-01-20 22:25:00-07:00,-1.79841
2022-01-20 22:26:00-07:00,-1.85583
2022-01-20 22:27:00-07:00,-1.9377
2022-01-20 22:28:00-07:00,-1.97987
2022-01-20 22:29:00-07:00,-1.98353
2022-01-20 22:30:00-07:00,-1.89969
2022-01-20 22:31:00-07:00,-1.87439
2022-01-20 22:32:00-07:00,-1.97157
2022-01-20 22:33:00-07:00,-1.99079
2022-01-20 22:34:00-07:00,-1.99381
2022-01-20 22:35:00-07:00,-1.96596
2022-01-20 22:36:00-07:00,-1.91379
2022-01-20 22:37:00-07:00,-1.85955
2022-01-20 22:38:00-07:00,-1.82344
2022-01-20 22:39:00-07:00,-1.80923
2022-01-20 22:40:00-07:00,-1.83013
2022-01-20 22:41:00-07:00,-1.9
2022-01-20 22:42:00-07:00,-1.92303
2022-01-20 22:43:00-07:00,-1.93933
2022-01-20 22:44:00-07:00,-1.98558
2022-01-20 22:45:00-07:00,-1.94312
2022-01-20 22:46:00-07:00,-1.85501
2022-01-20 22:47:00-07:00,-1.74526
2022-01-20 22:48:00-07:00,-1.69311
2022-01-20 22:49:00-07:00,-1.72299
2022-01-20 22:50:00-07:00,-1.65669
2022-01-20 22:51:00-07:00,-1.51075
2022-01-20 22:52:00-07:00,-1.52476
2022-01-20 22:53:00-07:00,-1.54051
2022-01-20 22:54:00-07:00,-1.5201
2022-01-20 22:55:00-07:00,-1.63484
2022-01-20 22:56:00-07:00,-1.60961
2022-01-20 22:57:00-07:00,-1.53725
2022-01-20 22:58:00-07:00,-1.54059
2022-01-20 22:59:00-07:00,-1.46273
2022-01-20 23:00:00-07:00,-1.39497
2022-01-20 23:01:00-07:00,-1.33471
2022-01-20 23:02:00-07:00,-1.29854
2022-01-20 23:03:00-07:00,-1.22582
2022-01-20 23:04:00-07:00,-1.19323
2022-01-20 23:05:00-07:00,-1.21528
2022-01-20 23:06:00-07:00,-1.22966
2022-01-20 23:07:00-07:00,-1.20522
2022-01-20 23:08:00-07:00,-1.23458
2022-01-20 23:09:00-07:00,-1.2111
2022-01-20 23:10:00-07:00,-1.20565
2022-01-20 23:11:00-07:00,-1.22547
2022-01-20 23:12:00-07:00,-1.22656
2022-01-20 23:13:00-07:00,-1.24337
2022-01-20 23:14:00-07:00,-1.24975
2022-01-20 23:15:00-07:00,-1.2091
2022-01-20 23:16:00-07:00,-1.12978
2022-01-20 23:17:00-07:00,-1.09975
2022-01-20 23:18:00-07:00,-1.10016
2022-01-20 23:19:00-07:00,-1.17628
2022-01-20 23:20:00-07:00,-1.21579
2022-01-20 23:21:00-07:00,-1.25044
2022-01-20 23:22:00-07:00,-1.23605
2022-01-20 23:23:00-07:00,-1.20896
2022-01-20 23:24:00-07:00,-1.28945
2022-01-20 23:25:00-07:00,-1.29011
2022-01-20 23:26:00-07:00,-1.30109
2022-01-20 23:27:00-07:00,-1.33075
2022-01-20 23:28:00-07:00,-1.3274
2022-01-20 23:29:00-07:00,-1.31644
2022-01-20 23:30:00-07:00,-1.35785
2022-01-20 23:31:00-07:00,-1.33601
2022-01-20 23:32:00-07:00,-1.34894
2022-01-20 23:33:00-07:00,-1.33763
2022-01-20 23:34:00-07:00,-1.24401
2022-01-20 23:35:00-07:00,-1.27337
2022-01-20 23:36:00-07:00,-1.29227
2022-01-20 23:37:00-07:00,-1.30061
2022-01-20 23:38:00-07:00,-1.3707
2022-01-20 23:39:00-07:00,-1.39941
2022-01-20 23:40:00-07:00,-1.442
2022-01-20 23:41:00-07:00,-1.41279
2022-01-20 23:42:00-07:00,-1.3126
2022-01-20 23:43:00-07:00,-1.20624
2022-01-20 23:44:00-07:00,-1.15377
2022-01-20 23:45:00-07:00,-1.13412
2022-01-20 23:46:00-07:00,-1.18936
2022-01-20 23:47:00-07:00,-1.30388
2022-01-20 23:48:00-07:00,-1.42145
2022-01-20 23:49:00-07:00,-1.41318
2022-01-20 23:50:00-07:00,-1.28041
2022-01-20 23:51:00-07:00,-1.11615
2022-01-20 23:52:00-07:00,-1.12618
2022-01-20 23:53:00-07:00,-1.31662
2022-01-20 23:54:00-07:00,-1.40171
2022-01-20 23:55:00-07:00,-1.40921
2022-01-20 23:56:00-07:00,-1.41231
2022-01-20 23:57:00-07:00,-1.40933
2022-01-20 23:58:00-07:00,-1.37632
2022-01-20 23:59:00-07:00,-1.30594
