,ac_power_kw_1137,ambient_temp__1053,inv2_ac_power_w__1047,inv2_dc_current__1049,inv2_dc_power__1135,inv2_dc_voltage__1048,inv2_temp__1050,module_temp__1056,poa_irradiance__1055,poa_irradiance_refcell__1054,refcell_temp__1052,wind_speed__1051
1/2/2022 0:00,0,-9.039494,0,0,0,3.600098,20.40015,-4.489728,0,-1.87168,-10.10075,7.332672
1/2/2022 0:15,0,-8.953295,0,0,0,3.600098,20.40015,-4.511542,0,-1.444499,-10.31844,8.006534
1/2/2022 0:30,0,-8.742995,0,0,0,3.600098,20.40015,-4.586366,0,-1.220703,-10.34794,7.527425
1/2/2022 0:45,0,-8.596479,0,0,0,3.600098,20.30005,-4.637794,0,-1.302083,-9.310344,8.808698
1/2/2022 1:00,0,-8.334415,0,0,0,3.600098,20.30005,-4.688316,0,-0.9562826,-9.005168,8.788198
1/2/2022 1:15,0,-8.094338,0,0,0,3.600098,20.30005,-4.762123,0,-1.302083,-8.665405,7.226669
1/2/2022 1:30,0,-7.836065,0,0,0,3.600098,20.30005,-4.800778,0,-0.966211,-8.44873,9.345708
1/2/2022 1:45,0,-7.742176,0,0,0,3.600098,20.30005,-4.851075,0,-1.556576,-8.147624,6.68341
1/2/2022 2:00,0,-7.36879,0,0,0,3.600098,20.30005,-4.889278,0,-1.180078,-7.880086,6.901914
1/2/2022 2:15,0,-7.115393,0,0,0,3.600098,20.30005,-4.949522,0,-1.180078,-7.510824,6.559157
1/2/2022 2:30,0,-6.919712,0,0,0,3.600098,20.30005,-4.982525,0,-1.322363,-7.487427,5.62954
1/2/2022 2:45,0,-6.851705,0,0,0,3.600098,20.30005,-5.034518,0,-1.108984,-7.357218,7.851431
1/2/2022 3:00,0,-6.659272,0,0,0,3.600098,20.30005,-5.191626,0,-1.180078,-6.957438,7.26827
1/2/2022 3:15,0,-6.192541,0,0,0,3.600098,20.30005,-5.271309,0,-1.180078,-6.652262,7.108068
1/2/2022 3:30,0,-5.916292,0,0,0,3.600098,20.30005,-5.372695,0,-1.180078,-6.530192,6.326303
1/2/2022 3:45,0,-5.191288,0,0,0,3.600098,20.30005,-5.48719,0,-1.180078,-5.359334,6.289752
1/2/2022 4:00,0,-4.678101,0,0,0,3.600098,20.30005,-5.585525,0,-1.139323,-5.290161,5.176382
1/2/2022 4:15,0,-4.400011,0,0,0,3.600098,20.40015,-5.6339,0,-1.607259,-5.102987,5.06913
1/2/2022 4:30,0,-4.112501,0,0,0,3.600098,20.40015,-5.697647,0,-1.444499,-4.484497,6.73791
1/2/2022 4:45,0,-3.839391,0,0,0,3.600098,20.40015,-5.815535,0,-1.220703,-3.993164,7.368822
1/2/2022 5:00,0,-3.540402,0,0,0,3.600098,20.40015,-5.845825,0,-1.108984,-4.443807,4.993379
1/2/2022 5:15,0,-3.657139,0,0,0,3.600098,20.40015,-5.833392,0,-1.220703,-4.259684,6.666309
1/2/2022 5:30,0,-3.7559,0,0,0,3.600098,20.40015,-5.937377,0,-1.556576,-4.084717,7.870431
1/2/2022 5:45,0,-3.469471,0,0,0,3.600098,20.40015,-6.026103,0,-1.637956,-3.722575,5.436637
1/2/2022 6:00,0,-3.005013,0,0,0,3.600098,20.40015,-6.069845,0,-1.444499,-3.394002,5.838044
1/2/2022 6:15,0,-2.972745,0,0,0,3.600098,20.40015,-6.094146,0,-1.525879,-3.344157,8.100686
1/2/2022 6:30,0,-3.111356,0,0,0,3.600098,20.40015,-6.016722,0,-1.678711,-3.245483,10.44383
1/2/2022 6:45,0,-3.65259,0,0,0,3.600098,20.40015,-6.005419,0,-1.637956,-3.683919,9.660314
1/2/2022 7:00,0,-3.528598,0,0,0,3.600098,20.5,-5.934212,0,-1.678711,-3.660522,8.855948
1/2/2022 7:15,0,-3.532605,0,0,0,3.600098,20.5,-5.845825,0,-1.79043,-3.531331,7.606427
1/2/2022 7:30,0,-3.499794,0,0,0,3.600098,20.5,-5.814178,0,-1.678711,-3.299398,8.123686
1/2/2022 7:45,0,-3.784164,0,0,0,3.600098,20.5,-5.805926,0,-1.688639,-3.631022,6.973665
1/2/2022 8:00,0,-3.384573,0,0,0,3.600098,20.5,-5.920423,0,-1.525879,-3.30957,8.076335
1/2/2022 8:15,0,-3.138429,0,0,0,3.600098,20.5,-5.903695,0,-1.637956,-3.073568,9.585712
1/2/2022 8:30,0,-3.09966,0,0,0,3.600098,20.5,-5.912737,0,-1.678711,-3.008464,8.235438
1/2/2022 8:45,0,-2.987904,0,0,0,17.22674,20.5,-5.996716,0,-1.637956,-2.8986,7.461024
1/2/2022 9:00,0,-3.022883,0,0,0,199.6668,20.44675,-6.406099,0,-1.79043,-2.749064,7.746779
1/2/2022 9:15,0,-2.507311,0,0,0,400.8666,20.5,-6.940717,0,0.5392578,-2.508992,8.447942
1/2/2022 9:30,0.9262,-1.964561,0,0,0,474.66,20.7002,-7.14134,0,29.61198,-1.9139,7.539575
1/2/2022 9:45,5.8203,-1.191693,3460.075,23.13343,8987.1826,388.4933,25.05338,-6.510876,39.36719,74.33041,-0.654541,6.978915
1/2/2022 10:00,18.4558,-0.8890208,7153.483,30.65348,13329.5646,434.8467,31.65348,-5.623049,83.80104,127.6551,0.2762451,5.948896
1/2/2022 10:15,32.2826,-0.161851,12553.39,44.22674,18517.1478,418.6867,38.05339,-4.157429,135.5586,179.3009,1.813314,6.634309
1/2/2022 10:30,44.0448,0.64686,17453.4,55.9001,23397.9204,418.5667,44.65348,-2.317351,180.1151,238.7592,3.529419,5.634641
1/2/2022 10:45,58.6912,1.527588,23606.77,70.21341,29710.5798,423.1468,51.80684,-0.90847,223.8767,299.5909,5.028849,6.417254
1/2/2022 11:00,64.1919,2.302838,26453.4,75.16682,32537.2133,432.8667,59.85344,-0.3650356,236.1449,315.0531,6.459106,6.102499
1/2/2022 11:15,74.2677,2.966658,30640.02,85.8401,37005.6757,431.1001,59.70674,-0.04528313,268.9823,359.4157,8.18335,5.672041
1/2/2022 11:30,94.9596,3.932174,37913.48,102.3734,44161.8373,431.38,60.86009,1.341331,339.4164,446.6656,10.993,4.674723
1/2/2022 11:45,102.9941,4.493333,40360.1,107.2135,46403.4395,432.8134,61.2735,9.951158,354.1268,472.2696,11.50977,6.302302
1/2/2022 12:00,111.9081,5.362364,43246.8,115.2335,49419.8109,428.8667,58.40669,19.63395,378.4181,501.4037,13.0092,5.585139
1/2/2022 12:15,120.6773,6.029109,46073.44,122.0668,52343.8795,428.8134,63.04017,23.67455,400.3297,530.4872,14.12309,5.307634
1/2/2022 12:30,135.2134,7.217378,50853.44,135.7734,56945.1969,419.4135,60.10677,27.10107,444.275,580.4747,16.83915,5.661141
1/2/2022 12:45,143.4331,8.033131,53713.46,143.3801,60097.3101,419.1468,59.15348,25.41403,457.0314,598.6025,16.90324,6.004647
1/2/2022 13:00,149.403,9.166605,55260.13,148.08,61468.0228,415.1001,59.30684,31.15976,471.9241,614.1053,19.40365,4.459269
1/2/2022 13:15,154.923,10.03639,57046.71,152.9534,63205.4535,413.2334,59.40669,33.67439,485.291,630.1066,20.43514,4.882127
1/2/2022 13:30,161.6097,10.39895,58400.15,154.5601,64791.6248,419.2002,60.26012,34.43528,497.1309,645.7316,21.47477,4.665273
1/2/2022 13:45,163.1134,11.10663,59000,156.9001,65399.0997,416.82,60.90015,35.82167,501.709,648.7734,22.35368,4.365118
1/2/2022 14:00,163.3669,12.31656,59000,158.9067,65341.3863,411.1934,60.04671,37.19438,505.1268,653.3307,25.0321,4.576621
1/2/2022 14:15,164.1206,10.18638,59193.41,158.5669,65549.4475,413.3867,59.7002,34.60177,504.4551,650.5231,20.82475,5.238633
1/2/2022 14:30,157.8075,9.54378,56753.46,154.0067,62984.6437,408.9734,59.7002,34.63884,485.4742,624.6641,23.33634,4.755624
1/2/2022 14:45,158.311,10.4558,56906.69,153.46,63087.4213,411.1001,59.7002,35.07049,488.8906,625.7731,25.7452,4.422118
1/2/2022 15:00,154.0645,9.718343,55460.08,149.6667,61775.4543,412.7535,59.85344,33.82584,473.9984,605.2956,21.58565,5.07828
1/2/2022 15:15,149.2512,9.475016,53900.15,146.7534,60063.2609,409.2802,59.85344,32.44781,458.0079,581.6547,20.55924,4.898627
1/2/2022 15:30,144.1378,10.559,51600.1,139.94,57775.6424,412.8601,59.9534,32.83154,440.3691,557.2405,21.84403,4.915627
1/2/2022 15:45,137.5742,10.66188,48746.8,133.9535,54761.9858,408.8134,59.90015,30.87041,415.2224,524.4244,20.63757,4.952228
1/2/2022 16:00,129.6438,11.19835,45946.74,127.7002,51980.8006,407.0534,59.7002,30.75377,392.7617,494.1509,22.60087,4.456219
1/2/2022 16:15,117.3966,11.72497,42246.8,116.0667,48372.7355,416.7667,59.15348,30.10329,363.4648,454.1422,22.76261,4.472869
1/2/2022 16:30,108.5991,11.10479,39100.1,107.3534,44981.0746,419,59.19341,27.47146,335.6932,416.6156,20.15438,4.741274
1/2/2022 16:45,94.2958,10.39245,33926.74,95.0267,40049.9625,421.4601,59.10677,23.50139,292.9082,360.6874,18.17786,4.615522
1/2/2022 17:00,83.735,10.00391,30046.71,87.39336,36272.3257,415.0467,59.35344,20.98745,265.2596,321.1367,16.94189,4.428869
1/2/2022 17:15,65.6192,9.899189,24100.1,75.09351,29778.5792,396.5533,58.55339,19.1286,224.0604,266.4591,16.09961,4.413868
1/2/2022 17:30,51.4865,9.86811,18800.05,62.05339,24762.2005,399.0467,57.59343,16.61071,186.7676,214.4471,15.70288,4.346517
1/2/2022 17:45,36.431,9.419464,12346.76,43.5,18391.8,422.8,58.30005,13.33914,148.0721,162.2619,12.94613,4.294216
1/2/2022 18:00,23.226,8.316742,7746.794,31.90015,13563.9438,425.2,57.6001,9.55726,103.4551,111.5316,10.77734,4.265615
1/2/2022 18:15,7.5474,7.624008,3246.794,21.20674,9308.7685,438.9533,56.30005,6.248395,54.68737,63.42552,8.907634,4.320716
1/2/2022 18:30,0.0461,6.272544,0,0,0,451.4467,50.24679,2.033056,0,10.0708,4.577189,4.096763
1/2/2022 18:45,0,5.092505,0,0,0,434.5333,44.04671,-0.7677506,0,3.84528,1.724813,3.96346
1/2/2022 19:00,0,3.841751,0,0,0,370.1267,39.64681,-2.767537,0,-1.403874,0.2792969,4.029861
1/2/2022 19:15,0,3.521104,0,0,0,96.97343,36.6001,-3.114191,0,-1.942773,0.9730632,4.080862
1/2/2022 19:30,0,3.458295,0,0,0,6.640023,34.40015,-3.545953,0,-1.831055,0.8245443,4.107863
1/2/2022 19:45,0,3.141113,0,0,0,3.600098,32.84676,-4.457855,0,-1.983398,0.12264,4.045712
1/2/2022 20:00,0,2.201045,0,0,0,3.600098,31.7002,-5.497703,0,-1.79043,-0.8325602,4.469119
1/2/2022 20:15,0,2.91717,0,0,0,3.600098,30.90015,-4.672832,0,-1.831055,0.5915934,4.53602
1/2/2022 20:30,0,1.731605,0,0,0,3.600098,30.1001,-5.862666,0,-2.024154,-1.078735,4.55672
1/2/2022 20:45,0,1.571985,0,0,0,3.600098,29.30005,-6.099797,0,-1.831055,-1.181478,4.638622
1/2/2022 21:00,0,1.090635,0,0,0,3.600098,28.7002,-5.894088,0,-1.831055,-1.124512,4.883627
1/2/2022 21:15,0,0.5367305,0,0,0,3.600098,28.04671,-6.957897,0,-1.678711,-1.998332,4.588272
1/2/2022 21:30,0,0.5176699,0,0,0,3.600098,27.6001,-6.653063,0,-1.79043,-1.876261,4.847476
1/2/2022 21:45,0,-0.304145,0,0,0,3.600098,27.2002,-7.160555,0,-1.566634,-2.501872,5.182132
1/2/2022 22:00,0,-0.1848089,0,0,0,3.600098,26.80005,-8.27387,0,-1.79043,-3.256673,4.317717
1/2/2022 22:15,0,0.3468971,0,0,0,3.600098,26.40015,-7.996389,0,-1.831055,-3.004395,4.280015
1/2/2022 22:30,0,-0.2654846,0,0,0,3.600098,26,-8.67308,0,-1.79043,-3.470296,4.254615
1/2/2022 22:45,0,-0.1698649,0,0,0,3.600098,25.54671,-7.94044,0,-1.637956,-2.513062,4.093362
1/2/2022 23:00,0,-0.125574,0,0,0,3.600098,25.2002,-8.10433,0,-1.79043,-3.028809,4.022611
1/2/2022 23:15,0,0.823157,0,0,0,3.600098,24.80005,-7.749199,0,-1.719336,-1.79895,4.085462
1/2/2022 23:30,0,0.8957128,0,0,0,3.600098,24.5,-8.619958,0,-1.79043,-2.589355,3.96871
1/2/2022 23:45,0,0.9782305,0,0,0,3.600098,24.2002,-8.473363,0,-1.87168,-2.093953,3.95651
1/3/2022 0:00,0,0.8179588,0,0,0,3.600098,23.90015,-8.053468,0,-1.678711,-1.925089,4.016861
1/3/2022 0:15,0,1.23163,0,0,0,3.600098,23.7002,-6.220736,0,-1.668294,-0.5904541,4.341467
1/3/2022 0:30,0,1.299312,0,0,0,3.600098,23.5,-5.985865,0,-1.678711,-0.7654216,3.927459
1/3/2022 0:45,0,0.7981435,0,0,0,3.600098,23.30005,-6.837523,0,-1.749674,-1.693156,3.914359
1/3/2022 1:00,0,1.276028,0,0,0,3.600098,23.2002,-5.877473,0,-1.719336,-0.6046956,4.321716
1/3/2022 1:15,0,1.774163,0,0,0,3.600098,23,-5.128331,0,-1.79043,-0.2130534,4.685473
1/3/2022 1:30,0,1.761171,0,0,0,3.600098,22.90015,-5.030562,0,-1.831055,-0.1438802,4.220615
1/3/2022 1:45,0,1.144996,0,0,0,3.600098,22.80005,-5.723191,0,-1.678711,-0.9108887,4.154864
1/3/2022 2:00,0,0.230484,0,0,0,3.600098,22.6001,-7.059057,0,-1.79043,-2.126506,4.128463
1/3/2022 2:15,0,0.3420258,0,0,0,3.600098,22.5,-7.013958,0,-1.79043,-1.967814,3.865859
1/3/2022 2:30,0,0.01173884,0,0,0,3.600098,22.40015,-8.57373,0,-1.719336,-3.676799,3.854108
1/3/2022 2:45,0,-0.1025096,0,0,0,3.600098,22.30005,-8.785656,0,-1.678711,-3.581177,3.862858
1/3/2022 3:00,0,0.225071,0,0,0,3.600098,22.2002,-8.733098,0,-1.678711,-3.048136,3.884359
1/3/2022 3:15,0,-0.4127597,0,0,0,3.600098,22.1001,-9.798264,0,-1.637956,-4.241374,3.848608
1/3/2022 3:30,0,-0.8004407,0,0,0,3.600098,22,-10.59126,0,-1.79043,-4.729655,3.877609
1/3/2022 3:45,0,-0.8040131,0,0,0,3.600098,22,-10.23093,0,-1.678711,-4.664551,3.848708
1/3/2022 4:00,0,-1.153249,0,0,0,3.600098,21.90015,-10.11644,0,-1.637956,-4.642171,3.879959
1/3/2022 4:15,0,-1.654634,0,0,0,3.600098,21.90015,-10.58753,0,-1.525879,-5.069417,3.831857
1/3/2022 4:30,0,-1.977881,0,0,0,3.600098,21.80005,-11.04473,0,-1.403874,-5.510905,4.025712
1/3/2022 4:45,0,-1.755561,0,0,0,3.600098,21.80005,-10.97126,0,-1.525879,-5.152832,3.843358
1/3/2022 5:00,0,-2.441579,0,0,0,3.600098,21.7002,-10.41878,0,-1.556576,-4.571981,4.229465
1/3/2022 5:15,0,-1.523276,0,0,0,3.600098,21.6001,-9.666927,0,-1.525879,-4.069458,3.876709
1/3/2022 5:30,0,-1.764767,0,0,0,3.600098,21.6001,-10.43099,0,-1.444499,-4.972778,3.856708
1/3/2022 5:45,0,-1.805914,0,0,0,3.600098,21.5,-10.82568,0,-1.637956,-4.759155,3.886759
1/3/2022 6:00,0,0.01119512,0,0,0,3.600098,21.5,-7.832839,0,-1.637956,-1.807088,4.186714
1/3/2022 6:15,0,1.288266,0,0,0,3.600098,21.5,-7.347614,0,-1.79043,-1.032959,3.887109
1/3/2022 6:30,0,1.162105,0,0,0,3.600098,21.40015,-6.99124,0,-1.749674,-1.112305,4.337967
1/3/2022 6:45,0,1.501271,0,0,0,3.600098,21.40015,-7.232327,0,-1.637956,-1.158081,4.174364
1/3/2022 7:00,0,2.223569,0,0,0,3.600098,21.40015,-5.296967,0,-1.678711,0.4695231,3.96176
1/3/2022 7:15,0,2.258762,0,0,0,3.64681,21.40015,-5.051472,0,-1.759961,0.1765544,3.881109
1/3/2022 7:30,0,2.440148,0,0,0,3.900146,21.40015,-3.669718,0,-1.79043,0.9812012,4.106963
1/3/2022 7:45,0,2.553853,0,0,0,3.946744,21.30005,-3.371891,0,-1.831055,0.8631999,4.205265
1/3/2022 8:00,0,2.444698,0,0,0,4.353434,21.30005,-3.187658,0,-1.942773,1.004598,4.131513
1/3/2022 8:15,0,2.576921,0,0,0,4.853434,21.2468,-2.82179,0,-1.831055,1.175496,4.348717
1/3/2022 8:30,0,2.772601,0,0,0,8.460074,21.2002,-2.223199,0,-1.831055,1.660726,5.190232
1/3/2022 8:45,0,2.745853,0,0,0,37.71341,21.2002,-1.992624,0,-1.831055,1.645467,5.04138
1/3/2022 9:00,0,2.855119,0,0,0,169.5067,21.2002,-1.87485,0,-1.902148,1.683105,4.218115
1/3/2022 9:15,0.0115,3.145335,0,0,0,453.2134,21.2002,-1.634328,0,7.67015,1.928263,4.389368
1/3/2022 9:30,3.5456,3.634809,1300.049,17.99346,6135.6511,340.9934,21.4534,-0.9531155,0,34.03727,2.796997,4.099612
1/3/2022 9:45,4.6935,3.799736,1893.36,18.73333,7207.7124,384.7534,27.55338,-0.2093984,24.71875,34.24066,3.994303,4.087112
1/3/2022 10:00,4.8039,3.375237,1900.146,19.20674,6488.807,337.8401,29.1001,-1.294457,27.70911,31.40241,2.103231,3.995711
1/3/2022 10:15,8.7505,3.638381,3853.434,24.09342,8848.229,367.2467,33.65348,-0.2233003,48.52344,51.31016,3.113363,4.302267
1/3/2022 10:30,18.8074,3.782624,6300.049,28.25345,11903.1785,421.3,38.2002,0.8471779,70.73985,74.32047,3.609782,4.147363
1/3/2022 10:45,26.2607,3.15725,9100.098,35.65348,15088.321,423.1935,42.65348,1.757836,97.29063,100.179,3.507039,4.47827
1/3/2022 11:00,32.1026,4.262352,11146.81,40.30684,17065.1099,423.38,46.4534,3.432555,116.2715,119.2524,5.211955,4.570721
1/3/2022 11:15,34.3069,4.972735,11853.44,41.67336,17799.5297,427.1201,49.80005,4.792836,123.5957,126.4649,6.096964,4.349867
1/3/2022 11:30,49.5147,5.529347,17153.48,53.33338,22995.5721,431.1666,53.5,6.56148,170.5328,177.1344,7.463135,4.428018
1/3/2022 11:45,90.6026,6.653186,32046.71,88.28672,38255.2361,433.3068,60.40015,11.61232,290.5882,318.5425,11.53418,4.400868
1/3/2022 12:00,104.549,8.525526,37393.36,103.7534,43517.6309,419.4333,62.70674,18.12074,322.6931,372.05,16.15454,4.382218
1/3/2022 12:15,146.5517,10.39646,50553.46,135.4201,56757.2859,419.1201,58.1001,24.4324,446.8382,526.5503,20.64368,4.705623
1/3/2022 12:30,187.9483,13.69065,68233.38,185.2267,74726.6188,403.4333,59,34.67614,583.0687,691.5587,30.22925,4.726974
1/3/2022 12:45,168.276,11.35873,61826.76,167.5467,67905.5885,405.2935,60.2002,34.23387,534.4238,622.6807,24.42175,4.966878
1/3/2022 13:00,143.4294,11.1416,52060.18,143.2134,58044.391,405.3,60.24679,32.83041,465.0879,530.4769,22.87553,4.956128
1/3/2022 13:15,131.1658,11.83325,47313.38,131.5333,53305.1983,405.2601,60.54671,32.02961,426.2087,483.8053,23.16036,4.985478
1/3/2022 13:30,137.419,12.4491,49360.1,137.0801,55251.5051,403.06,60.90015,31.96428,439.0862,505.4014,24.09827,4.902777
1/3/2022 13:45,152.4059,14.00199,56193.41,156.6934,62278.3089,397.4533,59.99346,36.68655,483.9477,570.7904,28.72575,4.774225
1/3/2022 14:00,182.5715,13.70451,67240.12,185.8733,73113.8945,393.3534,60.04671,38.47995,570.252,678.6498,28.59045,4.780975
1/3/2022 14:15,175.8758,14.54756,64606.77,181.6668,70741.0701,389.4001,59.7002,40.76004,547.4844,659.1086,29.41545,4.588272
1/3/2022 14:30,189.147,15.97536,70573.44,196.0734,76740.521,391.3867,60.1001,43.57814,589.2948,714.0403,33.66858,4.238615
1/3/2022 14:45,177.3847,17.33408,66253.45,183.6201,72216.5918,393.2935,60.04671,43.78938,544.3123,671.5291,34.4071,4.173264
1/3/2022 15:00,170.3891,17.0209,64153.49,179.3068,70277.5251,391.9401,59.80005,42.82244,516.1132,641.0829,33.72249,4.142113
1/3/2022 15:15,164.912,16.49624,63073.51,175.5601,69055.986,393.3467,59.75345,41.72811,501.9534,620.1375,32.47534,4.221765
1/3/2022 15:30,156.4487,17.12508,59553.39,165.5534,65421.1742,395.1666,60.05339,39.83096,470.154,580.3629,32.8741,4.147463
1/3/2022 15:45,151.0354,16.56034,58046.71,161.0467,63999.9747,397.4001,60.1001,38.58427,455.0176,554.7485,30.03699,4.102613
1/3/2022 16:00,124.5552,16.27402,48253.39,137.0801,54163.1028,395.1201,59.84676,36.96143,384.5215,452.1689,28.45211,4.086462
1/3/2022 16:15,132.5246,15.84866,52060.18,146.4734,58179.2638,397.2002,62.44674,34.51869,418.5177,487.1827,27.71256,3.792757
1/3/2022 16:30,110.827,15.99345,44226.8,125.3934,50582.0298,403.3867,58.65348,31.45487,353.5157,406.2197,25.79199,3.691105
1/3/2022 16:45,86.523,15.03291,34613.48,99.98005,40698.569,407.0669,61.10677,28.25305,280.0898,315.1751,23.04846,3.533252
1/3/2022 17:00,51.9952,13.57619,20253.45,64.30005,26050.9595,405.1468,58.4534,22.01735,173.9492,188.5376,16.91138,3.521102
1/3/2022 17:15,44.6039,12.66114,17300.05,56.75345,23002.1733,405.3,58.04017,18.12221,149.2305,161.2142,14.71411,3.499851
1/3/2022 17:30,37.3206,12.48571,14693.41,50.14002,20520.3096,409.2601,58.6001,16.02353,129.0279,138.2953,14.00814,3.521352
1/3/2022 17:45,31.5125,11.77748,12100.1,43.78004,17921.8016,409.3601,59.30005,13.82516,111.2068,117.2178,12.82202,3.537102
1/3/2022 18:00,43.6129,12.23144,16693.41,53.88682,22271.4227,413.3,61.34676,14.70507,168.8845,170.9494,15.53809,3.714855
1/3/2022 18:15,25.3074,12.04225,9693.408,37.12669,15421.9332,415.3867,56.84676,12.69059,99.5487,106.028,15.03048,3.620254
1/3/2022 18:30,1.7749,11.0214,1153.483,16.40015,6432.685,392.2333,55.7002,7.8822,0,22.54238,9.791626,3.560603
1/3/2022 18:45,0,9.171803,0,0,0,433.82,47.89336,3.655784,0,4.079362,5.462199,3.4136
1/3/2022 19:00,0,7.688443,0,0,0,348.2401,42.34676,0.9146554,0,-1.942773,3.214071,3.895359
1/3/2022 19:15,0,7.329675,0,0,0,54.98677,38.44674,0.5644966,0,-1.942773,3.808146,3.298098
1/3/2022 19:30,0,5.969874,0,0,0,6.100098,35.7002,-1.490558,0,-1.983398,2.285319,3.260247
1/3/2022 19:45,0,5.301397,0,0,0,3.600098,33.64681,-2.758495,0,-2.095475,1.141927,3.253347
1/3/2022 20:00,0,4.682084,0,0,0,3.600098,32.30005,-3.115885,0,-1.942773,1.103271,3.230097
1/3/2022 20:15,0,3.929467,0,0,0,3.600098,31.30005,-3.466608,0,-1.831055,0.505127,3.252097
1/3/2022 20:30,0,3.780785,0,0,0,3.600098,30.54671,-3.704191,0,-1.942773,0.9588216,3.455201
1/3/2022 20:45,0,4.125366,0,0,0,3.600098,29.7468,-3.453836,0,-1.942773,1.320964,3.603253
1/3/2022 21:00,0,3.54547,0,0,0,3.600098,29.14681,-3.504359,0,-1.831055,1.046305,3.457101
1/3/2022 21:15,0,3.93315,0,0,0,3.600098,28.7002,-2.602517,0,-1.983398,2.050334,3.841858
1/3/2022 21:30,0,3.125627,0,0,0,3.600098,28.2002,-3.939626,0,-1.831055,0.3210042,3.691005
1/3/2022 21:45,0,2.549523,0,0,0,3.600098,27.90015,-4.523636,0,-2.13623,0.505127,4.023261
1/3/2022 22:00,0,3.118047,0,0,0,3.600098,27.54671,-4.57981,0,-1.831055,0.2457275,5.10203
1/3/2022 22:15,0,3.100938,0,0,0,3.600098,27,-4.18173,0,-1.831055,1.110392,3.902959
1/3/2022 22:30,0,3.516773,0,0,0,3.600098,26.6001,-4.94014,0,-1.942773,0.3515218,3.800607
1/3/2022 22:45,0,3.616182,0,0,0,3.600098,26.2002,-4.72878,0,-1.87168,0.6333008,3.771706
1/3/2022 23:00,0,3.114259,0,0,0,3.600098,25.90015,-4.317927,0,-1.942773,0.8408203,4.022861
1/3/2022 23:15,0,3.3839,0,0,0,3.600098,25.5,-3.907639,0,-1.87168,1.246704,3.881859
1/3/2022 23:30,0,1.820729,0,0,0,3.600098,25.1001,-4.357826,0,-1.831055,-0.02587891,4.582222
1/3/2022 23:45,0,1.830474,0,0,0,3.600098,24.80005,-4.063278,0,-1.831055,0.1653646,3.881859
1/4/2022 0:00,0,2.219454,0,0,0,3.600098,24.5,-4.459211,0,-1.831055,-0.1092936,3.682605
1/4/2022 0:15,0,3.192768,0,0,0,3.600098,24.30005,-4.088144,0,-2.095475,0.8286133,3.753506
1/4/2022 0:30,0,3.139704,0,0,0,3.600098,24.1001,-3.178842,0,-1.831055,1.241618,4.037862
1/4/2022 0:45,0,2.588833,0,0,0,3.600098,23.80005,-3.813601,0,-1.831055,0.3627116,4.139613
1/4/2022 1:00,0,2.724955,0,0,0,3.600098,23.6001,-3.916682,0,-1.945313,0.3708496,3.683792
1/4/2022 1:15,0,4.044688,0,0,0,3.600098,23.5,-3.907639,0,-1.942773,1.538656,4.022361
1/4/2022 1:30,0,3.64672,0,0,0,3.600098,23.30005,-4.846328,0,-1.942773,0.6872151,3.781507
1/4/2022 1:45,0,3.493275,0,0,0,3.600098,23.2002,-4.287184,0,-1.87168,1.060547,3.689105
1/4/2022 2:00,0,3.006509,0,0,0,3.600098,23,-4.68809,0,-1.983398,0.1806234,4.51827
1/4/2022 2:15,0,2.689974,0,0,0,3.600098,22.90015,-4.884192,0,-1.942773,0.01277669,3.789257
1/4/2022 2:30,0,2.53328,0,0,0,3.600098,22.90015,-4.813324,0,-1.831055,0.1846924,4.035461
1/4/2022 2:45,0,2.181119,0,0,0,3.600098,22.7002,-5.932178,0,-1.831055,-0.9332682,3.679855
1/4/2022 3:00,0,2.657054,0,0,0,3.600098,22.7002,-5.597392,0,-1.79043,0.1918132,3.773107
1/4/2022 3:15,0,3.297809,0,0,0,3.600098,22.6001,-5.871821,0,-1.831055,0.2752279,3.670355
1/4/2022 3:30,0,4.325159,0,0,0,3.600098,22.5,-5.794398,0,-1.942773,0.8479411,3.848108
1/4/2022 3:45,0,3.315893,0,0,0,3.600098,22.40015,-5.699455,0,-1.942773,-0.1693115,3.789257
1/4/2022 4:00,0,2.154804,0,0,0,3.600098,22.34676,-6.139922,0,-1.902148,-0.5294189,4.068362
1/4/2022 4:15,0,2.490503,0,0,0,3.600098,22.30005,-6.635771,0,-1.79043,-0.5284017,3.652354
1/4/2022 4:30,0,2.921501,0,0,0,3.600098,22.2002,-6.058542,0,-1.902148,0.5966797,4.621622
1/4/2022 4:45,0,1.537008,0,0,0,3.600098,22.1001,-4.77173,0,-1.942773,0.004638672,3.862108
1/4/2022 5:00,0,1.896531,0,0,0,3.600098,22.1001,-4.981395,0,-1.831055,-0.1408284,3.597603
1/4/2022 5:15,0,2.721706,0,0,0,3.600098,22,-5.700811,0,-1.861393,0.02905273,3.729356
1/4/2022 5:30,0,3.379352,0,0,0,3.600098,22,-4.802813,0,-1.79043,0.8326823,3.871608
1/4/2022 5:45,0,3.060112,0,0,0,3.600098,22,-4.237452,0,-1.942773,0.9547526,3.830858
1/4/2022 6:00,0,2.116144,0,0,0,3.600098,21.90015,-4.776025,0,-1.87168,-0.02079264,4.122363
1/4/2022 6:15,0,3.154109,0,0,0,3.600098,21.84676,-4.72878,0,-1.87168,0.6495768,3.557103
1/4/2022 6:30,0,3.596474,0,0,0,3.600098,21.80005,-4.228071,0,-1.831055,1.591553,3.97261
1/4/2022 6:45,0,3.224388,0,0,0,3.600098,21.80005,-4.798857,0,-1.719336,0.7899577,3.585103
1/4/2022 7:00,0,2.824906,0,0,0,3.600098,21.75345,-4.782129,0,-1.942773,0.344401,3.513102
1/4/2022 7:15,0,3.434796,0,0,0,3.600098,21.7002,-3.30837,0,-1.831055,1.954712,4.076862
1/4/2022 7:30,0,4.76352,0,0,0,3.600098,21.7002,-3.448976,0,-1.831055,2.02592,3.531252
1/4/2022 7:45,0,5.297933,0,0,0,3.600098,21.7002,-1.891013,0,-1.942773,3.613851,4.211764
1/4/2022 8:00,0,6.077837,0,0,0,3.600098,21.7002,-0.1554845,0,-2.05485,4.887451,4.877976
1/4/2022 8:15,0,6.839229,0,0,0,3.600098,21.7002,0.02682788,0,-2.014225,5.127523,4.445468
1/4/2022 8:30,0,6.958241,0,0,0,3.653483,21.7002,0.3274806,0,-1.983398,4.908813,3.654355
1/4/2022 8:45,0,4.861521,0,0,0,16.00679,21.6001,-1.744304,0,-1.87168,1.759399,3.703605
1/4/2022 9:00,0,4.440273,0,0,0,102.4534,21.6001,-1.51938,0,-1.983398,1.827555,3.745256
1/4/2022 9:15,0,4.331224,0,0,0,366.94,21.5,-1.773466,0,-1.525879,1.572225,3.487851
1/4/2022 9:30,0,5.159319,0,0,0,438.1268,21.54671,-0.2065725,0,3.529622,3.22526,3.742106
1/4/2022 9:45,1.8529,5.235341,0,0,0,470.1068,21.7002,0.4678588,5.615104,21.10781,4.247599,4.599371
1/4/2022 10:00,7.2852,5.843717,3400.146,22.80684,8378.0174,367.3467,27.4534,1.687759,38.57435,40.36458,5.319784,7.29242
1/4/2022 10:15,33.8464,7.019423,12520.12,44.02007,18185.2808,413.1134,33.70674,4.592213,99.85352,124.8169,7.417358,5.584389
1/4/2022 10:30,24.836,7.125116,9446.745,36.18008,15169.5876,419.2801,40.40015,5.332313,77.14857,93.62793,7.29834,5.710892
1/4/2022 10:45,31.7717,6.91005,12240.12,42.06676,18058.7048,429.2868,45.05339,5.49168,94.11562,113.6271,7.614706,5.398386
1/4/2022 11:00,29.4302,7.111795,10920.15,40.02674,16689.2813,416.9533,48.64681,5.630703,85.02148,103.7191,7.393961,7.827681
1/4/2022 11:15,120.7062,8.38096,47473.46,123.9733,53773.0098,433.7467,63.50679,12.42328,312.1333,396.2099,12.30017,10.12712
1/4/2022 11:30,147.2922,9.186422,58106.77,150.9534,64488.3039,427.2067,58.50679,15.81556,385.9866,484.4157,14.2299,9.42486
1/4/2022 11:45,169.2313,9.817431,66153.43,168.22,72528.6418,431.1535,58.75345,19.54658,450.3182,556.9052,16.58382,5.61654
1/4/2022 12:00,144.5154,9.966331,59540.11,156.1401,65753.7345,421.1201,60.90015,20.13794,388.7948,480.6826,16.14844,6.219501
1/4/2022 12:15,124.4684,9.535116,46746.76,124.2467,52825.547,425.1666,59.55339,17.26117,333.9846,415.2222,13.7406,8.033284
1/4/2022 12:30,164.3257,9.708273,62960.03,165.1468,69246.0532,419.3,60.40015,20.72172,423.8891,537.5163,16.64282,4.350467
1/4/2022 12:45,185.7459,9.741085,73293.46,186.0468,79913.3146,429.5334,58.80005,20.08967,472.4122,605.4177,16.18404,6.860813
1/4/2022 13:00,191.0168,10.08577,76280.08,195.0067,82877.867,425.0001,62.7002,22.35733,492.9807,636.2001,17.05583,5.390286
1/4/2022 13:15,193.3213,10.49988,78213.41,200.44,84826.2481,423.2002,59.80005,24.36921,503.5391,647.8881,18.63257,4.678773
1/4/2022 13:30,198.4596,10.01289,80300.05,207.5401,87021.5639,419.3,59.90015,22.70478,513.8556,658.9252,16.6947,6.71791
1/4/2022 13:45,200.4644,10.20727,81246.8,209.6934,87914.6709,419.2534,59.90015,23.92298,521.1798,665.7511,18.38741,6.081248
1/4/2022 14:00,200.5359,10.16862,81746.8,209,88469.7,423.3,59.90015,23.68337,519.7753,665.3442,17.25216,4.593271
1/4/2022 14:15,198.9741,10.1109,81400.15,211.1734,88131.1068,417.34,59.90015,23.43663,515.6857,655.4971,18.21244,2.781989
1/4/2022 14:30,198.9789,10.24626,81906.69,208.9733,88824.7908,425.0533,60.1001,24.59289,519.531,659.2001,18.33858,4.610122
1/4/2022 14:45,197.9836,9.902654,81860.1,209.9668,88675.9925,422.3334,59.90015,23.16683,513.8556,649.5664,17.07414,5.677641
1/4/2022 15:00,192.4884,9.539667,79600.1,204.3068,86462.6786,423.2002,59.39336,21.76111,499.8789,629.7811,16.43225,6.531157
1/4/2022 15:15,185.493,9.660411,76700.2,197.7534,83689.2784,423.2002,60.1001,23.40046,483.3984,607.6252,17.79333,4.228765
1/4/2022 15:30,175.9973,10.39679,73046.71,188.4001,79749.7623,423.3,59.90015,25.31118,464.8436,581.0651,19.64372,5.908645
1/4/2022 15:45,161.5348,9.675353,66986.79,175.2134,73769.5196,421.0267,59.7002,21.05176,428.2224,534.0472,16.33358,5.376136
1/4/2022 16:00,147.5433,9.843635,59506.74,158.4401,66162.4785,417.5867,59.7002,23.24087,390.869,486.4298,19.0883,4.772875
1/4/2022 16:15,141.813,9.862047,59253.46,155.6001,65834.4179,423.1001,60.25345,21.66154,386.1078,475.057,17.23181,3.335999
1/4/2022 16:30,125.0157,9.455198,52093.43,137.4267,58421.9317,425.1134,60.30005,19.09311,342.4063,420.3695,15.78935,3.812007
1/4/2022 16:45,111.5682,9.960373,46246.8,124.3,52610.3976,423.2534,60.30005,20.56495,313.5374,379.2014,17.80758,2.512333
1/4/2022 17:00,91.892,9.360987,38386.82,104.5867,44461.2076,425.1134,60.30005,16.32735,260.6815,311.3504,13.88505,3.560603
1/4/2022 17:15,44.0381,8.468132,17960.12,56.25338,23552.542,418.6867,57.34676,11.82175,131.5314,160.0852,10.30636,5.61804
1/4/2022 17:30,16.0653,7.300761,6953.402,31.36682,12460.9931,397.2667,59.40015,7.673326,53.83385,69.45801,7.522135,2.898991
1/4/2022 17:45,6.1225,6.723577,3493.457,22.01338,8965.0239,407.2534,58.14681,4.736999,33.38646,40.1001,6.248535,2.208478
1/4/2022 18:00,4.3903,6.016113,1993.457,18.58677,7566.3023,407.08,56,2.141335,20.14063,28.29997,4.261841,2.209978
1/4/2022 18:15,0,5.330203,0,0,0,459.3401,49.19341,0.32635,0,12.01393,2.873291,2.218078
1/4/2022 18:30,0,5.202638,0,0,0,449.4467,43.54671,-0.3385879,0,6.561523,2.728841,2.647586
1/4/2022 18:45,0,4.830444,0,0,0,425.7201,39.5,-1.432124,0,0.9969075,1.935384,2.921591
1/4/2022 19:00,0,4.888055,0,0,0,328.7667,36.5,-1.419352,0,-1.942773,2.647461,2.243979
1/4/2022 19:15,0,4.343895,0,0,0,59.59341,34.30005,-1.778777,0,-2.095475,1.767537,2.495833
1/4/2022 19:30,0,4.071218,0,0,0,5.593424,32.90015,-2.889606,0,-1.79043,1.179565,2.058675
1/4/2022 19:45,0,3.618566,0,0,0,3.600098,31.80005,-2.751601,0,-1.942773,1.12972,3.266697
1/4/2022 20:00,0,3.40664,0,0,0,3.600098,31,-4.659494,0,-1.942773,-0.4378662,2.443932
1/4/2022 20:15,0,3.225039,0,0,0,3.600098,30.30005,-4.595634,0,-1.383464,0.1378988,2.449833
1/4/2022 20:30,0,3.024375,0,0,0,3.600098,29.7002,-4.613492,0,-1.719336,-0.1479492,3.511602
1/4/2022 20:45,0,2.514329,0,0,0,3.600098,29.2002,-4.350705,0,-1.831055,0.08500163,4.215615
1/4/2022 21:00,0,1.777413,0,0,0,3.600098,28.64681,-4.503066,0,-1.942773,-0.1977946,3.557103
1/4/2022 21:15,0,1.886244,0,0,0,3.600098,28.1001,-4.928838,12.45104,-1.719336,-0.6972656,3.40585
1/4/2022 21:30,0,2.341929,0,0,0,3.600098,27.7002,-4.435814,0,-2.05485,0.5275065,3.96296
1/4/2022 21:45,0,3.3617,0,0,0,3.600098,27.40015,-2.925774,0,-1.831055,1.724813,3.540002
1/4/2022 22:00,0,3.038238,0,0,0,3.600098,27,-3.853613,0,-1.983398,0.08500163,3.715605
1/4/2022 22:15,0,2.661062,0,0,0,3.600098,26.6001,-4.287636,0,-1.831055,0.1572266,5.443137
1/4/2022 22:30,0,2.418167,0,0,0,3.600098,26.30005,-4.087352,0,-1.831055,0.06160482,3.648754
1/4/2022 22:45,0,2.065466,0,0,0,3.600098,25.90015,-3.460279,0,-1.831055,-0.3269857,3.4006
1/4/2022 23:00,0,2.075536,0,0,0,3.600098,25.6001,-3.354373,0,-1.942773,-0.1245524,3.843108
1/4/2022 23:15,0,1.647466,0,0,0,3.600098,25.30005,-4.690916,0,-1.831055,-0.6443685,3.633354
1/4/2022 23:30,0,0.6941846,0,0,0,3.600098,25,-6.966374,0,-1.759961,-2.623942,3.453201
1/4/2022 23:45,0,-0.1417104,0,0,0,3.600098,24.7002,-7.541455,0,-1.79043,-3.009481,3.364849
1/5/2022 0:00,0,-0.9244326,0,0,0,3.600098,24.5,-8.649911,0,-1.566634,-3.962646,3.349849
1/5/2022 0:15,0,-1.466426,0,0,0,3.600098,24.2002,-8.9613,0,-1.902148,-4.07251,3.345449
1/5/2022 0:30,0,-1.692968,0,0,0,3.600098,23.90015,-8.657596,0,-1.637956,-4.454997,3.362349
1/5/2022 0:45,0,-2.521932,0,0,0,3.600098,23.80005,-8.028376,0,-1.79043,-4.592326,4.003111
1/5/2022 1:00,0,-3.542351,0,0,0,3.600098,23.6001,-8.550559,0,-1.678711,-5.614665,3.615104
1/5/2022 1:15,0,-4.003884,0,0,0,3.600098,23.44675,-9.328411,0,-1.668294,-6.469157,3.308348
1/5/2022 1:30,0,-4.502344,0,0,0,3.600098,23.30005,-10.40917,0,-1.525879,-7.098836,3.293848
1/5/2022 1:45,0,-4.795488,0,0,0,3.600098,23.2002,-11.23145,0,-1.180078,-7.526083,3.292348
1/5/2022 2:00,0,-5.098267,0,0,0,3.600098,23.1001,-11.57392,0,-1.220703,-7.568807,3.259347
1/5/2022 2:15,0,-5.265033,0,0,0,3.600098,22.94675,-12.3694,0,-1.403874,-8.254436,3.255097
1/5/2022 2:30,0,-5.615244,0,0,0,3.600098,22.80005,-11.53357,0,-1.027604,-8.085571,3.238747
1/5/2022 2:45,0,-5.306402,0,0,0,3.600098,22.7002,-9.212785,0,-1.403874,-6.709229,3.269248
1/5/2022 3:00,0,-5.412527,0,0,0,3.600098,22.6001,-9.529261,0,-1.180078,-7.091715,3.303748
1/5/2022 3:15,0,-5.640803,0,0,0,3.600098,22.5,-12.29198,0,-1.068359,-9.380534,3.250097
1/5/2022 3:30,0,-6.131897,0,0,0,3.600098,22.40015,-13.38043,0,-1.220703,-9.418172,3.216596
1/5/2022 3:45,0,-6.468031,0,0,0,3.600098,22.40015,-13.54578,0,-1.108984,-9.31136,3.186446
1/5/2022 4:00,0,-6.651043,0,0,0,3.600098,22.30005,-13.85876,0,-1.190365,-9.635864,3.166096
1/5/2022 4:15,0,-6.748287,0,0,0,3.600098,22.2002,-14.1264,0,-1.027604,-9.718262,3.283498
1/5/2022 4:30,0,-6.709519,0,0,0,3.600098,22.1001,-13.22411,0,-1.068359,-8.413127,3.775607
1/5/2022 4:45,0,-6.517412,0,0,0,3.600098,22.1001,-14.00773,0,-1.108984,-9.453776,3.191696
1/5/2022 5:00,0,-6.437711,0,0,0,3.600098,22,-14.2782,0,-0.9562826,-9.845418,3.186096
1/5/2022 5:15,0,-6.295634,0,0,0,3.600098,22,-13.34426,0,-1.139323,-8.705078,3.202596
1/5/2022 5:30,0,-5.759597,0,0,0,3.600098,21.90015,-12.77878,0,-1.180078,-8.235107,3.210496
1/5/2022 5:45,0,-6.28264,0,0,0,3.600098,21.80005,-13.3863,0,-1.180078,-9.444621,3.208996
1/5/2022 6:00,0,-6.823007,0,0,0,3.600098,21.80005,-13.69261,0,-1.403874,-9.428345,3.218446
1/5/2022 6:15,0,-7.054967,0,0,0,3.600098,21.7002,-13.77659,0,-1.180078,-9.924764,3.153495
1/5/2022 6:30,0,-6.917546,0,0,0,3.600098,21.7002,-13.86893,0,-1.302083,-9.944092,3.119845
1/5/2022 6:45,0,-6.733129,0,0,0,3.600098,21.7002,-14.31821,0,-1.220703,-9.734538,3.152095
1/5/2022 7:00,0,-6.785971,0,0,0,3.600098,21.6001,-14.42536,0,-1.068359,-9.699951,3.149195
1/5/2022 7:15,0,-7.003093,0,0,0,3.600098,21.6001,-13.83706,0,-1.068359,-9.608398,3.123445
1/5/2022 7:30,0,-6.74179,0,0,0,3.600098,21.6001,-13.62027,0,-1.525879,-9.192342,3.124095
1/5/2022 7:45,0,-6.748828,0,0,0,3.600098,21.55338,-12.96166,0,-1.068359,-8.990926,3.154595
1/5/2022 8:00,0,-7.361211,0,0,0,3.600098,21.5,-14.17195,0,-0.9969075,-10.50053,3.162845
1/5/2022 8:15,0,-7.120806,0,0,0,3.600098,21.5,-13.62004,0,-1.525879,-9.451741,3.175496
1/5/2022 8:30,0,-7.326558,0,0,0,3.600098,21.40015,-14.4387,0,-1.515951,-10.26351,3.376949
1/5/2022 8:45,0,-7.254328,0,0,0,14.00679,21.40015,-13.4895,0,-1.566634,-9.684692,3.182096
1/5/2022 9:00,0,-7.040996,0,0,0,176.7401,21.40015,-12.91724,0,-0.986849,-9.173015,3.95686
1/5/2022 9:15,0,-7.053125,0,0,0,445.9201,21.30005,-10.08818,0,2.217611,-7.871948,3.481601
1/5/2022 9:30,3.59,-6.676274,1560.172,17.76007,7034.9999,396.1133,21.5,-9.200125,0,28.90033,-7.132406,5.915795
1/5/2022 9:45,14.4269,-6.014079,5313.379,25.52679,11090.0297,434.4467,28.35344,-8.266523,42.42005,62.20475,-5.896444,3.517252
1/5/2022 10:00,4.6184,-5.71173,2153.483,18.30684,8127.0196,443.9335,34.25345,-9.715755,25.87904,28.81894,-7.071371,3.3951
1/5/2022 10:15,58.912,-5.161292,25246.8,72.03338,31327.3242,434.9001,40.70674,-7.237412,176.3305,189.7683,-4.105062,3.429851
1/5/2022 10:30,32.5271,-3.842315,12900.15,42.81338,18658.071,435.8,48.80005,-3.243041,106.8122,105.0416,-1.547689,3.472601
1/5/2022 10:45,74.0477,-2.968196,36400.05,98.34,42671.6928,433.92,55.90669,-0.5479136,212.5861,240.2447,0.5275065,3.488201
1/5/2022 11:00,43.3896,-2.654911,18540.11,56.40005,24364.8216,432,60.90015,-0.5074506,126.5255,144.114,0.6607666,3.530102
1/5/2022 11:15,42.9149,-2.54359,17613.43,53.38009,23487.5972,440.0067,57.7002,-0.5897339,128.6013,142.6189,-0.1337077,4.121213
1/5/2022 11:30,78.7894,-2.339246,30120.05,81.0001,36148.1819,446.2733,60.99346,-0.610644,208.4352,251.78,0.3657633,3.535702
1/5/2022 11:45,151.6179,-1.309188,67800.05,167.8002,74626.3367,444.7333,63.14002,5.865007,396.0569,492.6862,8.414266,3.543952
1/5/2022 12:00,108.5095,-0.3485453,48986.82,126.0134,55170.3551,437.8134,59.30005,13.28964,271.3633,332.7231,12.4609,3.747506
1/5/2022 12:15,189.372,0.8128698,79260.12,200.96,86095.3033,428.4201,60.1001,19.2908,465.5156,576.7415,14.03052,4.061362
1/5/2022 12:30,185.0765,0.9002619,81793.46,204.0002,88553.7736,434.0867,60.30005,21.86928,499.8784,613.5458,13.59513,4.409369
1/5/2022 12:45,192.581,1.888409,79646.81,204.1668,86240.0563,422.4,59.9534,24.67427,490.5395,617.2179,15.60828,4.171864
1/5/2022 13:00,196.7524,2.612873,81880.14,209.4002,87523.7136,417.9734,59.84676,27.19003,509.5823,637.5429,16.30916,4.101113
1/5/2022 13:15,201.8573,2.455634,84320.05,216.7667,90997.2517,419.7935,60,28.46633,523.2542,660.5121,16.12606,4.55787
1/5/2022 13:30,202.0621,2.453686,84953.4,217.8534,91915.2687,421.9134,60.1001,27.22676,520.9961,660.4615,13.66939,4.697023
1/5/2022 13:45,207.5002,2.583961,87153.49,223.9135,94043.67,420,60.1001,25.88117,538.1464,673.7874,16.13216,3.820358
1/5/2022 14:00,197.7715,3.456129,83953.38,216.8268,90603.2683,417.8601,60.15348,26.12271,514.2831,638.2953,16.62146,3.669105
1/5/2022 14:15,165.9095,3.48277,69573.44,183.4067,75919.3877,413.9401,59.54017,24.21403,448.9137,561.5031,15.00098,3.984761
1/5/2022 14:30,183.4473,2.878184,78160.07,199.1333,84885.2089,426.2733,60.04671,22.93965,474,590.8611,14.54728,4.371117
1/5/2022 14:45,181.3182,2.878726,77020.07,196.3201,83623.1945,425.9533,60.25345,23.13688,486.5116,585.785,14.05798,3.550252
1/5/2022 15:00,179.489,3.533558,78086.78,196.96,84721.7137,430.1468,60.65348,23.46692,483.1542,578.725,15.67745,3.853108
1/5/2022 15:15,134.4526,3.66762,60920.15,160.2067,67567.7364,421.7535,59.24679,21.78542,371.4594,440.2565,13.87895,3.374099
1/5/2022 15:30,149.2386,4.343678,63660.18,166.4068,70209.2588,421.9134,61.2002,19.51188,425.4764,483.846,13.25537,3.4136
1/5/2022 15:45,127.7918,4.331439,56233.33,149.4267,62736.3069,419.8467,59.79351,18.84129,353.455,422.0174,13.22791,3.805507
1/5/2022 16:00,115.0655,2.207108,47166.77,124.8667,53703.5069,430.0867,59.6001,12.5336,321.4107,356.2012,8.58313,4.51387
1/5/2022 16:15,51.7179,-0.357532,22546.76,65.82674,28693.8825,435.9001,60.15348,5.483995,154.1755,162.0687,2.224284,4.197215
1/5/2022 16:30,21.1882,-3.251591,8506.787,32.93348,14355.7072,435.9001,56,-0.9150249,67.99375,72.64225,-2.414388,3.997861
1/5/2022 16:45,7.2379,-4.529634,4773.502,24.34002,10462.8034,429.8601,55.80005,-3.331202,40.71068,43.40599,-3.722575,4.248765
1/5/2022 17:00,5.1321,-5.263085,2746.794,19.38682,8452.7834,436.0067,54.90015,-4.93641,29.29688,32.65381,-4.721517,4.158264
1/5/2022 17:15,14.8893,-6.909101,6300.049,27.36009,12027.1317,439.5867,54.40015,-6.685615,51.94128,55.26751,-6.404053,5.236283
1/5/2022 17:30,7.2739,-8.191796,4000,21.64002,9869.0047,456.0534,54.30005,-7.56293,43.70104,44.48457,-7.414185,3.996361
1/5/2022 17:45,0,-8.186707,0,0,0,479.5401,51.09343,-8.109076,20.14063,21.89128,-7.895345,4.415218
1/5/2022 18:00,0,-9.092558,0,0,0,459.8,45.84676,-9.419058,0,11.10846,-9.021443,3.93626
1/5/2022 18:15,0,-10.06522,0,0,0,448.3134,40.90015,-10.09586,0,17.04922,-9.948161,4.300466
1/5/2022 18:30,0,-10.35598,0,0,0,340,37.24679,-10.31401,0,0.193099,-10.34896,3.569603
1/5/2022 18:45,0,-10.76997,0,0,0,172.16,34.74679,-10.39313,0,-1.027604,-10.77214,4.209515
1/5/2022 19:00,0,-11.29378,0,0,0,53.33348,32.80005,-10.72712,0,-0.9155273,-11.295,3.795507
1/5/2022 19:15,0,-11.90702,0,0,0,6.700195,31.6001,-11.15131,0,-1.861393,-11.85246,4.936478
1/5/2022 19:30,0,-13.06487,0,0,0,4.100098,30.6001,-11.4497,0,-0.8747721,-12.96126,4.106363
1/5/2022 19:45,0,-13.37891,0,0,0,3.653483,29.80005,-11.48293,0,-1.190365,-13.37732,4.127363
1/5/2022 20:00,0,-13.24658,0,0,0,3.600098,29,-11.46179,0,-1.342839,-13.46887,3.626354
1/5/2022 20:15,0,-13.37566,0,0,0,3.600098,28.40015,-11.36064,0,-1.566634,-13.62146,3.610354
1/5/2022 20:30,0,-13.27332,0,0,0,3.600098,27.90015,-11.33272,0,-1.861393,-13.57161,3.710756
1/5/2022 20:45,0,-13.78629,0,0,0,3.600098,27.40015,-11.32424,0,-1.566634,-13.82389,3.834458
1/5/2022 21:00,0,-14.24122,0,0,0,3.600098,26.90015,-11.37736,0,-1.220703,-14.30404,3.861458
1/5/2022 21:15,0,-14.52083,0,0,0,3.600098,26.40015,-11.44541,0,-1.403874,-14.57869,4.219865
1/5/2022 21:30,0,-14.82437,0,0,0,3.600098,26,-11.53018,0,-1.342839,-14.87268,3.96986
1/5/2022 21:45,0,-15.39073,0,0,0,3.600098,25.6001,-11.61009,0,-1.190365,-15.36808,3.835108
1/5/2022 22:00,0,-15.67282,0,0,0,3.600098,25.2002,-11.72119,0,-1.566634,-15.72717,3.725106
1/5/2022 22:15,0,-15.8136,0,0,0,3.600098,24.80005,-11.81353,0,-1.525879,-15.86043,4.344867
1/5/2022 22:30,0,-16.02931,0,0,0,3.600098,24.40015,-11.89977,0,-1.444499,-16.03642,4.184114
1/5/2022 22:45,0,-15.9665,0,0,0,3.600098,24.1001,-11.94069,0,-1.302083,-16.1768,3.892959
1/5/2022 23:00,0,-16.06267,0,0,0,3.600098,23.80005,-11.99246,0,-1.220703,-16.18087,3.718456
1/5/2022 23:15,0,-15.96889,0,0,0,3.600098,23.5,-12.00003,0,-1.108984,-16.18494,3.97901
1/5/2022 23:30,0,-16.08562,0,0,0,3.600098,23.25345,-12.02297,0,-1.302083,-16.19613,4.811476
1/5/2022 23:45,0,-16.29376,0,0,0,3.600098,23.1001,-12.04953,0,-1.403874,-16.36397,3.771857
1/6/2022 0:00,0,-16.33285,0,0,0,3.600098,22.90015,-12.06423,0,-1.342839,-16.49011,3.784507
1/6/2022 0:15,0,-16.40075,0,0,0,3.600098,22.7002,-12.04411,0,-1.525879,-16.55522,4.188114
1/6/2022 0:30,0,-16.37064,0,0,0,3.600098,22.6001,-12.01766,0,-1.637956,-16.58879,3.98311
1/6/2022 0:45,0,-16.32624,0,0,0,3.600098,22.40015,-11.96454,0,-1.607259,-16.58879,4.054112
1/6/2022 1:00,0,-16.29733,0,0,0,3.600098,22.25345,-11.93312,0,-1.444499,-16.56641,3.880359
1/6/2022 1:15,0,-16.31,0,0,0,3.600098,22.1001,-11.88824,0,-1.220703,-16.59286,4.120113
1/6/2022 1:30,0,-16.37346,0,0,0,3.600098,21.90015,-11.80653,0,-1.444499,-16.63863,3.864358
1/6/2022 1:45,0,-16.28217,0,0,0,3.600098,21.80005,-11.75657,0,-1.444499,-16.63863,3.891209
1/6/2022 2:00,0,-16.16901,0,0,0,3.600098,21.7002,-11.67655,0,-1.220703,-16.67627,3.96636
1/6/2022 2:15,0,-16.11356,0,0,0,3.600098,21.6001,-11.61608,0,-1.444499,-16.67322,3.909109
1/6/2022 2:30,0,-16.0905,0,0,0,3.600098,21.5,-11.54713,0,-1.180078,-16.69967,3.929109
1/6/2022 2:45,0,-16.08043,0,0,0,3.600098,21.40015,-11.48666,0,-1.302083,-16.64677,3.914859
1/6/2022 3:00,0,-16.10674,0,0,0,3.600098,21.40015,-11.4237,0,-1.068359,-16.63863,3.907709
1/6/2022 3:15,0,-16.12699,0,0,0,3.600098,21.30005,-11.35951,0,-1.190365,-16.61625,3.95061
1/6/2022 3:30,0,-16.21557,0,0,0,3.600098,21.2002,-11.30491,0,-1.302083,-16.62337,3.923609
1/6/2022 3:45,0,-16.1728,0,0,0,3.600098,21.2002,-11.23325,0,-1.180078,-16.60099,3.926109
1/6/2022 4:00,0,-16.16977,0,0,0,3.600098,21.1001,-11.16318,0,-1.444499,-16.60811,3.917259
1/6/2022 4:15,0,-16.13576,0,0,0,3.600098,21,-11.1061,0,-1.444499,-16.58472,3.911459
1/6/2022 4:30,0,-16.02336,0,0,0,3.600098,20.90015,-11.0402,0,-1.678711,-16.5776,3.911109
1/6/2022 4:45,0,-16.03234,0,0,0,3.600098,20.90015,-10.97917,0,-1.637956,-16.53589,3.891509
1/6/2022 5:00,0,-16.0317,0,0,0,3.600098,20.80005,-10.92345,0,-1.637956,-16.48197,3.926359
1/6/2022 5:15,0,-16.01415,0,0,0,3.600098,20.80005,-10.86806,0,-1.556576,-16.34058,3.94011
1/6/2022 5:30,0,-15.8842,0,0,0,3.600098,20.80005,-10.80929,0,-1.556576,-16.25716,3.94136
1/6/2022 5:45,0,-16.14161,0,0,0,3.600098,20.7002,-10.75255,0,-1.302083,-16.25716,4.089862
1/6/2022 6:00,0,-16.51532,0,0,0,3.600098,20.7002,-10.68846,0,-1.403874,-16.51249,3.938709
1/6/2022 6:15,0,-16.43757,0,0,0,3.600098,20.6001,-10.63297,0,-1.180078,-16.58167,3.896859
1/6/2022 6:30,0,-16.62307,0,0,0,3.600098,20.6001,-10.57589,0,-1.180078,-16.68034,4.282966
1/6/2022 6:45,0,-16.69367,0,0,0,3.600098,20.6001,-10.50423,0,-1.444499,-16.77596,3.868208
1/6/2022 7:00,0,-16.54986,0,0,0,3.600098,20.5,-10.46343,0,-1.525879,-16.7841,3.900459
1/6/2022 7:15,0,-16.45403,0,0,0,3.600098,20.5,-10.39878,0,-1.220703,-16.76375,3.933259
1/6/2022 7:30,0,-16.32603,0,0,0,3.600098,20.5,-10.35097,0,-1.525879,-16.63151,3.883459
1/6/2022 7:45,0,-16.21611,0,0,0,3.600098,20.5,-10.29705,0,-1.637956,-16.56641,3.891109
1/6/2022 8:00,0,-16.20507,0,0,0,3.600098,20.5,-10.23771,0,-1.444499,-16.52063,3.830958
1/6/2022 8:15,0,-16.16955,0,0,0,3.600098,20.40015,-10.19589,0,-1.525879,-16.4362,3.857008
1/6/2022 8:30,0,-16.16955,0,0,0,3.600098,20.34676,-10.15351,0,-1.525879,-16.45553,3.811207
1/6/2022 8:45,0,-16.2982,0,0,0,3.600098,20.30005,-10.09417,0,-1.566634,-16.53589,3.834208
1/6/2022 9:00,0,-16.2264,0,0,0,3.946744,20.30005,-10.04952,0,-1.180078,-16.60811,3.832358
1/6/2022 9:15,0,-16.43269,0,0,0,25.78013,20.25345,-9.990975,0,-1.515951,-16.82581,3.835858
1/6/2022 9:30,0,-16.44818,0,0,0,95.22669,20.2002,-9.95345,0,-1.525879,-16.90617,3.859608
1/6/2022 9:45,0,-16.34715,0,0,0,164.54,20.14681,-9.89524,21.48438,-0.7220703,-16.80648,3.839858
1/6/2022 10:00,0,-16.16013,0,0,0,277.38,20.1001,-9.846865,16.11328,1.525879,-16.2297,3.841958
1/6/2022 10:15,0,-15.49349,0,0,0,335.0669,20.1001,-9.763564,8.544791,4.882813,-14.70382,3.895859
1/6/2022 10:30,0,-15.16104,0,0,0,329.0002,20.1001,-9.707391,32.89805,4.048666,-13.38444,3.904859
1/6/2022 10:45,0,-14.64894,0,0,0,399.7801,20.1001,-9.592555,75.25625,14.03809,-12.46891,3.97761
1/6/2022 11:00,0,-13.86762,0,0,0,364.3467,20.1001,-9.514906,7.8125,7.202083,-10.6226,4.107013
1/6/2022 11:15,0,-13.36569,0,0,0,405.5668,20.1001,-9.399958,62.07227,14.27194,-9.912557,3.97636
1/6/2022 11:30,0,-12.54204,0,0,0,391.58,20.1001,-9.273028,44.4944,10.0401,-8.154744,4.024361
1/6/2022 11:45,0,-11.67333,0,0,0,447.0601,20.2002,-9.052286,129.1504,36.07184,-6.422363,4.282866
1/6/2022 12:00,0,-11.32355,0,0,0,410.7867,20.2468,-8.913037,63.23242,14.9943,-4.92395,4.081012
1/6/2022 12:15,0,-10.49622,0,0,0,433.8334,20.30005,-8.714109,95.58021,25.2889,-4.319702,4.183364
1/6/2022 12:30,0,-8.699462,0,0,0,373.7534,20.30005,-8.392549,128.8456,34.16927,-0.855957,4.251765
1/6/2022 12:45,0,-7.834981,0,0,0,439.7,20.4534,-8.100713,103.5762,24.33262,0.1531575,4.361117
1/6/2022 13:00,0.0084,-8.391269,0,0,0,455.0333,20.5,-7.771465,165.1617,41.57494,0.1572266,4.431018
1/6/2022 13:15,0,-7.808775,0,0,0,446.46,20.6001,-7.45872,103.0273,27.9541,0.1419678,4.323617
1/6/2022 13:30,0,-6.814885,0,0,0,422.82,20.65348,-7.107432,68.35963,18.24958,0.08093262,4.376768
1/6/2022 13:45,0,-6.655699,0,0,0,437.3867,20.80005,-6.725062,81.7263,25.32959,0.08093262,4.285116
1/6/2022 14:00,0,-6.612599,0,0,0,409.7467,20.80005,-6.431531,35.58398,13.37663,0.05041504,4.355268
1/6/2022 14:15,0,-4.977197,0,0,0,437.5467,20.90015,-6.008245,160.8279,56.37621,0.2416585,4.317717
1/6/2022 14:30,0.0272,-5.378089,0,0,0,450.8534,21,-5.608468,270.4473,76.74147,0.3098145,4.475619
1/6/2022 14:45,0,-5.433426,0,0,0,453.2067,21,-5.245539,313.2931,98.85661,0.3098145,4.218865
1/6/2022 15:00,0,-5.175696,0,0,0,443.7268,21.2002,-4.957094,214.5392,66.7015,0.2904867,4.190714
1/6/2022 15:15,0,-4.909517,0,0,0,442.7335,21.14681,-4.673623,224.5486,69.34635,0.344401,4.142863
1/6/2022 15:30,0,-4.64767,0,0,0,446.3134,21.2002,-4.373085,283.2638,77.73851,0.4471436,4.105363
1/6/2022 15:45,0,-4.230862,0,0,0,439.7468,21.2002,-4.064182,256.3477,89.19271,0.916097,4.258716
1/6/2022 16:00,0,-3.193439,0,0,0,445.66,21.30005,-3.767487,318.5426,196.757,3.031982,4.52652
1/6/2022 16:15,0,-3.543434,0,0,0,438.2467,21.30005,-3.520522,277.8318,337.5041,5.371664,4.463969
1/6/2022 16:30,0,-3.921369,0,0,0,430.6268,21.30005,-3.297294,234.3747,333.6284,4.748087,4.657273
1/6/2022 16:45,0,-5.186742,0,0,0,438.1201,21.30005,-3.164714,325.9276,441.5486,2.152059,4.125863
1/6/2022 17:00,0,-4.048285,0,0,0,424.1534,21.30005,-2.970646,274.6582,380.2594,5.92098,4.111113
1/6/2022 17:15,0,-4.762243,0,0,0,421.4335,21.30005,-2.881129,268.8596,332.7939,2.710531,3.98661
1/6/2022 17:30,0,-4.121703,0,0,0,408.7534,21.30005,-2.796359,238.0371,266.8863,3.868164,4.229615
1/6/2022 17:45,0,-4.065934,0,0,0,394.14,21.2002,-2.763807,210.8146,208.9947,2.790894,4.490119
1/6/2022 18:00,0,-4.728672,0,0,0,353.6534,21.2002,-2.760077,109.6194,108.7343,-0.851888,4.939628
1/6/2022 18:15,0,-5.888138,0,0,0,323.2067,21.1001,-2.81806,111.8771,85.1237,-4.943278,4.347367
1/6/2022 18:30,0,-6.26856,0,0,0,229.0868,21.1001,-2.859314,26.55078,28.10651,-6.274862,3.877858
1/6/2022 18:45,0,-7.177443,0,0,0,128.0334,21,-2.947476,0,8.962174,-8.105916,3.726756
1/6/2022 19:00,0,-7.808992,0,0,0,59.60677,21,-3.037558,0,3.244857,-9.58195,3.93796
1/6/2022 19:15,0,-8.907923,0,0,0,5,20.90015,-3.134535,0,-1.525879,-10.34489,3.706255
1/6/2022 19:30,0,-9.189153,0,0,0,3.600098,20.90015,-3.221566,0,-1.108984,-10.66125,3.742606
1/6/2022 19:45,0,-9.790162,0,0,0,3.600098,20.90015,-3.332898,0,-1.403874,-11.20243,3.630704
1/6/2022 20:00,0,-10.4594,0,0,0,3.600098,20.80005,-3.429762,0,-1.220703,-11.83618,3.679955
1/6/2022 20:15,0,-10.95266,0,0,0,3.600098,20.80005,-3.534425,0,-1.180078,-11.89315,3.669855
1/6/2022 20:30,0,-10.77669,0,0,0,3.600098,20.7002,-3.633888,0,-1.322363,-11.76396,3.571103
1/6/2022 20:45,0,-10.8565,0,0,0,3.600098,20.7002,-3.752001,0,-1.444499,-11.44657,3.586103
1/6/2022 21:00,0,-10.5482,0,0,0,3.600098,20.7002,-3.851917,0,-1.342839,-10.89827,3.636604
1/6/2022 21:15,0,-10.55523,0,0,0,3.600098,20.6001,-3.936123,0,-1.586914,-11.01221,3.597103
1/6/2022 21:30,0,-10.29837,0,0,0,3.600098,20.6001,-3.995461,0,-0.9969075,-10.77519,3.825358
1/6/2022 21:45,0,-10.0872,0,0,0,3.600098,20.6001,-4.063278,0,-1.475195,-10.80876,3.620104
1/6/2022 22:00,0,-9.854053,0,0,0,3.600098,20.6001,-4.114479,0,-1.068359,-10.45882,3.631354
1/6/2022 22:15,0,-9.603037,0,0,0,3.600098,20.55338,-4.129398,0,-1.027604,-9.695882,3.867958
1/6/2022 22:30,0,-7.389908,0,0,0,3.600098,20.5,-4.180373,0,-1.190365,-7.415202,3.788357
1/6/2022 22:45,0,-7.352005,0,0,0,3.600098,20.5,-4.200944,0,-1.139323,-7.937052,3.653004
1/6/2022 23:00,0,-3.110814,0,0,0,3.600098,20.5,-4.230331,0,-1.444499,-3.829386,3.701205
1/6/2022 23:15,0,-4.378352,0,0,0,3.600098,20.5,-4.230331,0,-1.444499,-5.574992,4.498869
1/6/2022 23:30,0,-4.003452,0,0,0,3.600098,20.5,-4.207161,0,-1.525879,-4.508911,4.48802
1/6/2022 23:45,0,-4.629262,0,0,0,3.600098,20.5,-4.173253,0,-1.444499,-5.534302,4.437968
