timestamp,value,label,scale_factor,offset_factor,original_ts
1/1/2016,16706.48528,0,1.705,3950,5848.525088
1/2/2016,16226.6919,0,1.705,3950,5567.121347
1/3/2016,17713.44981,0,1.705,3950,6439.120124
1/4/2016,18251.95584,0,1.705,3950,6754.959435
1/5/2016,15588.67662,0,1.705,3950,5192.918838
1/6/2016,17154.98392,0,1.705,3950,6111.574145
1/7/2016,16883.82336,0,1.705,3950,5952.535695
1/8/2016,14843.63195,0,1.705,3950,4755.942495
1/9/2016,15080.74009,0,1.705,3950,4895.00885
1/10/2016,17208.57119,0,1.705,3950,6143.003632
1/11/2016,18909.77885,0,1.705,3950,7140.779385
1/12/2016,18756.43781,0,1.705,3950,7050.843288
1/13/2016,18675.71482,0,1.705,3950,7003.49843
1/14/2016,18904.88281,0,1.705,3950,7137.907804
1/15/2016,18260.43569,0,1.705,3950,6759.932958
1/16/2016,17954.44911,0,1.705,3950,6580.468689
1/17/2016,18896.40039,0,1.705,3950,7132.932779
1/18/2016,19488.38899,0,1.705,3950,7480.140173
1/19/2016,19201.0998,0,1.705,3950,7311.642112
1/20/2016,10185.51937,0,1.705,3950,2023.911655
1/21/2016,10434.69492,0,1.705,3950,2170.055669
1/22/2016,18637.42987,0,1.705,3950,6981.043911
1/23/2016,9736.36161,0,1.705,3950,1760.476018
1/24/2016,9440.623781,0,1.705,3950,1587.022746
1/25/2016,8394.525206,0,1.705,3950,973.4751939
1/26/2016,9785.648603,0,1.705,3950,1789.383345
1/27/2016,10188.74164,0,1.705,3950,2025.801546
1/28/2016,15636.09715,0,1.705,3950,5220.731467
1/29/2016,21500.86474,0,1.705,3950,8660.477853
1/30/2016,7619.630155,0,1.705,3950,518.9912931
1/31/2016,10422.75921,0,1.705,3950,2163.055254
2/1/2016,20201.01607,0,1.705,3950,7898.103266
2/2/2016,21559.92518,0,1.705,3950,8695.117408
2/3/2016,10821.15331,0,1.705,3950,2396.717482
2/4/2016,21854.21422,0,1.705,3950,8867.720951
2/5/2016,19401.64462,0,1.705,3950,7429.263706
2/6/2016,19066.89262,0,1.705,3950,7232.928225
2/7/2016,16205.01698,0,1.705,3950,5554.408789
2/8/2016,10670.2519,0,1.705,3950,2308.21226
2/9/2016,12153.77388,0,1.705,3950,3178.313124
2/10/2016,23193.14255,0,1.705,3950,9653.016155
2/11/2016,22203.06553,0,1.705,3950,9072.325824
2/12/2016,19698.38021,0,1.705,3950,7603.302177
2/13/2016,24239.82746,0,1.705,3950,10266.9076
2/14/2016,24042.01722,0,1.705,3950,10150.88987
2/15/2016,9431.228912,0,1.705,3950,1581.512559
2/16/2016,8044.572602,0,1.705,3950,768.2244
2/17/2016,25169.63705,0,1.705,3950,10812.25047
2/18/2016,14292.37556,0,1.705,3950,4432.62496
2/19/2016,8812.34086,0,1.705,3950,1218.528363
2/20/2016,8507.843191,0,1.705,3950,1039.937356
2/21/2016,25013.84996,0,1.705,3950,10720.87974
2/22/2016,25940.34204,0,1.705,3950,11264.27685
2/23/2016,15566.37967,0,1.705,3950,5179.841449
2/24/2016,15780.60814,0,1.705,3950,5305.488648
2/25/2016,22238.49785,0,1.705,3950,9093.107244
2/26/2016,23931.98518,0,1.705,3950,10086.35494
2/27/2016,20139.54823,0,1.705,3950,7862.051746
2/28/2016,25013.39038,0,1.705,3950,10720.61019
3/1/2016,26193.28728,0,1.705,3950,11412.63184
3/2/2016,28170.10657,0,1.705,3950,12572.05664
3/3/2016,26189.95127,0,1.705,3950,11410.67523
3/4/2016,28102.44027,0,1.705,3950,12532.36966
3/5/2016,27013.83773,0,1.705,3950,11893.8931
3/6/2016,17914.11559,0,1.705,3950,6556.812666
3/7/2016,9569.489817,0,1.705,3950,1662.603998
3/8/2016,9790.143919,0,1.705,3950,1792.019894
3/9/2016,16413.46673,0,1.705,3950,5676.666705
3/10/2016,15186.30027,0,1.705,3950,4956.920978
3/11/2016,27347.69418,0,1.705,3950,12089.70333
3/12/2016,20534.0135,0,1.705,3950,8093.409679
3/13/2016,26223.49427,0,1.705,3950,11430.34854
3/14/2016,17922.76109,0,1.705,3950,6561.883338
3/15/2016,24638.26544,0,1.705,3950,10500.59556
3/16/2016,25941.84438,0,1.705,3950,11265.15799
3/17/2016,30625.51853,0,1.705,3950,14012.18096
3/18/2016,30794.00845,0,1.705,3950,14111.00202
3/19/2016,30695.53371,0,1.705,3950,14053.24558
3/20/2016,23250.71761,0,1.705,3950,9686.784523
3/21/2016,28927.24925,0,1.705,3950,13016.12859
3/22/2016,31349.46972,0,1.705,3950,14436.78576
3/23/2016,31760.40287,0,1.705,3950,14677.80227
3/24/2016,26285.56716,0,1.705,3950,11466.75493
3/25/2016,28920.02142,0,1.705,3950,13011.8894
3/26/2016,27394.24683,0,1.705,3950,12117.00694
3/27/2016,18312.40608,0,1.705,3950,6790.414122
3/28/2016,32138.99463,0,1.705,3950,14899.85022
3/29/2016,31703.78108,0,1.705,3950,14644.59301
3/30/2016,15505.66832,0,1.705,3950,5144.233617
3/31/2016,17807.21853,0,1.705,3950,6494.116439
4/1/2016,29348.19358,0,1.705,3950,13263.01676
4/2/2016,29781.43226,0,1.705,3950,13517.1157
4/3/2016,33941.34284,0,1.705,3950,15956.94595
4/4/2016,34106.16711,0,1.705,3950,16053.61707
4/5/2016,29872.90799,0,1.705,3950,13570.76715
4/6/2016,27190.54477,0,1.705,3950,11997.53359
4/7/2016,30996.01018,0,1.705,3950,14229.47811
4/8/2016,32571.74008,0,1.705,3950,15153.65987
4/9/2016,34842.31847,0,1.705,3950,16485.3774
4/10/2016,30304.01047,0,1.705,3950,13823.61318
4/11/2016,16230.49036,0,1.705,3950,5569.349184
4/12/2016,34610.58436,0,1.705,3950,16349.46297
4/13/2016,33421.56329,0,1.705,3950,15652.0899
4/14/2016,31744.24971,0,1.705,3950,14668.32827
4/15/2016,24968.41651,0,1.705,3950,10694.23256
4/16/2016,32447.58225,0,1.705,3950,15080.84003
4/17/2016,14626.1994,0,1.705,3950,4628.416069
4/18/2016,32130.10476,0,1.705,3950,14894.63622
4/19/2016,34636.46207,0,1.705,3950,16364.64051
4/20/2016,34547.00931,0,1.705,3950,16312.17555
4/21/2016,10580.6776,0,1.705,3950,2255.676011
4/22/2016,34805.74502,0,1.705,3950,16463.9267
4/23/2016,26092.49343,0,1.705,3950,11353.51521
4/24/2016,34792.80865,0,1.705,3950,16456.33938
4/25/2016,34938.80375,0,1.705,3950,16541.96701
4/26/2016,28357.61555,0,1.705,3950,12682.03258
4/27/2016,29692.6175,0,1.705,3950,13465.02493
4/28/2016,18714.69676,0,1.705,3950,7026.361736
4/29/2016,21428.48622,0,1.705,3950,8618.027106
4/30/2016,13315.69144,0,1.705,3950,3859.7897
5/1/2016,25604.49071,0,1.705,3950,11067.29661
5/2/2016,28075.97138,0,1.705,3950,12516.84539
5/3/2016,17711.15997,0,1.705,3950,6437.777107
5/4/2016,13236.49594,0,1.705,3950,3813.340728
5/5/2016,27767.28383,0,1.705,3950,12335.79697
5/6/2016,24898.56379,0,1.705,3950,10653.26322
5/7/2016,17169.64378,0,1.705,3950,6120.172305
5/8/2016,16046.32754,0,1.705,3950,5461.335801
5/9/2016,36052.00075,0,1.705,3950,17194.86847
5/10/2016,35917.94242,0,1.705,3950,17116.24189
5/11/2016,34740.48242,0,1.705,3950,16425.64951
5/12/2016,17441.47931,0,1.705,3950,6279.606636
5/13/2016,15651.52605,0,1.705,3950,5229.780672
5/14/2016,22887.34086,0,1.705,3950,9473.660331
5/15/2016,21780.1639,0,1.705,3950,8824.289678
5/16/2016,28915.11508,0,1.705,3950,13009.01178
5/17/2016,25408.59467,0,1.705,3950,10952.40156
5/18/2016,31223.21122,0,1.705,3950,14362.73385
5/19/2016,31738.52017,0,1.705,3950,14664.96784
5/20/2016,35336.41418,0,1.705,3950,16775.16961
5/21/2016,27434.83899,0,1.705,3950,12140.81465
5/22/2016,35165.43651,0,1.705,3950,16674.88945
5/23/2016,34610.28023,0,1.705,3950,16349.28459
5/24/2016,16235.25378,0,1.705,3950,5572.142979
5/25/2016,35880.81934,0,1.705,3950,17094.46882
5/26/2016,15426.36492,0,1.705,3950,5097.721359
5/27/2016,24129.17589,0,1.705,3950,10202.00932
5/28/2016,13080.72388,0,1.705,3950,3721.978818
5/29/2016,26593.20173,0,1.705,3950,11647.18577
5/30/2016,17404.51369,0,1.705,3950,6257.925915
5/31/2016,36333.00785,0,1.705,3950,17359.68202
6/1/2016,13684.41361,0,1.705,3950,4076.049038
6/2/2016,18123.25115,0,1.705,3950,6679.472818
6/3/2016,15597.13192,0,1.705,3950,5197.877961
6/4/2016,20035.12827,0,1.705,3950,7800.808368
6/5/2016,14729.05954,0,1.705,3950,4688.7446
6/6/2016,17117.99928,0,1.705,3950,6089.882278
6/7/2016,15882.34739,0,1.705,3950,5365.159761
6/8/2016,23951.72749,0,1.705,3950,10097.93401
6/9/2016,37445.13483,0,1.705,3950,18011.95591
6/10/2016,20644.65437,0,1.705,3950,8158.301681
6/11/2016,17971.58428,0,1.705,3950,6590.518641
6/12/2016,37122.15345,0,1.705,3950,17822.52402
6/13/2016,35282.50723,0,1.705,3950,16743.55263
6/14/2016,35785.27875,0,1.705,3950,17038.43329
6/15/2016,35094.08302,0,1.705,3950,16633.0399
6/16/2016,34756.00586,0,1.705,3950,16434.75417
6/17/2016,36365.26542,0,1.705,3950,17378.60142
6/18/2016,34728.17985,0,1.705,3950,16418.43393
6/19/2016,27728.34828,0,1.705,3950,12312.96087
6/20/2016,27203.17777,0,1.705,3950,12004.94297
6/21/2016,25753.29763,0,1.705,3950,11154.57339
6/22/2016,21297.72575,0,1.705,3950,8541.334752
6/23/2016,36378.93396,0,1.705,3950,17386.61816
6/24/2016,30001.64657,0,1.705,3950,13646.27365
6/25/2016,24545.74563,0,1.705,3950,10446.33175
6/26/2016,30797.86566,0,1.705,3950,14113.26432
6/27/2016,16393.01857,0,1.705,3950,5664.673647
6/28/2016,36742.86416,0,1.705,3950,17600.06696
6/29/2016,32091.64554,0,1.705,3950,14872.0795
6/30/2016,17790.23058,0,1.705,3950,6484.152833
7/1/2016,17009.10893,0,1.705,3950,6026.016965
7/2/2016,31832.74096,0,1.705,3950,14720.2293
7/3/2016,32235.03793,0,1.705,3950,14956.1806
7/4/2016,17707.88571,0,1.705,3950,6435.856719
7/5/2016,15120.45199,0,1.705,3950,4918.300289
7/6/2016,15775.6362,0,1.705,3950,5302.572552
7/7/2016,24066.55276,0,1.705,3950,10165.28021
7/8/2016,23252.03327,0,1.705,3950,9687.556171
7/9/2016,32891.1816,0,1.705,3950,15341.0156
7/10/2016,33579.46153,0,1.705,3950,15744.69885
7/11/2016,29907.94388,0,1.705,3950,13591.31606
7/12/2016,20619.08629,0,1.705,3950,8143.305739
7/13/2016,31358.41376,0,1.705,3950,14442.03153
7/14/2016,18640.77562,0,1.705,3950,6983.006226
7/15/2016,35981.74056,0,1.705,3950,17153.66015
7/16/2016,35260.09225,0,1.705,3950,16730.40601
7/17/2016,18050.94033,0,1.705,3950,6637.061776
7/18/2016,25501.052,0,1.705,3950,11006.62874
7/19/2016,34173.39388,0,1.705,3950,16093.04626
7/20/2016,32907.80279,0,1.705,3950,15350.7641
7/21/2016,23227.32973,0,1.705,3950,9673.067292
7/22/2016,20726.41652,0,1.705,3950,8206.256026
7/23/2016,28296.82636,0,1.705,3950,12646.3791
7/24/2016,17558.24901,0,1.705,3950,6348.093262
7/25/2016,18358.85275,0,1.705,3950,6817.65557
7/26/2016,31954.4322,0,1.705,3950,14791.60247
7/27/2016,28155.00461,0,1.705,3950,12563.19919
7/28/2016,19411.21517,0,1.705,3950,7434.876932
7/29/2016,28555.3862,0,1.705,3950,12798.0271
7/30/2016,30968.60632,0,1.705,3950,14213.40547
7/31/2016,32248.43034,0,1.705,3950,14964.03539
8/1/2016,34096.03209,0,1.705,3950,16047.67278
8/2/2016,29753.8795,0,1.705,3950,13500.95572
8/3/2016,32610.89816,0,1.705,3950,15176.62649
8/4/2016,18588.89495,0,1.705,3950,6952.577681
8/5/2016,19708.64626,0,1.705,3950,7609.323318
8/6/2016,19945.85433,0,1.705,3950,7748.448286
8/7/2016,31078.86507,0,1.705,3950,14278.07336
8/8/2016,32150.53959,0,1.705,3950,14906.62146
8/9/2016,22261.11821,0,1.705,3950,9106.374316
8/10/2016,26754.0997,0,1.705,3950,11741.55407
8/11/2016,21002.34857,0,1.705,3950,8368.093001
8/12/2016,32491.00831,0,1.705,3950,15106.30986
8/13/2016,21559.83267,0,1.705,3950,8695.063148
8/14/2016,23454.67803,0,1.705,3950,9806.409404
8/15/2016,24685.50075,0,1.705,3950,10528.29956
8/16/2016,30002.84637,0,1.705,3950,13646.97734
8/17/2016,22719.50772,0,1.705,3950,9375.224471
8/18/2016,29099.91998,0,1.705,3950,13117.40175
8/19/2016,24589.05105,0,1.705,3950,10471.73082
8/20/2016,13313.4181,0,1.705,3950,3858.456364
8/21/2016,19289.38981,0,1.705,3950,7363.425109
8/22/2016,29558.64103,0,1.705,3950,13386.44635
8/23/2016,17840.66998,0,1.705,3950,6513.736056
8/24/2016,28334.26376,0,1.705,3950,12668.33652
8/25/2016,20239.03183,0,1.705,3950,7920.3999
8/26/2016,28698.56846,0,1.705,3950,12882.00496
8/27/2016,26428.51535,0,1.705,3950,11550.59551
8/28/2016,21521.91117,0,1.705,3950,8672.821803
8/29/2016,23483.55063,0,1.705,3950,9823.343475
8/30/2016,18926.63465,0,1.705,3950,7150.665482
8/31/2016,15298.31357,0,1.705,3950,5022.617931
9/1/2016,31204.00663,0,1.705,3950,14351.47016
9/2/2016,29500.31517,0,1.705,3950,13352.23764
9/3/2016,27441.51113,0,1.705,3950,12144.72793
9/4/2016,30730.70257,0,1.705,3950,14073.87248
9/5/2016,18673.62537,0,1.705,3950,7002.272943
9/6/2016,15822.17236,0,1.705,3950,5329.866488
9/7/2016,21873.36001,0,1.705,3950,8878.950153
9/8/2016,13700.36059,0,1.705,3950,4085.402103
9/9/2016,25523.52269,0,1.705,3950,11019.80803
9/10/2016,8731.146281,0,1.705,3950,1170.90691
9/11/2016,27205.42078,0,1.705,3950,12006.25852
9/12/2016,21156.34214,0,1.705,3950,8458.411813
9/13/2016,15093.79224,0,1.705,3950,4902.66407
9/14/2016,21452.34916,0,1.705,3950,8632.022968
9/15/2016,29467.89674,0,1.705,3950,13333.2239
9/16/2016,13699.27452,0,1.705,3950,4084.765114
9/17/2016,11307.83693,0,1.705,3950,2682.162419
9/18/2016,14499.63851,0,1.705,3950,4554.186812
9/19/2016,18217.90046,0,1.705,3950,6734.985606
9/20/2016,24722.49287,0,1.705,3950,10549.99582
9/21/2016,24805.23763,0,1.705,3950,10598.52647
9/22/2016,20354.57004,0,1.705,3950,7988.164246
9/23/2016,25126.61067,0,1.705,3950,10787.01505
9/24/2016,28595.81102,0,1.705,3950,12821.73667
9/25/2016,23163.60588,0,1.705,3950,9635.692599
9/26/2016,9880.87171,0,1.705,3950,1845.232674
9/27/2016,12336.35523,0,1.705,3950,3285.39896
9/28/2016,25138.4037,0,1.705,3950,10793.93179
9/29/2016,20137.83563,0,1.705,3950,7861.047289
9/30/2016,25768.45893,0,1.705,3950,11163.46565
10/1/2016,26651.53594,0,1.705,3950,11681.39938
10/2/2016,21647.2438,0,1.705,3950,8746.330677
10/3/2016,25578.87195,0,1.705,3950,11052.27094
10/4/2016,19794.26249,0,1.705,3950,7659.538115
10/5/2016,22809.56711,0,1.705,3950,9428.045224
10/6/2016,25400.83068,0,1.705,3950,10947.84791
10/7/2016,11143.1028,0,1.705,3950,2585.544163
10/8/2016,15034.86743,0,1.705,3950,4868.104067
10/9/2016,19504.23496,0,1.705,3950,7489.433992
10/10/2016,19169.64858,0,1.705,3950,7293.195648
10/11/2016,9381.149298,0,1.705,3950,1552.140351
10/12/2016,8006.24446,0,1.705,3950,745.7445511
10/13/2016,13556.76554,0,1.705,3950,4001.182137
10/14/2016,13229.28962,0,1.705,3950,3809.114148
10/15/2016,9096.112889,0,1.705,3950,1384.963571
10/16/2016,15791.87567,0,1.705,3950,5312.097169
10/17/2016,9406.62348,0,1.705,3950,1567.08122
10/18/2016,9477.06609,0,1.705,3950,1608.396534
10/19/2016,9659.091033,0,1.705,3950,1715.156031
10/20/2016,11502.80598,0,1.705,3950,2796.513772
10/21/2016,14625.18429,0,1.705,3950,4627.820696
10/22/2016,20243.14126,0,1.705,3950,7922.810123
10/23/2016,10059.31095,0,1.705,3950,1949.889121
10/24/2016,10941.33125,0,1.705,3950,2467.20308
10/25/2016,13042.60152,0,1.705,3950,3699.619663
10/26/2016,19365.34587,0,1.705,3950,7407.974116
10/27/2016,17756.52115,0,1.705,3950,6464.381905
10/28/2016,9550.0763,0,1.705,3950,1651.217771
10/29/2016,10166.38594,0,1.705,3950,2012.689701
10/30/2016,11878.14886,0,1.705,3950,3016.656222
10/31/2016,11450.45034,0,1.705,3950,2765.806649
11/1/2016,7427.989443,0,1.705,3950,406.5920488
11/2/2016,16295.56598,0,1.705,3950,5607.516702
11/3/2016,12110.64946,0,1.705,3950,3153.02021
11/4/2016,16370.44885,0,1.705,3950,5651.436275
11/5/2016,19737.6383,0,1.705,3950,7626.327448
11/6/2016,19392.88223,0,1.705,3950,7424.124476
11/7/2016,19898.95409,0,1.705,3950,7720.940814
11/8/2016,9690.434957,0,1.705,3950,1733.539564
11/9/2016,14329.43823,0,1.705,3950,4454.362597
11/10/2016,9652.863115,0,1.705,3950,1711.503293
11/11/2016,13013.23783,0,1.705,3950,3682.397553
11/12/2016,11790.13088,0,1.705,3950,2965.032777
11/13/2016,18711.4127,0,1.705,3950,7024.4356
11/14/2016,10632.8301,0,1.705,3950,2286.263991
11/15/2016,7699.619321,0,1.705,3950,565.9057603
11/16/2016,18066.7042,0,1.705,3950,6646.307446
11/17/2016,6928.057152,0,1.705,3950,113.376629
11/18/2016,7839.600363,0,1.705,3950,648.0060778
11/19/2016,9157.26994,0,1.705,3950,1420.832809
11/20/2016,19037.70777,0,1.705,3950,7215.811011
11/21/2016,12018.25161,0,1.705,3950,3098.827921
11/22/2016,10360.9802,0,1.705,3950,2126.821233
11/23/2016,8571.167948,0,1.705,3950,1077.077976
11/24/2016,8479.513695,0,1.705,3950,1023.321815
11/25/2016,16717.52209,0,1.705,3950,5854.998296
11/26/2016,17813.92972,0,1.705,3950,6498.05262
11/27/2016,17708.85769,0,1.705,3950,6436.426796
11/28/2016,16238.92328,0,1.705,3950,5574.295176
11/29/2016,15378.76974,0,1.705,3950,5069.806302
11/30/2016,16097.4224,0,1.705,3950,5491.303459
12/1/2016,16360.87897,0,1.705,3950,5645.823442
12/2/2016,16761.26741,0,1.705,3950,5880.655373
12/3/2016,17578.47882,0,1.705,3950,6359.958252
12/4/2016,17172.91024,0,1.705,3950,6122.088117
12/5/2016,15394.22896,0,1.705,3950,5078.873288
12/6/2016,15749.4686,0,1.705,3950,5287.224984
12/7/2016,15822.8477,0,1.705,3950,5330.262583
12/8/2016,16100.73062,0,1.705,3950,5493.243763
12/9/2016,16448.44745,0,1.705,3950,5697.183257
12/10/2016,16663.1644,0,1.705,3950,5823.116948
12/11/2016,17944.93823,0,1.705,3950,6574.890456
12/12/2016,16277.72488,0,1.705,3950,5597.052713
12/13/2016,17611.39734,0,1.705,3950,6379.265299
12/14/2016,17199.39205,0,1.705,3950,6137.619973
12/15/2016,17154.2163,0,1.705,3950,6111.123928
12/16/2016,16391.89178,0,1.705,3950,5664.012771
12/17/2016,16651.78127,0,1.705,3950,5816.44063
12/18/2016,17882.85377,0,1.705,3950,6538.477287
12/19/2016,15649.25525,0,1.705,3950,5228.448826
12/20/2016,14939.3566,0,1.705,3950,4812.08598
12/21/2016,16398.53471,0,1.705,3950,5667.908918
12/22/2016,16006.33393,0,1.705,3950,5437.879136
12/23/2016,15600.6887,0,1.705,3950,5199.964049
12/24/2016,15798.87284,0,1.705,3950,5316.20108
12/25/2016,17334.23109,0,1.705,3950,6216.70445
12/26/2016,14549.93583,0,1.705,3950,4583.686706
12/27/2016,15120.29671,0,1.705,3950,4918.209212
12/28/2016,16718.25785,0,1.705,3950,5855.429824
12/29/2016,14278.36324,0,1.705,3950,4424.406594
12/30/2016,17278.55359,0,1.705,3950,6184.049024
12/31/2016,17304.58436,0,1.705,3950,6199.316342
1/1/2017,16117.12494,0,1.705,3950,5502.859203
1/2/2017,16707.65699,0,1.705,3950,5849.212309
1/3/2017,15686.66501,0,1.705,3950,5250.390034
1/4/2017,16326.11513,0,1.705,3950,5625.434094
1/5/2017,17109.2785,0,1.705,3950,6084.767447
1/6/2017,18422.33286,0,1.705,3950,6854.887308
1/7/2017,17646.30878,0,1.705,3950,6399.74122
1/8/2017,18107.35706,0,1.705,3950,6670.150768
1/9/2017,18346.86249,0,1.705,3950,6810.623162
1/10/2017,15575.84122,0,1.705,3950,5185.390742
1/11/2017,17986.46676,0,1.705,3950,6599.247364
1/12/2017,18987.45706,0,1.705,3950,7186.33845
1/13/2017,19209.71755,0,1.705,3950,7316.696508
1/14/2017,18499.1668,0,1.705,3950,6899.9512
1/15/2017,17629.34719,0,1.705,3950,6389.793071
1/16/2017,18118.85371,0,1.705,3950,6676.893673
1/17/2017,17437.49457,0,1.705,3950,6277.26954
1/18/2017,17796.58309,0,1.705,3950,6487.878648
1/19/2017,7726.282377,0,1.705,3950,581.543916
1/20/2017,11043.57767,0,1.705,3950,2527.171651
1/21/2017,7871.262741,0,1.705,3950,666.5763878
1/22/2017,9720.041365,0,1.705,3950,1750.904026
1/23/2017,11689.11061,0,1.705,3950,2905.783348
1/24/2017,8756.326313,0,1.705,3950,1185.675257
1/25/2017,11938.16578,0,1.705,3950,3051.856765
1/26/2017,8630.762494,0,1.705,3950,1112.030788
1/27/2017,10397.64786,0,1.705,3950,2148.327191
1/28/2017,9605.939487,0,1.705,3950,1683.982104
1/29/2017,11992.60424,0,1.705,3950,3083.785478
1/30/2017,11766.12743,0,1.705,3950,2950.954505
1/31/2017,8557.836421,0,1.705,3950,1069.258898
2/1/2017,19086.78579,0,1.705,3950,7244.595772
2/2/2017,18707.32485,0,1.705,3950,7022.038032
2/3/2017,18977.89377,0,1.705,3950,7180.729484
2/4/2017,17847.59614,0,1.705,3950,6517.798324
2/5/2017,77255.84018,1,4.893,8987,6802.053786
2/6/2017,77937.5928,0,4.893,8987,6941.386021
2/7/2017,64468.88048,0,4.893,8987,4188.736865
2/8/2017,87516.99016,0,4.893,8987,8899.161897
2/9/2017,70912.72942,0,4.893,8987,5505.689437
2/10/2017,50112.87332,0,4.893,8987,1254.748072
2/11/2017,90739.54173,0,4.893,8987,9557.766346
2/12/2017,53715.79257,0,4.893,8987,1991.089633
2/13/2017,80974.82059,0,4.893,8987,7562.115184
2/14/2017,59131.03893,0,4.893,8987,3097.822999
2/15/2017,70604.97751,0,4.893,8987,5442.793074
2/16/2017,94029.80244,0,4.893,8987,10230.20876
2/17/2017,60228.46921,0,4.893,8987,3322.10877
2/18/2017,59660.87322,0,4.893,8987,3206.107137
2/19/2017,85674.05413,0,4.893,8987,8522.514435
2/20/2017,90183.97584,0,4.893,8987,9444.223348
2/21/2017,56141.77381,0,4.893,8987,2486.89614
2/22/2017,78774.22691,0,4.893,8987,7112.371941
2/23/2017,64107.58639,0,4.893,8987,4114.897893
2/24/2017,81623.56878,0,4.893,8987,7694.702182
2/25/2017,56690.79787,0,4.893,8987,2599.10216
2/26/2017,79055.12222,0,4.893,8987,7169.779526
2/27/2017,92234.64862,0,4.893,8987,9863.326716
2/28/2017,54620.61267,0,4.893,8987,2176.010969
3/1/2017,90737.03852,0,4.893,8987,9557.254756
3/2/2017,102464.3418,0,4.893,8987,11954.00588
3/3/2017,104845.4516,0,4.893,8987,12440.64185
3/4/2017,106018.671,0,4.893,8987,12680.41692
3/5/2017,63572.38746,0,4.893,8987,4005.517364
3/6/2017,65083.02893,0,4.893,8987,4314.252591
3/7/2017,62379.06973,0,4.893,8987,3761.634728
3/8/2017,73987.75855,0,4.893,8987,6134.144196
3/9/2017,99914.47079,0,4.893,8987,11432.87958
3/10/2017,96324.93924,0,4.893,8987,10699.27411
3/11/2017,99718.73883,0,4.893,8987,11392.87714
3/12/2017,110324.3238,0,4.893,8987,13560.37866
3/13/2017,110167.5405,0,4.893,8987,13528.3363
3/14/2017,110108.415,0,4.893,8987,13516.25261
3/15/2017,110713.3891,0,4.893,8987,13639.89335
3/16/2017,111355.4415,0,4.893,8987,13771.11189
3/17/2017,107447.9604,0,4.893,8987,12972.52593
3/18/2017,90150.75718,0,4.893,8987,9437.434331
3/19/2017,99104.50082,0,4.893,8987,11267.34311
3/20/2017,111933.4998,0,4.893,8987,13889.25174
3/21/2017,112908.8033,0,4.893,8987,14088.57804
3/22/2017,115020.6784,0,4.893,8987,14520.18953
3/23/2017,73541.68377,0,4.893,8987,6042.978289
3/24/2017,76048.93252,0,4.893,8987,6555.393729
3/25/2017,115910.8396,0,4.893,8987,14702.11498
3/26/2017,86702.17569,0,4.893,8987,8732.635335
3/27/2017,86465.4089,0,4.893,8987,8684.246455
3/28/2017,68636.65251,0,4.893,8987,5040.519417
3/29/2017,115174.9472,0,4.893,8987,14551.718
3/30/2017,113615.33,0,4.893,8987,14232.97343
3/31/2017,117640.4696,0,4.893,8987,15055.60568
4/1/2017,69048.59098,0,4.893,8987,5124.708764
4/2/2017,109989.6703,0,4.893,8987,13491.98432
4/3/2017,75694.96962,0,4.893,8987,6483.053059
4/4/2017,111477.2133,0,4.893,8987,13795.99884
4/5/2017,100166.3873,0,4.893,8987,11484.36466
4/6/2017,92877.47325,0,4.893,8987,9994.703095
4/7/2017,120911.5173,0,4.893,8987,15724.12146
4/8/2017,118499.4661,0,4.893,8987,15231.16188
4/9/2017,101601.9049,0,4.893,8987,11777.74655
4/10/2017,106413.3892,0,4.893,8987,12761.08691
4/11/2017,120708.4419,0,4.893,8987,15682.6182
4/12/2017,115688.8484,0,4.893,8987,14656.74585
4/13/2017,121890.6349,0,4.893,8987,15924.22725
4/14/2017,116151.2725,0,4.893,8987,14751.25311
4/15/2017,60585.00897,0,4.893,8987,3394.976081
4/16/2017,72980.96897,0,4.893,8987,5928.382989
4/17/2017,107340.967,0,4.893,8987,12950.65931
4/18/2017,102437.8416,0,4.893,8987,11948.58994
4/19/2017,91805.10484,0,4.893,8987,9775.53931
4/20/2017,110873.7871,0,4.893,8987,13672.67445
4/21/2017,116799.9428,0,4.893,8987,14883.82419
4/22/2017,102219.5082,0,4.893,8987,11903.96837
4/23/2017,117127.0634,0,4.893,8987,14950.67901
4/24/2017,115871.1571,0,4.893,8987,14694.00492
4/25/2017,92151.56581,0,4.893,8987,9846.346783
4/26/2017,60684.3183,0,4.893,8987,3415.272288
4/27/2017,74238.17115,0,4.893,8987,6185.321919
4/28/2017,77138.58769,0,4.893,8987,6778.090475
4/29/2017,126314.2833,0,4.893,8987,16828.30417
4/30/2017,123812.0833,0,4.893,8987,16316.92057
5/1/2017,68610.75161,0,4.893,8987,5035.225957
5/2/2017,120117.3864,0,4.893,8987,15561.82208
5/3/2017,125581.3374,0,4.893,8987,16678.50938
5/4/2017,77422.86455,0,4.893,8987,6836.189157
5/5/2017,124666.2237,0,4.893,8987,16491.48431
5/6/2017,127713.4299,0,4.893,8987,17114.25278
5/7/2017,128851.3756,0,4.893,8987,17346.81885
5/8/2017,103727.2558,0,4.893,8987,12212.11216
5/9/2017,119176.8564,0,4.893,8987,15369.60258
5/10/2017,86482.32166,0,4.893,8987,8687.702975
5/11/2017,89531.57597,0,4.893,8987,9310.89004
5/12/2017,66057.19243,0,4.893,8987,4513.345888
5/13/2017,77924.09024,0,4.893,8987,6938.626453
5/14/2017,73311.65508,0,4.893,8987,5995.9665
5/15/2017,104131.4622,0,4.893,8987,12294.72128
5/16/2017,101226.1309,0,4.893,8987,11700.94828
5/17/2017,67998.68783,0,4.893,8987,4910.136283
5/18/2017,75708.72712,0,4.893,8987,6485.864729
5/19/2017,130369.703,0,4.893,8987,17657.12488
5/20/2017,125279.6054,0,4.893,8987,16616.84334
5/21/2017,65586.37738,0,4.893,8987,4417.123723
5/22/2017,65350.11675,0,4.893,8987,4368.83829
5/23/2017,77006.28734,0,4.893,8987,6751.051776
5/24/2017,117771.6922,0,4.893,8987,15082.42412
5/25/2017,100953.9932,0,4.893,8987,11645.33051
5/26/2017,108761.4801,0,4.893,8987,13240.97468
5/27/2017,102689.0423,0,4.893,8987,11999.92873
5/28/2017,73068.45666,0,4.893,8987,5946.263163
5/29/2017,85296.47433,0,4.893,8987,8445.347094
5/30/2017,73982.59286,0,4.893,8987,6133.088465
5/31/2017,77636.83289,0,4.893,8987,6879.918636
6/1/2017,67863.91161,0,4.893,8987,4882.591581
6/2/2017,131004.9703,0,4.893,8987,17786.95674
6/3/2017,125864.7198,0,4.893,8987,16736.42526
6/4/2017,109893.0122,0,4.893,8987,13472.22996
6/5/2017,117407.8753,0,4.893,8987,15008.06954
6/6/2017,127475.0374,0,4.893,8987,17065.53166
6/7/2017,129386.6682,0,4.893,8987,17456.21852
6/8/2017,82473.36715,0,4.893,8987,7868.378531
6/9/2017,124606.1675,0,4.893,8987,16479.2104
6/10/2017,73215.69016,0,4.893,8987,5976.353803
6/11/2017,90459.37236,0,4.893,8987,9500.507124
6/12/2017,115869.1584,0,4.893,8987,14693.59644
6/13/2017,131464.2551,0,4.893,8987,17880.82243
6/14/2017,91196.41597,0,4.893,8987,9651.139377
6/15/2017,67017.73087,0,4.893,8987,4709.654583
6/16/2017,98587.72489,0,4.893,8987,11161.72775
6/17/2017,79176.721,0,4.893,8987,7194.631106
6/18/2017,83153.8274,0,4.893,8987,8007.446638
6/19/2017,68670.23677,0,4.893,8987,5047.383153
6/20/2017,87761.29378,0,4.893,8987,8949.091105
6/21/2017,130158.7359,0,4.893,8987,17614.00876
6/22/2017,80654.96528,0,4.893,8987,7496.745202
6/23/2017,98521.82454,0,4.893,8987,11148.25946
6/24/2017,125659.7811,0,4.893,8987,16694.5412
6/25/2017,105989.3637,0,4.893,8987,12674.42729
6/26/2017,111709.2266,0,4.893,8987,13843.41624
6/27/2017,84773.61586,0,4.893,8987,8338.488628
6/28/2017,112707.8515,0,4.893,8987,14047.5088
6/29/2017,100055.5638,0,4.893,8987,11461.71526
6/30/2017,63159.80118,0,4.893,8987,3921.195623
7/1/2017,95586.61298,0,4.893,8987,10548.37972
7/2/2017,91015.4404,0,4.893,8987,9614.152748
7/3/2017,129948.2976,0,4.893,8987,17571.00074
7/4/2017,124739.8471,0,4.893,8987,16506.53098
7/5/2017,88663.16842,0,4.893,8987,9133.410468
7/6/2017,102099.7314,0,4.893,8987,11879.48915
7/7/2017,116539.1894,0,4.893,8987,14830.53309
7/8/2017,87770.2583,0,4.893,8987,8950.923217
7/9/2017,112506.6634,0,4.893,8987,14006.39125
7/10/2017,99277.54407,0,4.893,8987,11302.70858
7/11/2017,120082.3068,0,4.893,8987,15554.65273
7/12/2017,108492.8289,0,4.893,8987,13186.06946
7/13/2017,118762.9677,0,4.893,8987,15285.01465
7/14/2017,126806.2054,0,4.893,8987,16928.84006
7/15/2017,65763.95366,0,4.893,8987,4453.415626
7/16/2017,124383.5008,0,4.893,8987,16433.7032
7/17/2017,121520.6874,0,4.893,8987,15848.61975
7/18/2017,84196.11555,0,4.893,8987,8220.462814
7/19/2017,101917.2327,0,4.893,8987,11842.19123
7/20/2017,105452.748,0,4.893,8987,12564.75721
7/21/2017,123924.6677,0,4.893,8987,16339.92985
7/22/2017,119105.4637,0,4.893,8987,15355.01179
7/23/2017,118276.3496,0,4.893,8987,15185.56276
7/24/2017,126024.1049,0,4.893,8987,16768.99937
7/25/2017,121286.0511,0,4.893,8987,15800.66628
7/26/2017,87635.74638,0,4.893,8987,8923.432533
7/27/2017,117436.7584,0,4.893,8987,15013.97249
7/28/2017,123420.3488,0,4.893,8987,16236.86037
7/29/2017,115842.4429,0,4.893,8987,14688.1365
7/30/2017,107551.744,0,4.893,8987,12993.73656
7/31/2017,115341.1279,0,4.893,8987,14585.68096
8/1/2017,87543.28126,0,4.893,8987,8904.535104
8/2/2017,82313.43028,0,4.893,8987,7835.691658
8/3/2017,107304.1204,0,4.893,8987,12943.12884
8/4/2017,74311.33432,0,4.893,8987,6200.27454
8/5/2017,74728.81281,0,4.893,8987,6285.596118
8/6/2017,75343.52432,0,4.893,8987,6411.226919
8/7/2017,119584.7411,0,4.893,8987,15452.96344
8/8/2017,97714.91486,0,4.893,8987,10983.34843
8/9/2017,84149.61988,0,4.893,8987,8210.960328
8/10/2017,115534.0202,0,4.893,8987,14625.10304
8/11/2017,121692.5069,0,4.893,8987,15883.7351
8/12/2017,107921.6467,0,4.893,8987,13069.3349
8/13/2017,107686.7262,0,4.893,8987,13021.32337
8/14/2017,77398.25993,0,4.893,8987,6831.160624
8/15/2017,89514.39072,0,4.893,8987,9307.377829
8/16/2017,109009.4627,0,4.893,8987,13291.65578
8/17/2017,72792.48857,0,4.893,8987,5889.862572
8/18/2017,60433.79363,0,4.893,8987,3364.07166
8/19/2017,98340.4704,0,4.893,8987,11111.19546
8/20/2017,109036.8115,0,4.893,8987,13297.24515
8/21/2017,115535.0475,0,4.893,8987,14625.313
8/22/2017,63895.05246,0,4.893,8987,4071.461569
8/23/2017,64268.07275,0,4.893,8987,4147.697068
8/24/2017,110403.7838,0,4.893,8987,13576.61818
8/25/2017,108676.8575,0,4.893,8987,13223.68006
8/26/2017,112729.2081,0,4.893,8987,14051.87352
8/27/2017,111874.491,0,4.893,8987,13877.19191
8/28/2017,107647.632,0,4.893,8987,13013.33354
8/29/2017,106994.2351,0,4.893,8987,12879.79646
8/30/2017,64566.70548,0,4.893,8987,4208.729712
8/31/2017,87582.64953,0,4.893,8987,8912.580938
9/1/2017,115859.2077,0,4.893,8987,14691.56279
9/2/2017,77812.17752,0,4.893,8987,6915.75445
9/3/2017,83999.11168,0,4.893,8987,8180.200424
9/4/2017,86691.41132,0,4.893,8987,8730.435381
9/5/2017,74001.27114,0,4.893,8987,6136.905812
9/6/2017,58465.90805,0,4.893,8987,2961.887809
9/7/2017,73465.98185,0,4.893,8987,6027.506816
9/8/2017,95576.21526,0,4.893,8987,10546.2547
9/9/2017,104168.8087,0,4.893,8987,12302.35391
9/10/2017,106790.086,0,4.893,8987,12838.07378
9/11/2017,70379.53782,0,4.893,8987,5396.719154
9/12/2017,107248.1422,0,4.893,8987,12931.68836
9/13/2017,93891.73694,0,4.893,8987,10201.99181
9/14/2017,61036.42536,0,4.893,8987,3487.233672
9/15/2017,56318.22455,0,4.893,8987,2522.958012
9/16/2017,54258.81032,0,4.893,8987,2102.068122
9/17/2017,62037.47804,0,4.893,8987,3691.822408
9/18/2017,105990.7078,0,4.893,8987,12674.70199
9/19/2017,88727.09125,0,4.893,8987,9146.474606
9/20/2017,93605.45466,0,4.893,8987,10143.48327
9/21/2017,107680.804,0,4.893,8987,13020.11302
9/22/2017,66944.29094,0,4.893,8987,4694.645399
9/23/2017,79987.83819,0,4.893,8987,7360.402042
9/24/2017,56603.90405,0,4.893,8987,2581.343359
9/25/2017,63062.34109,0,4.893,8987,3901.277353
9/26/2017,53428.08375,0,4.893,8987,1932.289547
9/27/2017,60772.78704,0,4.893,8987,3433.352961
9/28/2017,61563.87136,0,4.893,8987,3595.029707
9/29/2017,68619.69803,0,4.893,8987,5037.054369
9/30/2017,95774.42551,0,4.893,8987,10586.76364
10/1/2017,84169.14294,0,4.893,8987,8214.950325
10/2/2017,69844.11816,0,4.893,8987,5287.293513
10/3/2017,60379.04871,0,4.893,8987,3352.883243
10/4/2017,65948.53438,0,4.893,8987,4491.139052
10/5/2017,74031.95302,0,4.893,8987,6143.176379
10/6/2017,100187.8,0,4.893,8987,11488.74086
10/7/2017,56338.85287,0,4.893,8987,2527.173895
10/8/2017,95703.61687,0,4.893,8987,10572.29223
10/9/2017,85493.42985,0,4.893,8987,8485.599602
10/10/2017,69725.81246,0,4.893,8987,5263.114952
10/11/2017,95080.10191,0,4.893,8987,10444.86223
10/12/2017,93753.22324,0,4.893,8987,10173.68327
10/13/2017,59244.34873,0,4.893,8987,3120.980529
10/14/2017,95977.0696,0,4.893,8987,10628.17875
10/15/2017,59495.16945,0,4.893,8987,3172.241663
10/16/2017,77334.63829,0,4.893,8987,6818.15804
10/17/2017,78594.29886,0,4.893,8987,7075.5994
10/18/2017,81107.33071,0,4.893,8987,7589.196752
10/19/2017,63195.58148,0,4.893,8987,3928.508171
10/20/2017,89719.37895,0,4.893,8987,9349.272011
10/21/2017,62309.72722,0,4.893,8987,3747.462952
10/22/2017,61411.01809,0,4.893,8987,3563.790535
10/23/2017,84142.63988,0,4.893,8987,8209.5338
10/24/2017,50412.93729,0,4.893,8987,1316.073226
10/25/2017,56271.29255,0,4.893,8987,2513.366349
10/26/2017,61010.96638,0,4.893,8987,3482.030529
10/27/2017,55064.84591,0,4.893,8987,2266.800512
10/28/2017,51529.86532,0,4.893,8987,1544.343822
10/29/2017,70458.14384,0,4.893,8987,5412.78415
10/30/2017,56512.76956,0,4.893,8987,2562.717874
10/31/2017,66597.20545,0,4.893,8987,4623.710289
11/1/2017,67798.38077,0,4.893,8987,4869.198809
11/2/2017,50449.21503,0,4.893,8987,1323.487436
11/3/2017,59926.78555,0,4.893,8987,3260.452595
11/4/2017,69894.77251,0,4.893,8987,5297.645925
11/5/2017,52247.39947,0,4.893,8987,1690.988856
11/6/2017,57181.29337,0,4.893,8987,2699.346489
11/7/2017,60971.00077,0,4.893,8987,3473.862613
11/8/2017,58448.64351,0,4.893,8987,2958.359392
11/9/2017,77740.228,0,4.893,8987,6901.049867
11/10/2017,80137.57589,0,4.893,8987,7391.004473
11/11/2017,48181.85328,0,4.893,8987,860.0985649
11/12/2017,53889.08868,0,4.893,8987,2026.506781
11/13/2017,72492.41995,0,4.893,8987,5828.536471
11/14/2017,62089.84693,0,4.893,8987,3702.525227
11/15/2017,48521.39967,0,4.893,8987,929.4928809
11/16/2017,63117.49202,0,4.893,8987,3912.548748
11/17/2017,48364.15844,0,4.893,8987,897.3569265
11/18/2017,50526.72581,0,4.893,8987,1339.328593
11/19/2017,58526.0642,0,4.893,8987,2974.182138
11/20/2017,79947.67789,0,4.893,8987,7352.194337
11/21/2017,56483.29137,0,4.893,8987,2556.693312
11/22/2017,64462.11837,0,4.893,8987,4187.354868
11/23/2017,51009.17069,0,4.893,8987,1437.927589
11/24/2017,66938.08094,0,4.893,8987,4693.37624
11/25/2017,75760.94425,0,4.893,8987,6496.536531
11/26/2017,71460.58112,0,4.893,8987,5617.65586
11/27/2017,77616.29394,0,4.893,8987,6875.721017
11/28/2017,73094.63061,0,4.893,8987,5951.612429
11/29/2017,77301.60286,0,4.893,8987,6811.40647
11/30/2017,67936.31057,0,4.893,8987,4897.388018
12/1/2017,71374.43693,0,4.893,8987,5600.050262
12/2/2017,72873.60505,0,4.893,8987,5906.440639
12/3/2017,72737.8327,0,4.893,8987,5878.692357
12/4/2017,66277.11737,0,4.893,8987,4558.292738
12/5/2017,66377.69249,0,4.893,8987,4578.847637
12/6/2017,68210.16981,0,4.893,8987,4953.357616
12/7/2017,76279.52003,0,4.893,8987,6602.519729
12/8/2017,76123.18832,0,4.893,8987,6570.569655
12/9/2017,76485.79273,0,4.893,8987,6644.67642
12/10/2017,76267.75616,0,4.893,8987,6600.115504
12/11/2017,72694.44373,0,4.893,8987,5869.824796
12/12/2017,76054.76427,0,4.893,8987,6556.585585
12/13/2017,76135.12397,0,4.893,8987,6573.008987
12/14/2017,76048.74755,0,4.893,8987,6555.355927
12/15/2017,74640.77274,0,4.893,8987,6267.603053
12/16/2017,76260.01461,0,4.893,8987,6598.533336
12/17/2017,70948.93252,0,4.893,8987,5513.088395
12/18/2017,69445.02808,0,4.893,8987,5205.73004
12/19/2017,72451.83746,0,4.893,8987,5820.242481
12/20/2017,75261.99276,0,4.893,8987,6394.564022
12/21/2017,74853.6307,0,4.893,8987,6311.105601
12/22/2017,71483.23211,0,4.893,8987,5622.285123
12/23/2017,72583.26268,0,4.893,8987,5847.102327
12/24/2017,74727.91726,0,4.893,8987,6285.413092
12/25/2017,69295.42281,0,4.893,8987,5175.154672
12/26/2017,73588.1556,0,4.893,8987,6052.475905
12/27/2017,73443.58492,0,4.893,8987,6022.929474
12/28/2017,76026.88151,0,4.893,8987,6550.887086
12/29/2017,73570.7285,0,4.893,8987,6048.914265
12/30/2017,74665.74697,0,4.893,8987,6272.707126
12/31/2017,76091.55553,0,4.893,8987,6564.104748
1/1/2018,70200.84095,0,4.893,8987,5360.198232
1/2/2018,62452.78466,0,4.893,8987,3776.700114
1/3/2018,71230.36804,0,4.893,8987,5570.606384
1/4/2018,74934.25467,0,4.893,8987,6327.58301
1/5/2018,73290.01974,0,4.893,8987,5991.544807
1/6/2018,72963.22806,0,4.893,8987,5924.757217
1/7/2018,49519.96388,0,4.893,8987,1133.573038
1/8/2018,54141.38317,0,4.893,8987,2078.069112
1/9/2018,69955.96362,0,4.893,8987,5310.151773
1/10/2018,53843.79462,0,4.893,8987,2017.249871
1/11/2018,49186.32405,0,4.893,8987,1065.385868
1/12/2018,74882.5224,0,4.893,8987,6317.010301
1/13/2018,71647.23712,0,4.893,8987,5655.803417
1/14/2018,72125.55331,0,4.893,8987,5753.558617
1/15/2018,57913.21363,0,4.893,8987,2848.931664
1/16/2018,67279.84525,0,4.893,8987,4763.223841
1/17/2018,64484.45253,0,4.893,8987,4191.91938
1/18/2018,58055.71563,0,4.893,8987,2878.05531
1/19/2018,49109.92252,0,4.893,8987,1049.771412
1/20/2018,67105.1166,0,4.893,8987,4727.513917
1/21/2018,58402.84134,0,4.893,8987,2948.998638
1/22/2018,67654.93931,0,4.893,8987,4839.883163
1/23/2018,78042.50907,0,4.893,8987,6962.828136
1/24/2018,77462.17563,0,4.893,8987,6844.223304
1/25/2018,68189.52463,0,4.893,8987,4949.138286
1/26/2018,53158.21767,0,4.893,8987,1877.136045
1/27/2018,58085.22428,0,4.893,8987,2884.086098
1/28/2018,67884.18781,0,4.893,8987,4886.735502
1/29/2018,66761.53087,0,4.893,8987,4657.294068
1/30/2018,74237.25595,0,4.893,8987,6185.134877
1/31/2018,51980.93792,0,4.893,8987,1636.53115
2/1/2018,73947.148,0,4.893,8987,6125.844471
2/2/2018,74615.08064,0,4.893,8987,6262.352266
2/3/2018,76089.86408,0,4.893,8987,6563.759061
2/4/2018,86506.49343,0,4.893,8987,8692.643048
2/5/2018,79275.22447,0,4.893,8987,7214.762613
2/6/2018,88522.86338,0,4.893,8987,9104.735822
2/7/2018,89243.16007,0,4.893,8987,9251.945447
2/8/2018,75285.41373,0,4.893,8987,6399.35065
2/9/2018,90635.00752,0,4.893,8987,9536.402314
2/10/2018,89077.72769,0,4.893,8987,9218.135436
2/11/2018,64097.154,0,4.893,8987,4112.765788
2/12/2018,90169.64073,0,4.893,8987,9441.29363
2/13/2018,71624.42495,0,4.893,8987,5651.141211
2/14/2018,58551.12628,0,4.893,8987,2979.304166
2/15/2018,70750.08758,0,4.893,8987,5472.44974
2/16/2018,91745.45087,0,4.893,8987,9763.347614
2/17/2018,59763.76431,0,4.893,8987,3227.135358
2/18/2018,74668.02684,0,4.893,8987,6273.173073
2/19/2018,70945.57377,0,4.893,8987,5512.401955
2/20/2018,56453.75868,0,4.893,8987,2550.657609
2/21/2018,85437.3728,0,4.893,8987,8474.143021
2/22/2018,93487.8892,0,4.893,8987,10119.456
2/23/2018,66936.81193,0,4.893,8987,4693.116888
2/24/2018,95938.41531,0,4.893,8987,10620.27883
2/25/2018,66125.0632,0,4.893,8987,4527.216881
2/26/2018,61488.18619,0,4.893,8987,3579.561658
2/27/2018,63844.99225,0,4.893,8987,4061.230584
2/28/2018,61313.76532,0,4.893,8987,3543.914636
3/1/2018,92051.84931,0,4.893,8987,9825.967363
3/2/2018,99465.23968,0,4.893,8987,11341.0686
3/3/2018,101347.0232,0,4.893,8987,11725.65546
3/4/2018,99936.76693,0,4.893,8987,11437.43632
3/5/2018,103441.8618,0,4.893,8987,12153.78516
3/6/2018,61534.84946,0,4.893,8987,3589.098397
3/7/2018,61742.68626,0,4.893,8987,3631.574751
3/8/2018,83077.0534,0,4.893,8987,7991.75606
3/9/2018,71402.59267,0,4.893,8987,5605.804551
3/10/2018,88155.82143,0,4.893,8987,9029.722139
3/11/2018,101037.7034,0,4.893,8987,11662.43868
3/12/2018,81177.07102,0,4.893,8987,7603.44983
3/13/2018,70177.519,0,4.893,8987,5355.431842
3/14/2018,96963.85213,0,4.893,8987,10829.85104
3/15/2018,69160.81755,0,4.893,8987,5147.644911
3/16/2018,95523.61612,0,4.893,8987,10535.50483
3/17/2018,104034.7855,0,4.893,8987,12274.96311
3/18/2018,111114.2231,0,4.893,8987,13721.81323
3/19/2018,105308.1309,0,4.893,8987,12535.20128
3/20/2018,112625.2004,0,4.893,8987,14030.61709
3/21/2018,108383.9184,0,4.893,8987,13163.81104
3/22/2018,106154.5638,0,4.893,8987,12708.18981
3/23/2018,112815.0889,0,4.893,8987,14069.42529
3/24/2018,114167.1368,0,4.893,8987,14345.74816
3/25/2018,112296.4944,0,4.893,8987,13963.43826
3/26/2018,96336.49349,0,4.893,8987,10701.6355
3/27/2018,65748.89308,0,4.893,8987,4450.337642
3/28/2018,102094.4339,0,4.893,8987,11878.40648
3/29/2018,104587.2845,0,4.893,8987,12387.87932
3/30/2018,110046.106,0,4.893,8987,13503.5183
3/31/2018,93594.01533,0,4.893,8987,10141.14538
4/1/2018,100361.412,0,4.893,8987,11524.22256
4/2/2018,104174.0967,0,4.893,8987,12303.43464
4/3/2018,117768.9306,0,4.893,8987,15081.85971
4/4/2018,112586.0436,0,4.893,8987,14022.61447
4/5/2018,106729.4496,0,4.893,8987,12825.6813
4/6/2018,99802.49242,0,4.893,8987,11409.99416
4/7/2018,94755.1418,0,4.893,8987,10378.44897
4/8/2018,85127.74467,0,4.893,8987,8410.863207
4/9/2018,112016.0475,0,4.893,8987,13906.12231
4/10/2018,118067.0811,0,4.893,8987,15142.7938
4/11/2018,101058.8832,0,4.893,8987,11666.76726
4/12/2018,104731.6967,0,4.893,8987,12417.39336
4/13/2018,122298.9605,0,4.893,8987,16007.67822
4/14/2018,118224.3008,0,4.893,8987,15174.92535
4/15/2018,79379.61772,0,4.893,8987,7236.097837
4/16/2018,72630.46729,0,4.893,8987,5856.749702
4/17/2018,77206.7423,0,4.893,8987,6792.019476
4/18/2018,124406.3465,0,4.893,8987,16438.37227
4/19/2018,111258.2617,0,4.893,8987,13751.25091
4/20/2018,124278.8032,0,4.893,8987,16412.30579
4/21/2018,125292.5476,0,4.893,8987,16619.48837
4/22/2018,122266.8678,0,4.893,8987,16001.1193
4/23/2018,96841.17921,0,4.893,8987,10804.77993
4/24/2018,88143.62688,0,4.893,8987,9027.229897
4/25/2018,118782.356,0,4.893,8987,15288.97712
4/26/2018,104022.3922,0,4.893,8987,12272.43026
4/27/2018,127742.596,0,4.893,8987,17120.21356
4/28/2018,128575.7032,0,4.893,8987,17290.47868
4/29/2018,124213.8274,0,4.893,8987,16399.02644
4/30/2018,122513.0376,0,4.893,8987,16051.42992
5/1/2018,67054.052,0,4.893,8987,4717.077661
5/2/2018,73049.49066,0,4.893,8987,5942.387013
5/3/2018,110037.8684,0,4.893,8987,13501.83475
5/4/2018,73046.52592,0,4.893,8987,5941.781099
5/5/2018,111181.8389,0,4.893,8987,13735.63211
5/6/2018,113282.7131,0,4.893,8987,14164.99532
5/7/2018,109530.8762,0,4.893,8987,13398.21892
5/8/2018,122551.6644,0,4.893,8987,16059.32422
5/9/2018,56523.89425,0,4.893,8987,2564.991467
5/10/2018,68329.7957,0,4.893,8987,4977.805989
5/11/2018,128319.1253,0,4.893,8987,17238.04093
5/12/2018,127966.8544,0,4.893,8987,17166.04606
5/13/2018,109151.5267,0,4.893,8987,13320.68991
5/14/2018,88193.51738,0,4.893,8987,9037.426196
5/15/2018,123605.743,0,4.893,8987,16274.75004
5/16/2018,106989.668,0,4.893,8987,12878.86308
5/17/2018,131189.8484,0,4.893,8987,17824.74093
5/18/2018,59385.68196,0,4.893,8987,3149.86531
5/19/2018,72744.28673,0,4.893,8987,5880.01139
5/20/2018,101662.3009,0,4.893,8987,11790.0899
5/21/2018,15194.66424,1,1,0,15194.66424
5/22/2018,16500.00993,0,1,0,16500.00993
5/23/2018,15144.80961,0,1,0,15144.80961
5/24/2018,16165.21503,0,1,0,16165.21503
5/25/2018,5241.243424,0,1,0,5241.243424
5/26/2018,3149.974305,0,1,0,3149.974305
5/27/2018,4975.453351,0,1,0,4975.453351
5/28/2018,12546.43318,0,1,0,12546.43318
5/29/2018,16131.0703,0,1,0,16131.0703
5/30/2018,15413.11926,0,1,0,15413.11926
5/31/2018,2320.841286,0,1,0,2320.841286
6/1/2018,15288.50266,0,1,0,15288.50266
6/2/2018,15578.3301,0,1,0,15578.3301
6/3/2018,8961.997177,0,1,0,8961.997177
6/4/2018,1985.236556,0,1,0,1985.236556
6/5/2018,13708.36658,0,1,0,13708.36658
6/6/2018,3205.559718,0,1,0,3205.559718
6/7/2018,8807.598044,0,1,0,8807.598044
6/8/2018,15913.98396,0,1,0,15913.98396
6/9/2018,15524.56326,0,1,0,15524.56326
6/10/2018,17213.55143,0,1,0,17213.55143
6/11/2018,17409.08876,0,1,0,17409.08876
6/12/2018,10645.74869,0,1,0,10645.74869
6/13/2018,1219.742873,0,1,0,1219.742873
6/14/2018,17512.94553,0,1,0,17512.94553
6/15/2018,16155.5852,0,1,0,16155.5852
6/16/2018,11180.17259,0,1,0,11180.17259
6/17/2018,2813.982102,0,1,0,2813.982102
6/18/2018,14708.6144,0,1,0,14708.6144
6/19/2018,16581.65009,0,1,0,16581.65009
6/20/2018,15229.51219,0,1,0,15229.51219
6/21/2018,17817.91733,0,1,0,17817.91733
6/22/2018,16180.90776,0,1,0,16180.90776
6/23/2018,1696.70771,0,1,0,1696.70771
6/24/2018,18249.3722,0,1,0,18249.3722
6/25/2018,17849.34429,0,1,0,17849.34429
6/26/2018,14394.18863,0,1,0,14394.18863
6/27/2018,16598.78304,0,1,0,16598.78304
6/28/2018,15062.2015,0,1,0,15062.2015
6/29/2018,10324.85321,0,1,0,10324.85321
6/30/2018,5215.015006,0,1,0,5215.015006
7/1/2018,4198.662477,0,1,0,4198.662477
7/2/2018,16093.28493,0,1,0,16093.28493
7/3/2018,5983.280003,0,1,0,5983.280003
7/4/2018,14596.97986,0,1,0,14596.97986
7/5/2018,14223.68733,0,1,0,14223.68733
7/6/2018,14838.7667,0,1,0,14838.7667
7/7/2018,15448.62558,0,1,0,15448.62558
7/8/2018,9305.304262,0,1,0,9305.304262
7/9/2018,15057.899,0,1,0,15057.899
7/10/2018,14422.61911,0,1,0,14422.61911
7/11/2018,16920.17469,0,1,0,16920.17469
7/12/2018,8057.94329,0,1,0,8057.94329
7/13/2018,12307.74419,0,1,0,12307.74419
7/14/2018,16157.32028,0,1,0,16157.32028
7/15/2018,13461.09857,0,1,0,13461.09857
7/16/2018,11442.53522,0,1,0,11442.53522
7/17/2018,15265.93254,0,1,0,15265.93254
7/18/2018,16434.20807,0,1,0,16434.20807
7/19/2018,16366.02068,0,1,0,16366.02068
7/20/2018,11565.04269,0,1,0,11565.04269
7/21/2018,6664.582793,0,1,0,6664.582793
7/22/2018,12708.61305,0,1,0,12708.61305
7/23/2018,6684.53425,0,1,0,6684.53425
7/24/2018,9915.559598,0,1,0,9915.559598
7/25/2018,13737.53389,0,1,0,13737.53389
7/26/2018,2218.679287,0,1,0,2218.679287
7/27/2018,2478.18568,0,1,0,2478.18568
7/28/2018,12480.37244,0,1,0,12480.37244
7/29/2018,15173.1537,0,1,0,15173.1537
7/30/2018,12637.88579,0,1,0,12637.88579
7/31/2018,15387.5362,0,1,0,15387.5362
8/1/2018,2127.249448,0,1,0,2127.249448
8/2/2018,6526.643916,0,1,0,6526.643916
8/3/2018,15401.20176,0,1,0,15401.20176
8/4/2018,14357.9466,0,1,0,14357.9466
8/5/2018,13278.14644,0,1,0,13278.14644
8/6/2018,2859.979367,0,1,0,2859.979367
8/7/2018,7798.892406,0,1,0,7798.892406
8/8/2018,13183.92378,0,1,0,13183.92378
8/9/2018,11774.16304,0,1,0,11774.16304
8/10/2018,12249.37608,0,1,0,12249.37608
8/11/2018,14819.91268,0,1,0,14819.91268
8/12/2018,13232.28325,0,1,0,13232.28325
8/13/2018,14513.08664,0,1,0,14513.08664
8/14/2018,7832.974739,0,1,0,7832.974739
8/15/2018,13637.59785,0,1,0,13637.59785
8/16/2018,15266.3688,0,1,0,15266.3688
8/17/2018,10948.18485,0,1,0,10948.18485
8/18/2018,15060.82912,0,1,0,15060.82912
8/19/2018,10498.82084,0,1,0,10498.82084
8/20/2018,1311.397061,0,1,0,1311.397061
8/21/2018,3375.508898,0,1,0,3375.508898
8/22/2018,12748.69226,0,1,0,12748.69226
8/23/2018,9971.5692,0,1,0,9971.5692
8/24/2018,10291.7468,0,1,0,10291.7468
8/25/2018,3431.029996,0,1,0,3431.029996
8/26/2018,10650.74254,0,1,0,10650.74254
8/27/2018,6095.39463,0,1,0,6095.39463
8/28/2018,5467.284529,0,1,0,5467.284529
8/29/2018,3297.6785,0,1,0,3297.6785
8/30/2018,13654.47143,0,1,0,13654.47143
8/31/2018,7824.474873,0,1,0,7824.474873
9/1/2018,5456.671972,0,1,0,5456.671972
9/2/2018,8069.454822,0,1,0,8069.454822
9/3/2018,14676.14189,0,1,0,14676.14189
9/4/2018,8529.557676,0,1,0,8529.557676
9/5/2018,6470.33363,0,1,0,6470.33363
9/6/2018,14612.77836,0,1,0,14612.77836
9/7/2018,14395.03982,0,1,0,14395.03982
9/8/2018,13454.0634,0,1,0,13454.0634
9/9/2018,13688.93659,0,1,0,13688.93659
9/10/2018,12680.73082,0,1,0,12680.73082
9/11/2018,13134.537,0,1,0,13134.537
9/12/2018,5243.978937,0,1,0,5243.978937
9/13/2018,9583.711771,0,1,0,9583.711771
9/14/2018,4707.879097,0,1,0,4707.879097
9/15/2018,3368.999167,0,1,0,3368.999167
9/16/2018,1454.465218,0,1,0,1454.465218
9/17/2018,1539.898271,0,1,0,1539.898271
9/18/2018,5736.030602,0,1,0,5736.030602
9/19/2018,7765.877222,0,1,0,7765.877222
9/20/2018,5486.850099,0,1,0,5486.850099
9/21/2018,1375.614793,0,1,0,1375.614793
9/22/2018,2294.661354,0,1,0,2294.661354
9/23/2018,13493.43205,0,1,0,13493.43205
9/24/2018,2157.30583,0,1,0,2157.30583
9/25/2018,2192.754296,0,1,0,2192.754296
9/26/2018,3170.344519,0,1,0,3170.344519
9/27/2018,2224.182008,0,1,0,2224.182008
9/28/2018,4334.745416,0,1,0,4334.745416
9/29/2018,2857.488395,0,1,0,2857.488395
9/30/2018,2610.898232,0,1,0,2610.898232
10/1/2018,4130.659015,0,1,0,4130.659015
10/2/2018,9376.374328,0,1,0,9376.374328
10/3/2018,598.4187655,0,1,0,598.4187655
10/4/2018,9721.711364,0,1,0,9721.711364
10/5/2018,3128.132921,0,1,0,3128.132921
10/6/2018,1193.271577,0,1,0,1193.271577
10/7/2018,7599.950303,0,1,0,7599.950303
10/8/2018,2081.718062,0,1,0,2081.718062
10/9/2018,1306.308372,0,1,0,1306.308372
10/10/2018,475.0089801,0,1,0,475.0089801
10/11/2018,1066.357653,0,1,0,1066.357653
10/12/2018,3495.744486,0,1,0,3495.744486
10/13/2018,4242.951663,0,1,0,4242.951663
10/14/2018,2380.66887,0,1,0,2380.66887
10/15/2018,5412.213714,0,1,0,5412.213714
10/16/2018,4144.341913,0,1,0,4144.341913
10/17/2018,8378.953978,0,1,0,8378.953978
10/18/2018,4296.868987,0,1,0,4296.868987
10/19/2018,3791.578003,0,1,0,3791.578003
10/20/2018,1672.194978,0,1,0,1672.194978
10/21/2018,2340.389348,0,1,0,2340.389348
10/22/2018,2766.782978,0,1,0,2766.782978
10/23/2018,4102.618325,0,1,0,4102.618325
10/24/2018,2784.657916,0,1,0,2784.657916
10/25/2018,4548.559328,0,1,0,4548.559328
10/26/2018,2931.490872,0,1,0,2931.490872
10/27/2018,7121.570085,0,1,0,7121.570085
10/28/2018,2985.349151,0,1,0,2985.349151
10/29/2018,3537.747909,0,1,0,3537.747909
10/30/2018,2648.23492,0,1,0,2648.23492
10/31/2018,2957.511654,0,1,0,2957.511654
11/1/2018,3003.175904,0,1,0,3003.175904
11/2/2018,5405.646844,0,1,0,5405.646844
11/3/2018,5320.905287,0,1,0,5320.905287
11/4/2018,5173.476909,0,1,0,5173.476909
11/5/2018,531.6972946,0,1,0,531.6972946
11/6/2018,1218.039289,0,1,0,1218.039289
11/7/2018,1027.526452,0,1,0,1027.526452
11/8/2018,2440.330744,0,1,0,2440.330744
11/9/2018,1892.303987,0,1,0,1892.303987
11/10/2018,3766.989943,0,1,0,3766.989943
11/11/2018,7231.868825,0,1,0,7231.868825
11/12/2018,2788.447245,0,1,0,2788.447245
11/13/2018,5059.216234,0,1,0,5059.216234
11/14/2018,6941.267799,0,1,0,6941.267799
11/15/2018,1289.380855,0,1,0,1289.380855
11/16/2018,2942.323531,0,1,0,2942.323531
11/17/2018,2829.156457,0,1,0,2829.156457
11/18/2018,4326.170499,0,1,0,4326.170499
11/19/2018,4938.80518,0,1,0,4938.80518
11/20/2018,2824.008682,0,1,0,2824.008682
11/21/2018,4640.765109,0,1,0,4640.765109
11/22/2018,6257.816428,0,1,0,6257.816428
11/23/2018,1395.495952,0,1,0,1395.495952
11/24/2018,1812.644268,0,1,0,1812.644268
11/25/2018,2606.140358,0,1,0,2606.140358
11/26/2018,5093.924864,0,1,0,5093.924864
11/27/2018,3035.24703,0,1,0,3035.24703
11/28/2018,2117.668217,0,1,0,2117.668217
11/29/2018,2146.406921,0,1,0,2146.406921
11/30/2018,4759.167597,0,1,0,4759.167597
12/1/2018,1324.09746,0,1,0,1324.09746
12/2/2018,3134.302571,0,1,0,3134.302571
12/3/2018,1864.889211,0,1,0,1864.889211
12/4/2018,1190.061772,0,1,0,1190.061772
12/5/2018,1403.764312,0,1,0,1403.764312
12/6/2018,5657.83666,0,1,0,5657.83666
12/7/2018,4301.162562,0,1,0,4301.162562
12/8/2018,1414.152604,0,1,0,1414.152604
12/9/2018,1662.574915,0,1,0,1662.574915
12/10/2018,1194.230573,0,1,0,1194.230573
12/11/2018,1697.400515,0,1,0,1697.400515
12/12/2018,4085.655123,0,1,0,4085.655123
12/13/2018,754.2194215,0,1,0,754.2194215
12/14/2018,3118.955803,0,1,0,3118.955803
12/15/2018,5541.601823,0,1,0,5541.601823
12/16/2018,3719.507981,0,1,0,3719.507981
12/17/2018,889.0642407,0,1,0,889.0642407
12/18/2018,1105.352175,0,1,0,1105.352175
12/19/2018,3800.765508,0,1,0,3800.765508
12/20/2018,2122.756865,0,1,0,2122.756865
12/21/2018,1707.432621,0,1,0,1707.432621
12/22/2018,2574.523393,0,1,0,2574.523393
12/23/2018,4547.423957,0,1,0,4547.423957
12/24/2018,5194.517462,0,1,0,5194.517462
12/25/2018,2823.636808,0,1,0,2823.636808
12/26/2018,3225.484929,0,1,0,3225.484929
12/27/2018,1375.481079,0,1,0,1375.481079
12/28/2018,2368.346247,0,1,0,2368.346247
12/29/2018,2965.814669,0,1,0,2965.814669
12/30/2018,2107.868885,0,1,0,2107.868885
12/31/2018,3029.171602,0,1,0,3029.171602
1/1/2019,5934.510936,0,1,0,5934.510936
1/2/2019,2899.28644,0,1,0,2899.28644
1/3/2019,3346.275426,0,1,0,3346.275426
1/4/2019,5249.74929,0,1,0,5249.74929
1/5/2019,1986.280056,0,1,0,1986.280056
1/6/2019,6665.820707,0,1,0,6665.820707
1/7/2019,1942.092822,0,1,0,1942.092822
1/8/2019,1640.573184,0,1,0,1640.573184
1/9/2019,3679.280951,0,1,0,3679.280951
1/10/2019,6327.504822,0,1,0,6327.504822
1/11/2019,6184.576701,0,1,0,6184.576701
1/12/2019,6982.584575,0,1,0,6982.584575
1/13/2019,4558.497689,0,1,0,4558.497689
1/14/2019,2828.011561,0,1,0,2828.011561
1/15/2019,4017.56711,0,1,0,4017.56711
1/16/2019,7017.92205,0,1,0,7017.92205
1/17/2019,5377.704468,0,1,0,5377.704468
1/18/2019,2168.686676,0,1,0,2168.686676
1/19/2019,6971.609297,0,1,0,6971.609297
1/20/2019,6663.032541,0,1,0,6663.032541
1/21/2019,7101.263847,0,1,0,7101.263847
1/22/2019,2176.79075,0,1,0,2176.79075
1/23/2019,3741.488041,0,1,0,3741.488041
1/24/2019,5358.212842,0,1,0,5358.212842
1/25/2019,7932.958177,0,1,0,7932.958177
1/26/2019,5485.985553,0,1,0,5485.985553
1/27/2019,7559.3311,0,1,0,7559.3311
1/28/2019,8083.827172,0,1,0,8083.827172
1/29/2019,3348.424447,0,1,0,3348.424447
1/30/2019,6968.412626,0,1,0,6968.412626
1/31/2019,7659.973572,0,1,0,7659.973572
2/1/2019,5537.393591,0,1,0,5537.393591
2/2/2019,8281.297064,0,1,0,8281.297064
2/3/2019,3244.038324,0,1,0,3244.038324
2/4/2019,2903.373213,0,1,0,2903.373213
2/5/2019,8617.785972,0,1,0,8617.785972
2/6/2019,7530.776139,0,1,0,7530.776139
2/7/2019,3430.048846,0,1,0,3430.048846
2/8/2019,6723.263116,0,1,0,6723.263116
2/9/2019,9254.440597,0,1,0,9254.440597
2/10/2019,8883.443173,0,1,0,8883.443173
2/11/2019,10127.256,0,1,0,10127.256
2/12/2019,7531.848489,0,1,0,7531.848489
2/13/2019,6921.522207,0,1,0,6921.522207
2/14/2019,7239.910999,0,1,0,7239.910999
2/15/2019,6400.276543,0,1,0,6400.276543
2/16/2019,9451.257944,0,1,0,9451.257944
2/17/2019,10398.18709,0,1,0,10398.18709
2/18/2019,9623.347119,0,1,0,9623.347119
2/19/2019,10158.31494,0,1,0,10158.31494
2/20/2019,9813.832543,0,1,0,9813.832543
2/21/2019,8807.766625,0,1,0,8807.766625
2/22/2019,5148.434643,0,1,0,5148.434643
2/23/2019,6011.644038,0,1,0,6011.644038
2/24/2019,3313.723097,0,1,0,3313.723097
2/25/2019,10906.31111,0,1,0,10906.31111
2/26/2019,11619.8829,0,1,0,11619.8829
2/27/2019,10127.93596,0,1,0,10127.93596
2/28/2019,8274.270341,0,1,0,8274.270341
3/1/2019,9777.251786,0,1,0,9777.251786
3/2/2019,10452.46783,0,1,0,10452.46783
3/3/2019,10217.00525,0,1,0,10217.00525
3/4/2019,10042.09353,0,1,0,10042.09353
3/5/2019,8696.265489,0,1,0,8696.265489
3/6/2019,10934.28451,0,1,0,10934.28451
3/7/2019,12004.31862,0,1,0,12004.31862
3/8/2019,12287.9435,0,1,0,12287.9435
3/9/2019,11806.48297,0,1,0,11806.48297
3/10/2019,8131.636241,0,1,0,8131.636241
3/11/2019,9802.269143,0,1,0,9802.269143
3/12/2019,9611.90887,0,1,0,9611.90887
3/13/2019,5730.529602,0,1,0,5730.529602
3/14/2019,4182.805246,0,1,0,4182.805246
3/15/2019,4380.339571,0,1,0,4380.339571
3/16/2019,8155.698459,0,1,0,8155.698459
3/17/2019,13969.51372,0,1,0,13969.51372
3/18/2019,13913.44642,0,1,0,13913.44642
3/19/2019,12403.45214,0,1,0,12403.45214
3/20/2019,7403.164134,0,1,0,7403.164134
3/21/2019,9582.832427,0,1,0,9582.832427
3/22/2019,12301.42872,0,1,0,12301.42872
3/23/2019,13980.01489,0,1,0,13980.01489
3/24/2019,15035.86364,0,1,0,15035.86364
3/25/2019,14698.6093,0,1,0,14698.6093
3/26/2019,13075.25289,0,1,0,13075.25289
3/27/2019,7346.117066,0,1,0,7346.117066
3/28/2019,11255.28979,0,1,0,11255.28979
3/29/2019,15059.34722,0,1,0,15059.34722
3/30/2019,12117.26131,0,1,0,12117.26131
3/31/2019,15351.27906,0,1,0,15351.27906
4/1/2019,12701.79454,0,1,0,12701.79454
4/2/2019,12836.38393,0,1,0,12836.38393
4/3/2019,12022.39815,0,1,0,12022.39815
4/4/2019,14977.95794,0,1,0,14977.95794
4/5/2019,8161.049784,0,1,0,8161.049784
4/6/2019,14694.29044,0,1,0,14694.29044
4/7/2019,10937.70506,0,1,0,10937.70506
4/8/2019,5574.49128,0,1,0,5574.49128
4/9/2019,7307.035624,0,1,0,7307.035624
4/10/2019,14384.67462,0,1,0,14384.67462
4/11/2019,14633.65382,0,1,0,14633.65382
4/12/2019,6896.495409,0,1,0,6896.495409
4/13/2019,7698.843085,0,1,0,7698.843085
4/14/2019,15786.69434,0,1,0,15786.69434
4/15/2019,16599.09403,0,1,0,16599.09403
4/16/2019,16165.49781,0,1,0,16165.49781
4/17/2019,13227.94371,0,1,0,13227.94371
4/18/2019,7635.878872,0,1,0,7635.878872
4/19/2019,16643.0326,0,1,0,16643.0326
4/20/2019,13222.30813,0,1,0,13222.30813
4/21/2019,16548.5545,0,1,0,16548.5545
4/22/2019,15013.90109,0,1,0,15013.90109
4/23/2019,12965.53292,0,1,0,12965.53292
4/24/2019,13208.41987,0,1,0,13208.41987
4/25/2019,15565.57426,0,1,0,15565.57426
4/26/2019,9865.4999,0,1,0,9865.4999
4/27/2019,17408.61247,0,1,0,17408.61247
4/28/2019,17125.02853,0,1,0,17125.02853
4/29/2019,12335.81491,0,1,0,12335.81491
4/30/2019,17586.06305,0,1,0,17586.06305
5/1/2019,11357.73502,0,1,0,11357.73502
5/2/2019,7827.517186,0,1,0,7827.517186
5/3/2019,12975.76842,0,1,0,12975.76842
5/4/2019,14063.50226,0,1,0,14063.50226
5/5/2019,11095.60452,0,1,0,11095.60452
5/6/2019,6795.852051,0,1,0,6795.852051
5/7/2019,13524.43506,0,1,0,13524.43506
5/8/2019,13795.5872,0,1,0,13795.5872
5/9/2019,1793.522266,0,1,0,1793.522266
5/10/2019,7359.004892,0,1,0,7359.004892
5/11/2019,16993.4284,0,1,0,16993.4284
5/12/2019,14232.6006,0,1,0,14232.6006
5/13/2019,16123.59709,0,1,0,16123.59709
5/14/2019,10723.67068,0,1,0,10723.67068
5/15/2019,11002.78008,0,1,0,11002.78008
5/16/2019,2553.231736,0,1,0,2553.231736
5/17/2019,6762.504318,0,1,0,6762.504318
5/18/2019,5781.983018,0,1,0,5781.983018
5/19/2019,4621.585856,0,1,0,4621.585856
5/20/2019,11330.90936,0,1,0,11330.90936
5/21/2019,16838.58787,0,1,0,16838.58787
5/22/2019,5633.61246,0,1,0,5633.61246
5/23/2019,2225.615145,0,1,0,2225.615145
5/24/2019,15687.72801,0,1,0,15687.72801
5/25/2019,6310.100576,0,1,0,6310.100576
5/26/2019,7945.984122,0,1,0,7945.984122
5/27/2019,17943.71744,0,1,0,17943.71744
5/28/2019,16156.83951,0,1,0,16156.83951
5/29/2019,9436.903035,0,1,0,9436.903035
5/30/2019,7234.320553,0,1,0,7234.320553
5/31/2019,4049.995524,0,1,0,4049.995524
6/1/2019,14167.93506,0,1,0,14167.93506
6/2/2019,4162.889582,0,1,0,4162.889582
6/3/2019,8686.463113,0,1,0,8686.463113
6/4/2019,17632.53299,0,1,0,17632.53299
6/5/2019,10142.20989,0,1,0,10142.20989
6/6/2019,9837.406219,0,1,0,9837.406219
6/7/2019,17112.03176,0,1,0,17112.03176
6/8/2019,15159.28202,0,1,0,15159.28202
6/9/2019,14653.10813,0,1,0,14653.10813
6/10/2019,1739.99066,0,1,0,1739.99066
6/11/2019,10613.29993,0,1,0,10613.29993
6/12/2019,10709.89624,0,1,0,10709.89624
6/13/2019,16170.03498,0,1,0,16170.03498
6/14/2019,7808.751622,0,1,0,7808.751622
6/15/2019,2287.421006,0,1,0,2287.421006
6/16/2019,17061.6261,0,1,0,17061.6261
6/17/2019,17527.16772,0,1,0,17527.16772
6/18/2019,8730.925367,0,1,0,8730.925367
6/19/2019,9098.725127,0,1,0,9098.725127
6/20/2019,17150.1012,0,1,0,17150.1012
6/21/2019,13649.06077,0,1,0,13649.06077
6/22/2019,16851.09038,0,1,0,16851.09038
6/23/2019,14887.23911,0,1,0,14887.23911
6/24/2019,6141.794588,0,1,0,6141.794588
6/25/2019,2351.044027,0,1,0,2351.044027
6/26/2019,6980.244002,0,1,0,6980.244002
6/27/2019,14806.97706,0,1,0,14806.97706
6/28/2019,13589.2998,0,1,0,13589.2998
6/29/2019,5445.505508,0,1,0,5445.505508
6/30/2019,16451.88728,0,1,0,16451.88728
7/1/2019,10099.94964,0,1,0,10099.94964
7/2/2019,14675.61632,0,1,0,14675.61632
7/3/2019,14997.51197,0,1,0,14997.51197
7/4/2019,15625.65862,0,1,0,15625.65862
7/5/2019,12615.47918,0,1,0,12615.47918
7/6/2019,17554.9729,0,1,0,17554.9729
7/7/2019,16339.67086,0,1,0,16339.67086
7/8/2019,15294.37723,0,1,0,15294.37723
7/9/2019,10713.22575,0,1,0,10713.22575
7/10/2019,6795.661329,0,1,0,6795.661329
7/11/2019,6557.751936,0,1,0,6557.751936
7/12/2019,3972.004803,0,1,0,3972.004803
7/13/2019,4606.414384,0,1,0,4606.414384
7/14/2019,12028.76869,0,1,0,12028.76869
7/15/2019,11367.14388,0,1,0,11367.14388
7/16/2019,11221.25094,0,1,0,11221.25094
7/17/2019,15171.78018,0,1,0,15171.78018
7/18/2019,7082.237174,0,1,0,7082.237174
7/19/2019,13309.52218,0,1,0,13309.52218
7/20/2019,11625.89131,0,1,0,11625.89131
7/21/2019,13250.93878,0,1,0,13250.93878
7/22/2019,12597.64472,0,1,0,12597.64472
7/23/2019,7922.38459,0,1,0,7922.38459
7/24/2019,15779.23093,0,1,0,15779.23093
7/25/2019,13928.18275,0,1,0,13928.18275
7/26/2019,4890.865052,0,1,0,4890.865052
7/27/2019,7529.023017,0,1,0,7529.023017
7/28/2019,15264.97572,0,1,0,15264.97572
7/29/2019,4657.417256,0,1,0,4657.417256
7/30/2019,15294.3477,0,1,0,15294.3477
7/31/2019,16316.30034,0,1,0,16316.30034
8/1/2019,14363.39446,0,1,0,14363.39446
8/2/2019,12185.23764,0,1,0,12185.23764
8/3/2019,14884.48298,0,1,0,14884.48298
8/4/2019,9622.404293,0,1,0,9622.404293
8/5/2019,12180.16103,0,1,0,12180.16103
8/6/2019,13731.30142,0,1,0,13731.30142
8/7/2019,5586.152944,0,1,0,5586.152944
8/8/2019,12726.21207,0,1,0,12726.21207
8/9/2019,5291.885564,0,1,0,5291.885564
8/10/2019,13926.89382,0,1,0,13926.89382
8/11/2019,12538.5124,0,1,0,12538.5124
8/12/2019,12467.53872,0,1,0,12467.53872
8/13/2019,7692.706176,0,1,0,7692.706176
8/14/2019,11864.7927,0,1,0,11864.7927
8/15/2019,12931.02183,0,1,0,12931.02183
8/16/2019,7819.68803,0,1,0,7819.68803
8/17/2019,15107.73261,0,1,0,15107.73261
8/18/2019,12640.75845,0,1,0,12640.75845
8/19/2019,10579.34202,0,1,0,10579.34202
8/20/2019,5222.801401,0,1,0,5222.801401
8/21/2019,8323.806008,0,1,0,8323.806008
8/22/2019,6165.759171,0,1,0,6165.759171
8/23/2019,14686.42769,0,1,0,14686.42769
8/24/2019,13737.62658,0,1,0,13737.62658
8/25/2019,15438.64671,0,1,0,15438.64671
8/26/2019,9459.592629,0,1,0,9459.592629
8/27/2019,4762.558689,0,1,0,4762.558689
8/28/2019,5384.225125,0,1,0,5384.225125
8/29/2019,6417.552737,0,1,0,6417.552737
8/30/2019,5047.382024,0,1,0,5047.382024
8/31/2019,14804.28411,0,1,0,14804.28411
9/1/2019,1842.130586,0,1,0,1842.130586
9/2/2019,10415.59779,0,1,0,10415.59779
9/3/2019,10490.41971,0,1,0,10490.41971
9/4/2019,13820.40119,0,1,0,13820.40119
9/5/2019,11518.96628,0,1,0,11518.96628
9/6/2019,11537.15973,0,1,0,11537.15973
9/7/2019,5559.666512,0,1,0,5559.666512
9/8/2019,7115.781497,0,1,0,7115.781497
9/9/2019,6016.153043,0,1,0,6016.153043
9/10/2019,1274.676252,0,1,0,1274.676252
9/11/2019,6979.945837,0,1,0,6979.945837
9/12/2019,13634.01135,0,1,0,13634.01135
9/13/2019,990.7952676,0,1,0,990.7952676
9/14/2019,2692.51124,0,1,0,2692.51124
9/15/2019,12693.00815,0,1,0,12693.00815
9/16/2019,3267.834473,0,1,0,3267.834473
9/17/2019,3750.56423,0,1,0,3750.56423
9/18/2019,1440.659715,0,1,0,1440.659715
9/19/2019,7115.55654,0,1,0,7115.55654
9/20/2019,3792.875096,0,1,0,3792.875096
9/21/2019,12014.25282,0,1,0,12014.25282
9/22/2019,5826.069138,0,1,0,5826.069138
9/23/2019,5076.37694,0,1,0,5076.37694
9/24/2019,12503.22336,0,1,0,12503.22336
9/25/2019,1656.09502,0,1,0,1656.09502
9/26/2019,8170.096673,0,1,0,8170.096673
9/27/2019,882.2888941,0,1,0,882.2888941
9/28/2019,9134.530883,0,1,0,9134.530883
9/29/2019,7202.255257,0,1,0,7202.255257
9/30/2019,929.9559099,0,1,0,929.9559099
10/1/2019,2133.857989,0,1,0,2133.857989
10/2/2019,6396.910443,0,1,0,6396.910443
10/3/2019,1917.933629,0,1,0,1917.933629
10/4/2019,11935.78204,0,1,0,11935.78204
10/5/2019,7808.180753,0,1,0,7808.180753
10/6/2019,3636.023772,0,1,0,3636.023772
10/7/2019,4304.149417,0,1,0,4304.149417
10/8/2019,10913.69482,0,1,0,10913.69482
10/9/2019,10795.81162,0,1,0,10795.81162
10/10/2019,10784.61379,0,1,0,10784.61379
10/11/2019,8607.359081,0,1,0,8607.359081
10/12/2019,3021.391802,0,1,0,3021.391802
10/13/2019,3748.79606,0,1,0,3748.79606
10/14/2019,3194.840835,0,1,0,3194.840835
10/15/2019,2014.60807,0,1,0,2014.60807
10/16/2019,1569.423673,0,1,0,1569.423673
10/17/2019,4746.916636,0,1,0,4746.916636
10/18/2019,3284.78882,0,1,0,3284.78882
10/19/2019,3960.71433,0,1,0,3960.71433
10/20/2019,1527.603607,0,1,0,1527.603607
10/21/2019,4574.186183,0,1,0,4574.186183
10/22/2019,4510.434178,0,1,0,4510.434178
10/23/2019,1851.08538,0,1,0,1851.08538
10/24/2019,2472.609228,0,1,0,2472.609228
10/25/2019,6617.559143,0,1,0,6617.559143
10/26/2019,5836.58915,0,1,0,5836.58915
10/27/2019,2114.597277,0,1,0,2114.597277
10/28/2019,1667.578508,0,1,0,1667.578508
10/29/2019,5269.237746,0,1,0,5269.237746
10/30/2019,5756.498096,0,1,0,5756.498096
10/31/2019,7564.014346,0,1,0,7564.014346
11/1/2019,4204.015728,0,1,0,4204.015728
11/2/2019,2272.102354,0,1,0,2272.102354
11/3/2019,3281.20389,0,1,0,3281.20389
11/4/2019,6217.49534,0,1,0,6217.49534
11/5/2019,6574.529366,0,1,0,6574.529366
11/6/2019,4323.573145,0,1,0,4323.573145
11/7/2019,6120.686193,0,1,0,6120.686193
11/8/2019,5892.691996,0,1,0,5892.691996
11/9/2019,4199.987177,0,1,0,4199.987177
11/10/2019,7070.683043,0,1,0,7070.683043
11/11/2019,7276.412366,0,1,0,7276.412366
11/12/2019,5744.130812,0,1,0,5744.130812
11/13/2019,5064.518781,0,1,0,5064.518781
11/14/2019,3234.382624,0,1,0,3234.382624
11/15/2019,6584.882516,0,1,0,6584.882516
11/16/2019,5657.776741,0,1,0,5657.776741
11/17/2019,2516.951901,0,1,0,2516.951901
11/18/2019,2220.10039,0,1,0,2220.10039
11/19/2019,2200.136472,0,1,0,2200.136472
11/20/2019,4338.014065,0,1,0,4338.014065
11/21/2019,2954.355897,0,1,0,2954.355897
11/22/2019,6759.713958,0,1,0,6759.713958
11/23/2019,2484.760968,0,1,0,2484.760968
11/24/2019,2189.348494,0,1,0,2189.348494
11/25/2019,2439.754699,0,1,0,2439.754699
11/26/2019,3557.608859,0,1,0,3557.608859
11/27/2019,1402.48533,0,1,0,1402.48533
11/28/2019,3128.294379,0,1,0,3128.294379
11/29/2019,3373.298239,0,1,0,3373.298239
11/30/2019,6588.686288,0,1,0,6588.686288
12/1/2019,6806.666351,0,1,0,6806.666351
12/2/2019,6013.539951,0,1,0,6013.539951
12/3/2019,2947.703667,0,1,0,2947.703667
12/4/2019,4348.753977,0,1,0,4348.753977
12/5/2019,5460.923185,0,1,0,5460.923185
12/6/2019,3800.984298,0,1,0,3800.984298
12/7/2019,3270.390313,0,1,0,3270.390313
12/8/2019,1162.66568,0,1,0,1162.66568
12/9/2019,4220.660504,0,1,0,4220.660504
12/10/2019,5687.083681,0,1,0,5687.083681
12/11/2019,5779.43926,0,1,0,5779.43926
12/12/2019,5357.514525,0,1,0,5357.514525
12/13/2019,6045.957938,0,1,0,6045.957938
12/14/2019,3669.757307,0,1,0,3669.757307
12/15/2019,6228.185596,0,1,0,6228.185596
12/16/2019,4238.601888,0,1,0,4238.601888
12/17/2019,3455.66423,0,1,0,3455.66423
12/18/2019,6193.473417,0,1,0,6193.473417
12/19/2019,4992.210492,0,1,0,4992.210492
12/20/2019,4966.048794,0,1,0,4966.048794
12/21/2019,1729.002181,0,1,0,1729.002181
12/22/2019,2844.612432,0,1,0,2844.612432
12/23/2019,1757.369909,0,1,0,1757.369909
12/24/2019,2582.929451,0,1,0,2582.929451
12/25/2019,4008.125921,0,1,0,4008.125921
12/26/2019,1964.623412,0,1,0,1964.623412
12/27/2019,1745.906928,0,1,0,1745.906928
12/28/2019,1766.511367,0,1,0,1766.511367
12/29/2019,824.2226584,0,1,0,824.2226584
12/30/2019,1177.586534,0,1,0,1177.586534
12/31/2019,2805.832432,0,1,0,2805.832432
1/1/2020,3938.037927,0,1,0,3938.037927
1/2/2020,1511.708503,0,1,0,1511.708503
1/3/2020,2818.008865,0,1,0,2818.008865
1/4/2020,2450.958041,0,1,0,2450.958041
1/5/2020,2639.917634,0,1,0,2639.917634
1/6/2020,1732.12298,0,1,0,1732.12298
1/7/2020,2387.979618,0,1,0,2387.979618
1/8/2020,6126.864206,0,1,0,6126.864206
1/9/2020,1493.696088,0,1,0,1493.696088
1/10/2020,1948.675147,0,1,0,1948.675147
1/11/2020,6869.382113,0,1,0,6869.382113
1/12/2020,4448.243912,0,1,0,4448.243912
1/13/2020,4170.031907,0,1,0,4170.031907
1/14/2020,1838.564852,0,1,0,1838.564852
1/15/2020,4649.660484,0,1,0,4649.660484
1/16/2020,6352.240386,0,1,0,6352.240386
1/17/2020,5579.620564,0,1,0,5579.620564
1/18/2020,1073.660725,0,1,0,1073.660725
1/19/2020,6771.645681,0,1,0,6771.645681
1/20/2020,7628.549126,0,1,0,7628.549126
1/21/2020,4307.992422,0,1,0,4307.992422
1/22/2020,1907.023038,0,1,0,1907.023038
1/23/2020,3846.544524,0,1,0,3846.544524
1/24/2020,4133.723225,0,1,0,4133.723225
1/25/2020,2535.742492,0,1,0,2535.742492
1/26/2020,3416.413023,0,1,0,3416.413023
1/27/2020,3474.942765,0,1,0,3474.942765
1/28/2020,6847.363045,0,1,0,6847.363045
1/29/2020,8006.972446,0,1,0,8006.972446
1/30/2020,3431.694812,0,1,0,3431.694812
1/31/2020,2818.041982,0,1,0,2818.041982
2/1/2020,2997.466504,0,1,0,2997.466504
2/2/2020,5823.41135,0,1,0,5823.41135
2/3/2020,3320.878331,0,1,0,3320.878331
2/4/2020,3968.633188,0,1,0,3968.633188
2/5/2020,5124.712024,0,1,0,5124.712024
2/6/2020,8568.290424,0,1,0,8568.290424
2/7/2020,8697.297918,0,1,0,8697.297918
2/8/2020,6809.14136,0,1,0,6809.14136
2/9/2020,4099.546766,0,1,0,4099.546766
2/10/2020,8140.553176,0,1,0,8140.553176
2/11/2020,7995.324104,0,1,0,7995.324104
2/12/2020,5590.855548,0,1,0,5590.855548
2/13/2020,10234.174,0,1,0,10234.174
2/14/2020,10164.54201,0,1,0,10164.54201
2/15/2020,3672.584591,0,1,0,3672.584591
2/16/2020,8636.829129,0,1,0,8636.829129
2/17/2020,8234.525389,0,1,0,8234.525389
2/18/2020,5916.460755,0,1,0,5916.460755
2/19/2020,9508.584047,0,1,0,9508.584047
2/20/2020,9251.948204,0,1,0,9251.948204
2/21/2020,10279.34563,0,1,0,10279.34563
2/22/2020,9450.037123,0,1,0,9450.037123
2/23/2020,6932.629524,0,1,0,6932.629524
2/24/2020,8080.603746,0,1,0,8080.603746
2/25/2020,6704.621842,0,1,0,6704.621842
2/26/2020,7520.09212,0,1,0,7520.09212
2/27/2020,5958.363772,0,1,0,5958.363772
2/28/2020,4619.748088,0,1,0,4619.748088
3/1/2020,7630.178142,0,1,0,7630.178142
3/2/2020,4978.428146,0,1,0,4978.428146
3/3/2020,9939.775942,0,1,0,9939.775942
3/4/2020,5032.853432,0,1,0,5032.853432
3/5/2020,10639.94304,0,1,0,10639.94304
3/6/2020,12768.77967,0,1,0,12768.77967
3/7/2020,7397.84118,0,1,0,7397.84118
3/8/2020,5504.006502,0,1,0,5504.006502
3/9/2020,7015.529963,0,1,0,7015.529963
3/10/2020,12431.3812,0,1,0,12431.3812
3/11/2020,11108.91173,0,1,0,11108.91173
3/12/2020,3886.172872,0,1,0,3886.172872
3/13/2020,8710.02242,0,1,0,8710.02242
3/14/2020,13846.44822,0,1,0,13846.44822
3/15/2020,13569.13854,0,1,0,13569.13854
3/16/2020,6859.199749,0,1,0,6859.199749
3/17/2020,9454.743297,0,1,0,9454.743297
3/18/2020,13521.82641,0,1,0,13521.82641
3/19/2020,8430.652149,0,1,0,8430.652149
3/20/2020,13139.09751,0,1,0,13139.09751
3/21/2020,14677.73708,0,1,0,14677.73708
3/22/2020,14643.19438,0,1,0,14643.19438
3/23/2020,8192.595175,0,1,0,8192.595175
3/24/2020,13513.4322,0,1,0,13513.4322
3/25/2020,4167.171245,0,1,0,4167.171245
3/26/2020,14603.99918,0,1,0,14603.99918
3/27/2020,14245.49579,0,1,0,14245.49579
3/28/2020,14563.02514,0,1,0,14563.02514
3/29/2020,7153.305528,0,1,0,7153.305528
3/30/2020,13657.72431,0,1,0,13657.72431
3/31/2020,12588.47571,0,1,0,12588.47571
4/1/2020,15567.15316,0,1,0,15567.15316
4/2/2020,15042.60088,0,1,0,15042.60088
4/3/2020,14326.64781,0,1,0,14326.64781
4/4/2020,9534.822639,0,1,0,9534.822639
4/5/2020,15690.19777,0,1,0,15690.19777
4/6/2020,15523.90424,0,1,0,15523.90424
4/7/2020,15119.49807,0,1,0,15119.49807
4/8/2020,8769.308902,0,1,0,8769.308902
4/9/2020,14159.04097,0,1,0,14159.04097
4/10/2020,11414.07882,0,1,0,11414.07882
4/11/2020,13138.93327,0,1,0,13138.93327
4/12/2020,14167.0092,0,1,0,14167.0092
4/13/2020,11366.72771,0,1,0,11366.72771
4/14/2020,14473.14694,0,1,0,14473.14694
4/15/2020,15105.22098,0,1,0,15105.22098
4/16/2020,14015.98679,0,1,0,14015.98679
4/17/2020,16583.14137,0,1,0,16583.14137
4/18/2020,10702.22353,0,1,0,10702.22353
4/19/2020,16799.5324,0,1,0,16799.5324
4/20/2020,12368.13911,0,1,0,12368.13911
4/21/2020,15890.08036,0,1,0,15890.08036
4/22/2020,17593.2106,0,1,0,17593.2106
4/23/2020,16989.56219,0,1,0,16989.56219
4/24/2020,13108.96236,0,1,0,13108.96236
4/25/2020,13736.63012,0,1,0,13736.63012
4/26/2020,17697.1429,0,1,0,17697.1429
4/27/2020,17728.09071,0,1,0,17728.09071
4/28/2020,17154.82575,0,1,0,17154.82575
4/29/2020,14349.64479,0,1,0,14349.64479
4/30/2020,16153.88426,0,1,0,16153.88426
5/1/2020,16909.03226,0,1,0,16909.03226
5/2/2020,9579.769503,0,1,0,9579.769503
5/3/2020,11926.02096,0,1,0,11926.02096
5/4/2020,17317.83406,0,1,0,17317.83406
5/5/2020,17816.05537,0,1,0,17816.05537
5/6/2020,12239.93611,0,1,0,12239.93611
5/7/2020,15101.23755,0,1,0,15101.23755
5/8/2020,11321.7145,0,1,0,11321.7145
5/9/2020,14302.22492,0,1,0,14302.22492
5/10/2020,11778.60811,0,1,0,11778.60811
5/11/2020,17753.65414,0,1,0,17753.65414
5/12/2020,18039.71619,0,1,0,18039.71619
5/13/2020,18191.54648,0,1,0,18191.54648
5/14/2020,11465.82705,0,1,0,11465.82705
5/15/2020,9284.727488,0,1,0,9284.727488
5/16/2020,8707.060037,0,1,0,8707.060037
5/17/2020,17197.25533,0,1,0,17197.25533
5/18/2020,15090.64634,0,1,0,15090.64634
5/19/2020,17578.00297,0,1,0,17578.00297
5/20/2020,16972.72869,0,1,0,16972.72869
5/21/2020,15984.46325,0,1,0,15984.46325
5/22/2020,17304.54218,0,1,0,17304.54218
5/23/2020,16075.52019,0,1,0,16075.52019
5/24/2020,12706.41042,0,1,0,12706.41042
5/25/2020,9098.392013,0,1,0,9098.392013
5/26/2020,3110.347287,0,1,0,3110.347287
5/27/2020,6227.229609,0,1,0,6227.229609
5/28/2020,6381.307955,0,1,0,6381.307955
5/29/2020,3991.66401,0,1,0,3991.66401
5/30/2020,7610.548566,0,1,0,7610.548566
5/31/2020,11527.10031,0,1,0,11527.10031
6/1/2020,10058.63985,0,1,0,10058.63985
6/2/2020,2944.966427,0,1,0,2944.966427
6/3/2020,3866.353261,0,1,0,3866.353261
6/4/2020,8791.657855,0,1,0,8791.657855
6/5/2020,11472.17602,0,1,0,11472.17602
6/6/2020,4914.983775,0,1,0,4914.983775
6/7/2020,4873.386111,0,1,0,4873.386111
6/8/2020,2923.321776,0,1,0,2923.321776
6/9/2020,9210.652449,0,1,0,9210.652449
6/10/2020,2497.373427,0,1,0,2497.373427
6/11/2020,3136.142813,0,1,0,3136.142813
6/12/2020,14637.73667,0,1,0,14637.73667
6/13/2020,18045.08436,0,1,0,18045.08436
6/14/2020,17770.83303,0,1,0,17770.83303
6/15/2020,17561.37808,0,1,0,17561.37808
6/16/2020,7904.719594,0,1,0,7904.719594
6/17/2020,16188.29464,0,1,0,16188.29464
6/18/2020,17425.988,0,1,0,17425.988
6/19/2020,12645.50812,0,1,0,12645.50812
6/20/2020,4084.625675,0,1,0,4084.625675
6/21/2020,9282.210422,0,1,0,9282.210422
6/22/2020,2880.892162,0,1,0,2880.892162
6/23/2020,4026.456477,0,1,0,4026.456477
6/24/2020,4663.810823,0,1,0,4663.810823
6/25/2020,4704.466409,0,1,0,4704.466409
6/26/2020,14527.16281,0,1,0,14527.16281
6/27/2020,14418.00172,0,1,0,14418.00172
6/28/2020,17380.17731,0,1,0,17380.17731
6/29/2020,17316.54719,0,1,0,17316.54719
6/30/2020,15944.59988,0,1,0,15944.59988
7/1/2020,16547.6061,0,1,0,16547.6061
7/2/2020,7815.814838,0,1,0,7815.814838
7/3/2020,16027.86615,0,1,0,16027.86615
7/4/2020,14092.91277,0,1,0,14092.91277
7/5/2020,17242.25312,0,1,0,17242.25312
7/6/2020,10440.52174,0,1,0,10440.52174
7/7/2020,14801.99687,0,1,0,14801.99687
7/8/2020,16250.63434,0,1,0,16250.63434
7/9/2020,6894.517856,0,1,0,6894.517856
7/10/2020,7817.892176,0,1,0,7817.892176
7/11/2020,7193.93259,0,1,0,7193.93259
7/12/2020,7185.861144,0,1,0,7185.861144
7/13/2020,17266.85491,0,1,0,17266.85491
7/14/2020,8195.610341,0,1,0,8195.610341
7/15/2020,16637.78347,0,1,0,16637.78347
7/16/2020,13577.07761,0,1,0,13577.07761
7/17/2020,15957.75566,0,1,0,15957.75566
7/18/2020,6879.795728,0,1,0,6879.795728
7/19/2020,7128.334088,0,1,0,7128.334088
7/20/2020,5295.880416,0,1,0,5295.880416
7/21/2020,13287.04307,0,1,0,13287.04307
7/22/2020,11081.04804,0,1,0,11081.04804
7/23/2020,16882.59826,0,1,0,16882.59826
7/24/2020,16644.64181,0,1,0,16644.64181
7/25/2020,7972.183864,0,1,0,7972.183864
7/26/2020,13723.03677,0,1,0,13723.03677
7/27/2020,16034.99446,0,1,0,16034.99446
7/28/2020,7753.112018,0,1,0,7753.112018
7/29/2020,5836.920208,0,1,0,5836.920208
7/30/2020,9226.665841,0,1,0,9226.665841
7/31/2020,16571.98793,0,1,0,16571.98793
8/1/2020,13505.63406,0,1,0,13505.63406
8/2/2020,8336.733017,0,1,0,8336.733017
8/3/2020,7182.597351,0,1,0,7182.597351
8/4/2020,3542.434509,0,1,0,3542.434509
8/5/2020,2854.898991,0,1,0,2854.898991
8/6/2020,14023.73377,0,1,0,14023.73377
8/7/2020,15682.52444,0,1,0,15682.52444
8/8/2020,7782.53384,0,1,0,7782.53384
8/9/2020,14499.00986,0,1,0,14499.00986
8/10/2020,6153.044024,0,1,0,6153.044024
8/11/2020,16015.42336,0,1,0,16015.42336
8/12/2020,14835.00213,0,1,0,14835.00213
8/13/2020,15463.54262,0,1,0,15463.54262
8/14/2020,14171.74763,0,1,0,14171.74763
8/15/2020,10723.64189,0,1,0,10723.64189
8/16/2020,13095.1371,0,1,0,13095.1371
8/17/2020,10551.99376,0,1,0,10551.99376
8/18/2020,5348.102867,0,1,0,5348.102867
8/19/2020,12723.49398,0,1,0,12723.49398
8/20/2020,10352.4817,0,1,0,10352.4817
8/21/2020,13481.75101,0,1,0,13481.75101
8/22/2020,11269.63081,0,1,0,11269.63081
8/23/2020,12898.75824,0,1,0,12898.75824
8/24/2020,4237.177879,0,1,0,4237.177879
8/25/2020,10096.57704,0,1,0,10096.57704
8/26/2020,9180.570772,0,1,0,9180.570772
8/27/2020,2936.845798,0,1,0,2936.845798
8/28/2020,10602.22292,0,1,0,10602.22292
8/29/2020,2404.130823,0,1,0,2404.130823
8/30/2020,12334.88128,0,1,0,12334.88128
8/31/2020,9272.148863,0,1,0,9272.148863
9/1/2020,12055.85902,0,1,0,12055.85902
9/2/2020,6954.164645,0,1,0,6954.164645
9/3/2020,2795.491822,0,1,0,2795.491822
9/4/2020,7909.49714,0,1,0,7909.49714
9/5/2020,11162.16506,0,1,0,11162.16506
9/6/2020,2930.718259,0,1,0,2930.718259
9/7/2020,5589.925865,0,1,0,5589.925865
9/8/2020,7138.381932,0,1,0,7138.381932
9/9/2020,5217.09025,0,1,0,5217.09025
9/10/2020,11265.29863,0,1,0,11265.29863
9/11/2020,13198.19027,0,1,0,13198.19027
9/12/2020,5661.953749,0,1,0,5661.953749
9/13/2020,6591.496688,0,1,0,6591.496688
9/14/2020,12783.28411,0,1,0,12783.28411
9/15/2020,2069.135949,0,1,0,2069.135949
9/16/2020,5012.230533,0,1,0,5012.230533
9/17/2020,11944.93471,0,1,0,11944.93471
9/18/2020,7109.955068,0,1,0,7109.955068
9/19/2020,7935.894818,0,1,0,7935.894818
9/20/2020,8470.267319,0,1,0,8470.267319
9/21/2020,8500.766944,0,1,0,8500.766944
9/22/2020,3827.934888,0,1,0,3827.934888
9/23/2020,6319.409614,0,1,0,6319.409614
9/24/2020,10170.33832,0,1,0,10170.33832
9/25/2020,4496.992428,0,1,0,4496.992428
9/26/2020,8311.712705,0,1,0,8311.712705
9/27/2020,5558.93541,0,1,0,5558.93541
9/28/2020,1576.988212,0,1,0,1576.988212
9/29/2020,2871.367374,0,1,0,2871.367374
9/30/2020,1914.8513,0,1,0,1914.8513
10/1/2020,4143.898191,0,1,0,4143.898191
10/2/2020,3365.60871,0,1,0,3365.60871
10/3/2020,1966.471424,0,1,0,1966.471424
10/4/2020,11918.52922,0,1,0,11918.52922
10/5/2020,2548.058773,0,1,0,2548.058773
10/6/2020,3964.920539,0,1,0,3964.920539
10/7/2020,5186.945384,0,1,0,5186.945384
10/8/2020,5320.678103,0,1,0,5320.678103
10/9/2020,711.5360855,0,1,0,711.5360855
10/10/2020,2566.450314,0,1,0,2566.450314
10/11/2020,10948.62913,0,1,0,10948.62913
10/12/2020,9361.055486,0,1,0,9361.055486
10/13/2020,8421.065154,0,1,0,8421.065154
10/14/2020,8197.586663,0,1,0,8197.586663
10/15/2020,1322.368153,0,1,0,1322.368153
10/16/2020,4163.421449,0,1,0,4163.421449
10/17/2020,4168.330372,0,1,0,4168.330372
10/18/2020,3831.035114,0,1,0,3831.035114
10/19/2020,5662.857335,0,1,0,5662.857335
10/20/2020,9975.78355,0,1,0,9975.78355
10/21/2020,2769.543143,0,1,0,2769.543143
10/22/2020,5291.736604,0,1,0,5291.736604
10/23/2020,3525.194479,0,1,0,3525.194479
10/24/2020,6901.680482,0,1,0,6901.680482
10/25/2020,5218.35586,0,1,0,5218.35586
10/26/2020,5088.596944,0,1,0,5088.596944
10/27/2020,1919.324622,0,1,0,1919.324622
10/28/2020,1120.006928,0,1,0,1120.006928
10/29/2020,9855.903267,0,1,0,9855.903267
10/30/2020,8740.001399,0,1,0,8740.001399
10/31/2020,2480.758536,0,1,0,2480.758536
11/1/2020,801.8554928,0,1,0,801.8554928
11/2/2020,1310.204937,0,1,0,1310.204937
11/3/2020,3142.023824,0,1,0,3142.023824
11/4/2020,3294.651987,0,1,0,3294.651987
11/5/2020,2996.625897,0,1,0,2996.625897
11/6/2020,3962.019035,0,1,0,3962.019035
11/7/2020,1943.670295,0,1,0,1943.670295
11/8/2020,5846.80899,0,1,0,5846.80899
11/9/2020,4514.045806,0,1,0,4514.045806
11/10/2020,766.5421646,0,1,0,766.5421646
11/11/2020,3242.488278,0,1,0,3242.488278
11/12/2020,2403.797544,0,1,0,2403.797544
11/13/2020,1797.489783,0,1,0,1797.489783
11/14/2020,6654.364118,0,1,0,6654.364118
11/15/2020,762.6046643,0,1,0,762.6046643
11/16/2020,4744.953786,0,1,0,4744.953786
11/17/2020,3308.402054,0,1,0,3308.402054
11/18/2020,3003.43896,0,1,0,3003.43896
11/19/2020,4016.043392,0,1,0,4016.043392
11/20/2020,2309.40045,0,1,0,2309.40045
11/21/2020,4982.611508,0,1,0,4982.611508
11/22/2020,2651.99751,0,1,0,2651.99751
11/23/2020,2764.594689,0,1,0,2764.594689
11/24/2020,3855.21989,0,1,0,3855.21989
11/25/2020,2114.950203,0,1,0,2114.950203
11/26/2020,1992.345206,0,1,0,1992.345206
11/27/2020,4474.417029,0,1,0,4474.417029
11/28/2020,1764.580544,0,1,0,1764.580544
11/29/2020,2134.391811,0,1,0,2134.391811
11/30/2020,3785.455626,0,1,0,3785.455626
12/1/2020,3365.020757,0,1,0,3365.020757
12/2/2020,6260.952375,0,1,0,6260.952375
12/3/2020,2093.070777,0,1,0,2093.070777
12/4/2020,2203.227163,0,1,0,2203.227163
12/5/2020,4294.435563,0,1,0,4294.435563
12/6/2020,1752.707286,0,1,0,1752.707286
12/7/2020,2134.083957,0,1,0,2134.083957
12/8/2020,1771.166189,0,1,0,1771.166189
12/9/2020,1960.104061,0,1,0,1960.104061
12/10/2020,1803.386398,0,1,0,1803.386398
12/11/2020,3401.270762,0,1,0,3401.270762
12/12/2020,4337.86926,0,1,0,4337.86926
12/13/2020,3512.417199,0,1,0,3512.417199
12/14/2020,2591.001934,0,1,0,2591.001934
12/15/2020,6446.646823,0,1,0,6446.646823
12/16/2020,1063.500057,0,1,0,1063.500057
12/17/2020,2267.255799,0,1,0,2267.255799
12/18/2020,3608.187984,0,1,0,3608.187984
12/19/2020,2206.693802,0,1,0,2206.693802
12/20/2020,1872.673085,0,1,0,1872.673085
12/21/2020,1872.739522,0,1,0,1872.739522
12/22/2020,2656.482912,0,1,0,2656.482912
12/23/2020,922.2145063,0,1,0,922.2145063
12/24/2020,2194.167244,0,1,0,2194.167244
12/25/2020,3245.412327,0,1,0,3245.412327
12/26/2020,3805.844852,0,1,0,3805.844852
12/27/2020,1979.978958,0,1,0,1979.978958
12/28/2020,5282.530399,0,1,0,5282.530399
12/29/2020,6017.169549,0,1,0,6017.169549
12/30/2020,2921.660396,0,1,0,2921.660396
12/31/2020,1920.270424,0,1,0,1920.270424
