,ac_current__779,ac_power__773,ac_volts__778,ambient_temp__780,das_temperature__785,dc_neg_current__777,dc_neg_voltage__776,dc_pos_current__775,dc_pos_voltage__774,dc_power__772,inveter_temp__784,module_temp_1__781,module_temp_2__782,module_temp_3__783,poa_irradiance__771
2022-01-02 00:01:00,0.0,-9.05,118.3,-5.7296,-9.05,0.0,0.05224,0.0001399999999999,-0.00217,0.0,6.0815,-6.4187,-6.4798,-6.8845,-1.9775
2022-01-02 00:16:00,0.0,14.096,118.08,-5.4834,14.096,0.00087,0.05006,0.00101,-0.0217399999999999,2e-05,7.1863,-6.2204,-6.285,-6.6918,-2.0451
2022-01-02 00:31:00,0.0,-6.1563,118.25,-5.4549,-6.1563,0.0001399999999999,0.0435299999999999,0.00029,-0.00217,0.0,6.4339,-6.1505,-6.2166,-6.6467,-2.1464
2022-01-02 00:46:00,0.0,15.737,118.5,-5.1963,15.737,0.0,0.0478799999999999,0.0001399999999999,0.0,0.0,8.0312,-5.9059,-5.9703,-6.3822,-2.1463
2022-01-02 01:01:00,0.0,-8.47,118.21,-4.9812,-8.47,0.00029,0.04352,0.0,-0.00217,1e-05,6.7995,-5.7022,-5.7607,-6.1311,-1.8083
2022-01-02 01:16:00,0.0,-7.0352,118.3,-4.7677,-7.0352,0.0,0.0348199999999999,-0.0001399999999999,-0.00217,0.0,7.4347,-5.4755,-5.5225,-5.9321,-1.9941
2022-01-02 01:31:00,0.0,-3.2168,118.11,-4.712,-3.2168,0.0001399999999999,0.0369999999999999,0.0001399999999999,0.00217,0.0,7.9847,-5.3714,-5.4098,-5.8279,-2.0109
2022-01-02 01:46:00,0.0,-13.421,118.55,-3.2676,-13.421,0.0,0.04352,-0.00029,0.0043499999999999,0.0,7.6303,-4.4072,-4.3902,-4.8478,-1.7236
2022-01-02 02:01:00,0.0,-1.3188,118.37,-3.386,-1.3188,0.0,0.03264,-0.0001399999999999,0.0065199999999999,0.0,7.937999999999999,-4.1609,-4.1574,-4.534,-1.6221
2022-01-02 02:16:00,0.0,-1.8279,118.45,-3.078,-1.8279,0.0001399999999999,0.03046,-0.0001399999999999,0.0,0.0,8.433199999999998,-3.9174,-3.8961,-4.2539,-1.639
2022-01-02 02:31:00,0.0,0.39334,118.12,-2.3243,0.39334,0.0004299999999999,0.03046,0.00029,-0.0065199999999999,0.0,7.9714,-3.278,-3.2392,-3.6354,-1.6897
2022-01-02 02:46:00,0.0,0.0,118.39,-2.1294,0.0,0.0001399999999999,0.03264,0.00029,-0.0043499999999999,0.0,8.1792,-2.8847,-2.8472,-3.2446,-1.6051
2022-01-02 03:01:00,0.0,-15.433,118.39,-2.3429,-15.433,0.0,0.03481,0.0,0.0,0.0,7.6455,-3.1362,-3.0985,-3.4707,-2.3654
2022-01-02 03:16:00,0.0,-4.8125,117.4,-2.2079,-4.8125,0.00029,0.03046,0.00029,-0.0086899999999999,0.0,8.1925,-3.2442,-3.2081,-3.5673,-2.0275
2022-01-02 03:31:00,0.0,1.2724,117.38,-1.9196,1.2724,0.00072,0.0326299999999999,0.00087,-0.0086899999999999,0.0,9.0706,-2.9057,-2.8652,-3.2304,-1.757
2022-01-02 03:46:00,0.0,2.429,117.9,-1.6196,2.429,0.0,0.02828,-0.00072,0.00217,0.0,8.974999999999998,-2.5325,-2.4712,-2.8196,-1.8077
2022-01-02 04:01:00,0.0,-8.8603,117.66,-1.1633,-8.8603,0.0,0.02611,-0.0001399999999999,-0.00217,0.0,8.7353,-2.2035,-2.1497,-2.4513,-1.757
2022-01-02 04:16:00,0.0,-15.083,117.21,-1.35,-15.083,0.0001399999999999,0.02611,0.0001399999999999,0.0,0.0,8.6696,-1.9976,-1.9454,-2.3098,-1.8413
2022-01-02 04:31:00,0.0,-23.088,117.53,-1.6205,-23.088,0.0,0.04351,-0.00029,0.00217,0.0,8.1814,-2.0016,-1.957,-2.3489,-1.7231
2022-01-02 04:46:00,0.0,-15.546,117.62,-2.0379,-15.546,0.00029,0.0369799999999999,0.0,0.0,0.0,9.0978,-2.2506,-2.2343,-2.5559,-1.6217
2022-01-02 05:01:00,0.0,-10.039,117.3,-1.8432,-10.039,0.0,0.0347999999999999,-0.0001399999999999,-0.00217,0.0,9.144,-2.3432,-2.3234,-2.6586,-1.7062
2022-01-02 05:16:00,0.0,8.2811,116.87,-1.649,8.2811,0.0004299999999999,0.02828,0.0012999999999999,-0.01738,-2e-05,9.7735,-2.296,-2.2826,-2.6301,-1.8243
2022-01-02 05:31:00,0.0,0.13844,117.74,-1.97,0.13844,0.0,0.0261,-0.00058,-0.00434,0.0,9.6949,-2.3295,-2.2967,-2.6799,-1.8243
2022-01-02 05:46:00,0.0,-2.4287,117.25,-1.8681,-2.4287,0.00029,0.03045,-0.0001399999999999,-0.00217,0.0,9.8652,-2.4024,-2.3815,-2.7571,-1.7736
2022-01-02 06:01:00,0.0,-8.9745,117.29,-1.5005,-8.9745,0.0001399999999999,0.0347999999999999,0.0,0.0,0.0,9.9172,-2.1069,-2.0597,-2.467,-1.7228
2022-01-02 06:16:00,0.0,-2.0123,117.45,-1.3403,-2.0123,0.0,0.0369799999999999,0.0,-0.00217,0.0,10.533,-1.9062,-1.8528,-2.2495,-1.6552
2022-01-02 06:31:00,0.0,-6.5688,117.44,-1.5076,-6.5688,-0.0001399999999999,0.10875,0.0001399999999999,0.0,-2e-05,10.312,-1.9186,-1.8652,-2.2808,-1.7565
2022-01-02 06:46:00,0.0,-5.1806,117.21,-1.3135,-5.1806,0.0001399999999999,1.4811,-0.0001399999999999,2.2004,-0.00018,10.239,-1.8312,-1.7686,-2.198,-1.841
2022-01-02 07:01:00,0.0,-16.629,117.0,-1.407,-16.629,-0.00029,21.053,-0.00029,38.601,-0.01702,10.184,-1.8569,-1.8048,-2.2413,-1.2667
2022-01-02 07:16:00,0.0,-17.184,117.07,-1.2655,-17.184,-0.00029,82.327,-0.00029,119.32,-0.0585,10.272,-1.7922,-1.7268,-2.1904,2.4321
2022-01-02 07:31:00,0.0,-20.374,117.08,-0.8099699999999999,-20.374,0.0688,123.11,-0.00029,240.25,8.310399999999998,10.317,-1.4402,-1.3256,-1.8738,145.65
2022-01-02 07:46:00,0.0,-19.079,117.28,-0.37484,-19.079,0.05623,252.87,-0.0001399999999999,272.85,14.178,10.681,-1.0138,-0.67763,-1.3526,274.49
2022-01-02 08:01:00,0.0,12.049,117.08,-0.55146,12.049,0.2166599999999999,198.95,0.4657,68.674,75.012,11.386,-0.6090499999999999,-0.15004,-0.8868599999999999,387.81
2022-01-02 08:16:00,0.0,9.7361,117.18,0.0306799999999999,9.7361,0.2861799999999999,198.84,0.76937,68.895,109.87,11.034,0.06973,0.36502,-0.13871,473.51
2022-01-02 08:31:00,0.0,86.557,117.32,0.70471,86.557,0.40799,183.83,1.2201,69.387,159.67,11.618,0.4767899999999999,5.7761,0.1729799999999999,565.59
2022-01-02 08:46:00,0.0,135.85,117.43,1.375,135.85,0.52098,188.37,1.5521,73.105,211.53,11.576,0.6203699999999999,8.812699999999998,0.6518899999999999,653.89
2022-01-02 09:01:00,0.0,240.63,117.15,1.7344,240.63,0.72704,169.73,2.5319,68.962,297.99,12.667,0.63841,8.860699999999998,0.48353,654.51
2022-01-02 09:16:00,0.0,308.86,117.51,1.9932,308.86,0.91297,164.16,3.7062,68.658,404.31,12.066,0.81384,11.819,0.6345,694.21
2022-01-02 09:31:00,0.0,549.56,117.47,2.5171,549.56,1.4521,184.12,5.629,68.286,651.67,12.799,2.7542,21.896,1.5989,842.5299999999999
2022-01-02 09:46:00,0.0,1226.3,117.5,3.0536,1226.3,3.2475,164.98,7.6498,106.56,1350.9,12.932,1.906,23.423,15.04,860.5
2022-01-02 10:01:00,0.0,1568.3,117.66,3.6308,1568.3,4.2703,169.79,12.453,81.453,1737.8,12.921,14.236,24.677,19.721,888.4199999999998
2022-01-02 10:16:00,0.0,2434.4,117.83,4.0887,2434.4,8.5882,162.72,13.976,88.59,2634.3,13.926,25.647,25.75,19.737,924.93
2022-01-02 10:31:00,0.0,4394.5,117.76,4.6489,4394.5,11.835,181.2,13.255,195.77,4739.0,14.145,32.285,29.777,29.393,980.04
2022-01-02 10:46:00,0.0,4839.5,117.7,5.4179,4839.5,13.651,178.38,13.413,204.47,5177.4,14.854,32.934,29.877,30.513,977.11
2022-01-02 11:01:00,0.0,5171.7,117.45,5.9734,5171.7,14.165,194.42,14.256,197.84,5573.9,14.965,33.572,32.319,32.352,1007.7
2022-01-02 11:16:00,0.0,5192.1,118.18,6.1245,5192.1,14.345,194.0,14.033,201.63,5612.1,14.608,33.617,33.071,32.974,999.68
2022-01-02 11:31:00,0.0,5201.1,118.0,6.5346,5201.1,14.385,193.8,14.262,198.25,5615.0,15.472,34.208,33.288,33.576,1007.7
2022-01-02 11:46:00,0.0,4248.3,118.32,6.9153,4248.3,14.267,192.52,16.251,119.52,4688.8,16.997,36.411,35.697,35.912,1002.9
2022-01-02 12:01:00,0.0,4940.0,117.66,7.4611,4940.0,13.788,191.77,14.036,191.19,5327.4,17.213,41.982,40.336,40.659,997.63
2022-01-02 12:16:00,0.0,4986.2,118.08,6.5111,4986.2,13.789,192.7,13.933,194.62,5368.4,17.017,39.684,37.989,36.956,980.13
2022-01-02 12:31:00,0.0,4790.8,117.82,5.6068,4790.8,13.22,194.26,13.403,195.36,5186.1,17.972,40.583,37.774,36.792,937.94
2022-01-02 12:46:00,0.0,4780.5,118.23,6.1752,4780.5,13.125,193.95,13.37,194.91,5151.2,17.725,41.489,38.918,38.43,939.41
2022-01-02 13:01:00,0.0,4659.4,118.35,7.063,4659.4,12.774,195.0,13.0,197.01,5051.8,17.866,39.069,37.214,36.427,903.32
2022-01-02 13:16:00,0.0,4633.8,118.36,7.7373,4633.8,12.634,195.79,12.521,201.31,4993.7,18.115,37.645,34.758,34.671,874.76
2022-01-02 13:31:00,0.0,4479.6,118.66,8.631399999999998,4479.6,12.218,196.77,11.99,203.17,4839.9,17.897,36.453,33.95,33.648,837.73
2022-01-02 13:46:00,0.0,4343.7,118.13,8.422399999999998,4343.7,11.764,198.55,11.38,205.6,4675.3,18.972,33.236,31.669,30.83,797.0599999999998
2022-01-02 14:01:00,0.0,4056.9,118.39,8.8627,4056.9,11.069,199.09,10.942,202.56,4420.0,18.458,34.939,33.692,32.899,752.5599999999998
2022-01-02 14:16:00,0.0,3889.3,119.06,8.8456,3889.3,10.424,200.6,10.111,209.25,4206.7,18.136,32.917,31.318,30.93,699.89
2022-01-02 14:31:00,0.0,3711.0,118.15,8.4351,3711.0,9.3076,213.86,9.0985,216.0,3955.7,19.643,27.166,25.031,24.764,633.92
2022-01-02 14:46:00,0.0,3336.1,118.46,8.2606,3336.1,8.198,219.88,8.0956,220.34,3586.2,19.037,25.413,24.023,23.78,558.88
2022-01-02 15:01:00,0.0,3231.0,118.05,8.1949,3231.0,7.7401,223.75,7.6228,223.79,3437.7,19.661,23.472,22.316,21.928,526.2
2022-01-02 15:16:00,0.0,2738.9,118.48,8.147,2738.9,6.5394,228.24,6.5406,226.64,2974.6,19.32,21.643,20.61,20.279,446.84
2022-01-02 15:31:00,0.0,2364.4,118.55,8.2237,2364.4,5.566,231.18,5.5046,229.68,2551.0,18.671,20.601,19.843,19.271,383.04
2022-01-02 15:46:00,0.0,1926.0,118.78,7.946799999999999,1926.0,4.4835,234.63,4.3772,235.55,2083.0,18.612,17.041,16.601,15.81,312.64
2022-01-02 16:01:00,0.0,1452.1,118.11,8.064899999999998,1452.1,3.3391,238.0,3.2214,237.45,1559.5,19.546,13.831,13.441,13.027,238.72
2022-01-02 16:16:00,0.0,572.46,118.23,7.6253,572.46,2.201,236.63,2.3972,71.245,691.61,19.087,10.39,10.307,10.234,164.08
2022-01-02 16:31:00,0.0,-18.677,117.79,5.7563,-18.677,0.1825199999999999,199.27,0.21138,61.969,49.568,19.848,3.49,3.6128,3.4719,9.7282
2022-01-02 16:46:00,0.0,-13.067,117.34,4.5375,-13.067,0.05512,211.68,0.0001399999999999,235.8,11.7,20.03,0.8084099999999999,1.2122,0.7715199999999999,2.6133
2022-01-02 17:01:00,0.0,-9.5344,117.06,3.1624,-9.5344,-0.0004299999999999,127.23,-0.00029,184.26,-0.1118,18.882,-0.33955,-0.0784399999999999,-0.3950299999999999,-2.1244
2022-01-02 17:16:00,0.0,-13.668,116.81,3.8568,-13.668,-0.0004299999999999,36.665,0.0004299999999999,50.317,0.00715,18.746,-0.17433,0.20497,-0.2937,-3.0858
2022-01-02 17:31:00,0.0,-3.7636,116.29,3.247,-3.7636,0.00115,2.1561,0.00173,2.1121,0.0061599999999999,19.03,-0.24956,0.14138,-0.5414999999999999,-3.5073
2022-01-02 17:46:00,0.0,-17.225,116.36,1.9018,-17.225,0.00029,0.44077,0.00144,-0.00867,0.00011,17.883,-1.4575,-1.0937,-1.6578,-3.6591
2022-01-02 18:01:00,0.0,-10.044,116.53,3.4964,-10.044,0.0001399999999999,0.27793,0.00087,0.00217,3e-05,18.125,-0.99702,-0.62004,-1.1536,-2.9342
2022-01-02 18:16:00,0.0,-1.5704,116.61,1.3025,-1.5704,0.00072,0.26712,0.00029,-0.00434,0.00019,17.996,-1.3785,-1.2234,-1.7541,-3.1538
2022-01-02 18:31:00,0.0,-1.7551,116.79,0.65885,-1.7551,-0.0001399999999999,0.2692899999999999,-0.00029,0.00434,-5e-05,17.727,-2.1726,-1.9982,-2.6569,-3.4573
2022-01-02 18:46:00,0.0,-3.9952,116.58,1.1559,-3.9952,-0.0001399999999999,0.2540899999999999,0.00058,-0.00651,-5e-05,17.513,-2.3985,-2.0843,-2.6961,-3.1876
2022-01-02 19:01:00,0.0,-17.415,116.78,0.95315,-17.415,0.0,0.2627999999999999,0.00058,0.00217,0.0,16.747,-2.973,-2.5394,-3.2791,-3.5927
2022-01-02 19:16:00,0.0,-20.257,116.75,0.87243,-20.257,0.00029,0.26282,0.00072,-0.00217,8e-05,16.651,-2.653,-2.341,-2.9578,-2.8001
2022-01-02 19:31:00,0.0,-6.0516,116.84,0.31573,-6.0516,0.0001399999999999,0.2715099999999999,-0.0001399999999999,-0.00217,3e-05,16.382,-3.224,-2.8029,-3.6147,-3.1881
2022-01-02 19:46:00,0.0,-29.519,116.8,-0.42196,-29.519,0.0,0.2606499999999999,0.00029,0.00651,0.0,15.436,-3.5918,-3.2344,-3.9236,-3.2893
2022-01-02 20:01:00,0.0,-3.0957,116.94,-0.45909,-3.0957,-0.0001399999999999,0.2758999999999999,0.00058,0.0,-5e-05,16.424,-4.2281,-3.829,-4.507,-3.3402
2022-01-02 20:16:00,0.0,-5.7986,116.95,0.0220899999999999,-5.7986,0.0,0.2780699999999999,0.0004299999999999,-0.00434,-1e-05,16.479,-3.921,-3.5653,-4.4506,-2.9356
2022-01-02 20:31:00,0.0,-7.577499999999999,117.01,-0.8859599999999999,-7.577499999999999,0.0,0.26721,0.0,0.00217,-2e-05,15.88,-4.5209,-4.3158,-4.8095,-3.0368
2022-01-02 20:46:00,0.0,14.231,117.09,-0.2021999999999999,14.231,0.0,0.2780699999999999,-0.00173,0.00434,0.0,15.932,-3.6034,-3.3235,-3.9505,-2.4127
2022-01-02 21:01:00,0.0,-30.337,117.03,0.3148599999999999,-30.337,0.0,0.26073,0.00058,0.0,0.0,14.302,-3.2079,-3.0126,-3.3359,-2.2272
2022-01-02 21:16:00,0.0,1.3401,116.42,-0.4837099999999999,1.3401,0.00029,0.24118,0.00116,-0.0238699999999999,4e-05,15.389,-4.1816,-3.6973,-4.2399,-2.5311
2022-01-02 21:31:00,0.0,-19.617,117.18,-0.1843299999999999,-19.617,0.0,0.2433599999999999,0.00087,0.01085,0.0,14.409,-4.2766,-3.7979,-4.2861,-3.0204
2022-01-02 21:46:00,0.0,-4.6905,117.29,-0.18822,-4.6905,0.0,0.25422,0.00029,0.00217,0.0,14.957,-3.6144,-3.5309,-3.6454,-2.5817
2022-01-02 22:01:00,0.0,-16.567,117.02,1.0074,-16.567,0.0004299999999999,0.2564,0.0,-0.00434,0.00011,13.861,-2.8329,-2.5281,-3.0603,-2.4975
2022-01-02 22:16:00,0.0,-11.091,116.85,2.058,-11.091,0.0,0.28466,0.00101,-0.00651,-1e-05,13.989,-1.367,-1.0043,-1.6974,-2.1432
2022-01-02 22:31:00,0.0,-4.0903,116.99,1.851,-4.0903,0.00029,0.33249,0.00058,-0.00217,8e-05,14.436,-0.73187,-0.5804099999999999,-1.194,-2.0926
2022-01-02 22:46:00,0.0,-12.872,117.29,1.105,-12.872,0.0,0.3368399999999999,0.00029,0.00434,0.0,13.949,-2.3115,-1.9838,-2.5672,-2.2613
2022-01-02 23:01:00,0.0,-6.3783,117.19,1.3026,-6.3783,0.00029,0.30425,0.00029,-0.00868,8e-05,13.915,-2.3235,-1.8483,-2.5354,-2.3288
2022-01-02 23:16:00,0.0,-17.587,117.18,1.5207,-17.587,0.0001399999999999,0.276,0.00101,-0.01085,3e-05,14.221,-2.0329,-1.6394,-2.2513,-2.4132
2022-01-02 23:31:00,0.0,-3.5127,117.66,1.9088,-3.5127,0.0,0.2803399999999999,0.0004299999999999,-0.00434,0.0,13.934,-1.4543,-1.1108,-1.751,-2.6327
2022-01-02 23:46:00,0.0,-27.848,117.91,1.0877,-27.848,0.00058,0.26079,0.00101,0.0,0.0001499999999999,13.884,-2.1525,-1.7668,-2.499,-3.0882
2022-01-03 00:01:00,0.0,-21.423,117.98,0.92433,-21.423,0.0,0.20863,0.0,0.0,0.0,14.041,-2.654,-2.3598,-2.8118,-2.7339
2022-01-03 00:16:00,0.0,-12.063,117.4,-0.1265699999999999,-12.063,0.00029,0.1869,0.00101,-0.00868,3e-05,13.656,-2.9869,-2.7571,-3.2464,-2.9026
2022-01-03 00:31:00,0.0,-5.8006,117.55,-0.91397,-5.8006,0.0001399999999999,0.1890699999999999,0.0004299999999999,-0.00217,2e-05,13.48,-3.9203,-3.53,-4.1606,-3.544
2022-01-03 00:46:00,0.0,-9.7062,117.77,-0.5292299999999999,-9.7062,0.0,0.19559,0.0001399999999999,0.0,0.0,13.611,-3.7149,-3.6205,-3.8384,-2.7847
2022-01-03 01:01:00,0.0,1.479,117.68,-0.09775,1.479,0.00029,0.18038,0.0001399999999999,-0.00651,3e-05,14.022,-4.003,-3.8519,-4.0228,-2.886
2022-01-03 01:16:00,0.0,-10.469,117.72,-2.6719,-10.469,0.0001399999999999,0.17168,0.00116,-0.00217,2e-05,13.507,-5.1883,-5.0991,-5.1002,-3.2235
2022-01-03 01:31:00,0.0,0.97062,117.83,-2.6695,0.97062,0.0001399999999999,0.1825499999999999,0.00029,-0.00434,0.0,13.174,-5.9869,-5.7029,-5.8246,-3.1562
2022-01-03 01:46:00,0.0,4.0905,118.11,-2.4706,4.0905,-0.0001399999999999,0.17169,-0.00087,0.00651,-3e-05,13.238,-5.7337,-5.3165,-5.8424,-2.2279
2022-01-03 02:01:00,0.0,-8.4364,117.96,-2.2964,-8.4364,0.00029,0.1716999999999999,0.00029,0.00434,4e-05,13.159,-6.0074,-5.6191,-6.0806,-2.6668
2022-01-03 02:16:00,0.0,0.3004,117.8,-2.4474,0.3004,0.0,0.1890999999999999,0.0004299999999999,-0.00868,0.0,13.392,-5.9423,-5.7387,-6.0715,-2.5317
2022-01-03 02:31:00,0.0,-11.719,117.86,-2.4427,-11.719,-0.00029,0.17823,0.00029,0.00217,-6e-05,12.911,-6.1471,-5.5024,-5.9677,-2.6163
2022-01-03 02:46:00,0.0,7.0497,118.13,-1.8093,7.0497,-0.00029,0.21953,-0.00116,0.00217,-6e-05,13.415,-5.9344,-5.2622,-6.2138,-2.5995
2022-01-03 03:01:00,0.0,-11.765,117.77,-1.5563,-11.765,0.0001399999999999,0.1804099999999999,0.0004299999999999,0.00217,2e-05,12.582,-5.182,-4.838,-5.4787,-2.1438
2022-01-03 03:16:00,0.0,-18.284,117.23,-2.0512,-18.284,0.0004299999999999,0.1978,0.00087,-0.00651,8e-05,12.715,-4.9763,-4.681,-5.3161,-2.5828
2022-01-03 03:31:00,0.0,-12.945,117.34,-1.3925,-12.945,-0.0001399999999999,0.20215,0.0004299999999999,-0.00434,-3e-05,12.503,-4.9241,-4.6904,-5.0658,-2.3802
2022-01-03 03:46:00,0.0,-25.358,117.47,-1.7071,-25.358,-0.00029,0.20652,0.0001399999999999,0.00217,-6e-05,12.101,-5.382,-4.9773,-5.5665,-2.6841
2022-01-03 04:01:00,0.0,1.849,117.3,0.69638,1.849,0.00058,0.21304,0.00029,-0.00434,0.0001299999999999,12.168,-2.6243,-2.3556,-2.7956,-1.5193
2022-01-03 04:16:00,0.0,0.3004899999999999,117.19,1.1196,0.3004899999999999,-0.00029,0.21087,0.0004299999999999,-0.00217,-8e-05,12.295,-3.2159,-2.7807,-3.2268,-1.3505
2022-01-03 04:31:00,0.0,5.1086,116.92,1.2507,5.1086,0.00058,0.2717399999999999,0.0001399999999999,-0.01303,0.0001499999999999,12.546,-2.6362,-2.1873,-2.8474,-2.4309
2022-01-03 04:46:00,0.0,-4.9235,116.91,0.90375,-4.9235,0.0001399999999999,0.3130299999999999,0.0001399999999999,-0.00217,4e-05,12.578,-2.8363,-2.3842,-2.9095,-2.5322
2022-01-03 05:01:00,0.0,2.3347,116.56,1.8017,2.3347,0.0001399999999999,0.40215,0.0004299999999999,-0.00868,4e-05,12.168,-1.946,-1.4322,-2.0287,-1.5362
2022-01-03 05:16:00,0.0,-11.766,116.5,1.5294,-11.766,0.0,0.5695,0.00029,0.00217,0.0,12.7,-1.8192,-1.3468,-2.1207,-2.0426
2022-01-03 05:31:00,0.0,-30.904,117.31,2.4381,-30.904,0.0,0.7303399999999999,0.00058,0.00434,0.0,12.846,-0.52209,-0.04755,-0.68564,-1.1986
2022-01-03 05:46:00,0.0,4.5765,117.34,2.3521,4.5765,0.00029,0.84552,-0.00101,0.00651,0.00024,12.867,-0.12279,0.1625099999999999,-0.4811199999999999,-1.6881
2022-01-03 06:01:00,0.0,-7.6969,116.89,2.551,-7.6969,0.0,0.91724,0.00072,-0.00868,-2e-05,12.448,0.2607499999999999,0.4995299999999999,-0.16205,-1.6543
2022-01-03 06:16:00,0.0,-25.379,117.31,2.7231,-25.379,0.0004299999999999,1.0455,-0.0001399999999999,0.15195,0.0004299999999999,12.962,0.59558,0.7669,0.1819699999999999,-1.6542
2022-01-03 06:31:00,0.0,7.6044,116.82,2.5013,7.6044,0.00029,2.4866,-0.0001399999999999,3.2691,0.00038,12.807,0.48118,0.69635,0.1358099999999999,-1.806
2022-01-03 06:46:00,0.0,-28.037,116.86,2.7097,-28.037,0.0001399999999999,17.53,0.00029,26.437,0.01038,12.928,0.57405,0.83493,0.28813,-1.2827
2022-01-03 07:01:00,0.0,-34.485,117.0,2.7793,-34.485,-0.0001399999999999,86.608,0.0004299999999999,103.0,0.03012,13.417,0.5181299999999999,0.74348,0.2237399999999999,-1.0971
2022-01-03 07:16:00,0.0,-3.3973,117.55,2.9355,-3.3973,0.0561899999999999,247.95,-0.00159,253.85,13.529,13.197,0.8644199999999999,1.1355,0.73597,11.95
2022-01-03 07:31:00,0.0,639.3,117.17,3.0152,639.3,1.8269,227.17,1.5871,216.6,756.09,13.765,3.4709,3.8624,3.5636,159.77
2022-01-03 07:46:00,0.0,276.6,117.17,3.0169,276.6,0.87673,241.5,1.0209,164.28,381.77,14.142,6.9691,7.0158,6.8558,64.069
2022-01-03 08:01:00,0.0,61.472,117.31,2.7386,61.472,0.4669599999999999,213.38,0.5084199999999999,65.298,132.67,12.801,2.2717,2.3895,2.1178,28.996
2022-01-03 08:16:00,0.0,147.16,117.24,3.1596,147.16,0.71092,222.59,0.68305,69.101,205.37,13.26,2.3535,2.6536,2.2715,45.956
2022-01-03 08:31:00,0.0,217.74,117.1,3.5773,217.74,0.98969,237.17,1.0804,67.446,307.55,14.386,3.3285,3.6748,3.2394,66.444
2022-01-03 08:46:00,0.0,319.75,117.21,2.5896,319.75,1.341,235.85,1.4252,69.509,415.37,13.964,3.639,4.0204,3.6586,87.807
2022-01-03 09:01:00,0.0,380.22,117.27,3.7397,380.22,1.5696,237.89,1.6836,68.795,489.22,14.081,4.9615,5.3613,5.0464,104.12
2022-01-03 09:16:00,0.0,420.36,117.49,4.5074,420.36,1.6753,238.94,1.7969,69.182,524.57,14.044,6.1245,6.5848,6.2979,110.28
2022-01-03 09:31:00,0.0,678.09,117.59,4.7783,678.09,2.5773,240.94,2.7903,67.794,810.01,14.335,7.935399999999999,8.617499999999998,8.2811,173.56
2022-01-03 09:46:00,0.0,2190.5,117.66,5.7891,2190.5,5.8584,240.22,6.3384,154.07,2383.1,14.757,14.457,14.93,14.919,398.03
2022-01-03 10:01:00,0.0,3008.6,117.76,6.9019,3008.6,7.1649,226.0,7.1431,225.25,3228.2,13.912,22.961,22.359,22.119,488.38
2022-01-03 10:16:00,0.0,4410.5,117.74,7.9272,4410.5,10.924,214.43,11.126,211.83,4698.5,15.225,30.048,28.666,28.381,775.26
2022-01-03 10:31:00,0.0,4922.0,117.66,9.25,4922.0,12.347,206.86,14.263,187.3,5224.1,16.256,43.658,41.85,40.847,1021.5
2022-01-03 10:46:00,0.0,4183.9,117.86,7.8391,4183.9,10.458,210.88,11.606,195.97,4477.5,16.112,40.441,38.032,38.135,806.9299999999998
2022-01-03 11:01:00,0.0,3664.5,117.79,7.437,3664.5,9.4813,206.36,9.4811,208.05,3928.3,16.431,35.148,32.188,32.562,651.67
2022-01-03 11:16:00,0.0,3594.2,118.17,7.0069,3594.2,9.1271,210.71,9.0592,214.61,3867.2,15.687,30.351,27.465,28.345,615.41
2022-01-03 11:31:00,0.0,3897.6,117.45,8.861399999999998,3897.6,9.6066,215.03,10.177,205.11,4152.1,17.539,34.376,32.414,32.769,687.55
2022-01-03 11:46:00,0.0,4025.4,117.98,10.203,4025.4,10.282,206.04,11.021,195.62,4273.4,18.607,41.88,41.09,39.622,759.44
2022-01-03 12:01:00,0.0,4572.1,118.42,10.818,4572.1,11.58,206.44,12.964,191.72,4874.5,17.199,43.75,43.319,41.119,922.86
2022-01-03 12:16:00,0.0,4360.2,118.15,11.471,4360.2,11.056,206.13,12.604,188.6,4654.2,17.925,45.466,45.13,42.693,887.9099999999999
2022-01-03 12:31:00,0.0,4604.8,118.1,11.151,4604.8,11.402,206.28,14.059,180.92,4894.0,19.444,49.899,48.731,46.588,1006.9
2022-01-03 12:46:00,0.0,4266.3,118.75,12.43,4266.3,10.678,207.4,13.734,181.42,4704.3,18.717,50.628,48.821,47.049,972.7600000000001
2022-01-03 13:01:00,0.0,4267.0,118.33,13.012,4267.0,10.448,207.28,13.322,181.64,4583.9,20.004,50.51,48.693,46.683,940.29
2022-01-03 13:16:00,0.0,4059.6,118.81,11.509,4059.6,10.261,207.07,12.882,174.68,4365.1,19.234,47.979,44.865,44.274,865.7899999999998
2022-01-03 13:31:00,0.0,4177.0,118.63,10.883,4177.0,10.485,207.26,12.293,190.35,4511.8,19.754,44.954,43.16,42.263,859.35
2022-01-03 13:46:00,0.0,3341.2,118.41,13.051,3341.2,9.9552,209.25,13.091,113.82,3564.9,21.093,44.475,43.043,41.645,814.34
2022-01-03 14:01:00,0.0,3125.2,118.77,13.144,3125.2,8.4966,207.27,9.646,167.31,3367.5,20.146,41.159,40.305,38.672,617.33
2022-01-03 14:16:00,0.0,3619.1,118.7,13.446,3619.1,9.353,205.97,9.6114,204.34,3889.9,20.381,37.501,37.028,35.193,663.51
2022-01-03 14:31:00,0.0,3063.7,118.53,13.494,3063.7,7.680799999999999,213.45,7.867,210.28,3293.5,20.907,33.599,33.747,32.01,538.52
2022-01-03 14:46:00,0.0,2402.1,118.5,13.259,2402.1,5.935,219.39,5.8791,219.46,2592.0,21.298,28.561,27.82,26.494,398.46
2022-01-03 15:01:00,0.0,1330.6,118.26,11.199,1330.6,3.2327,229.65,3.2107,224.69,1463.7,21.639,20.28,19.93,19.463,217.66
2022-01-03 15:16:00,0.0,782.1,118.69,11.0,782.1,2.7125,231.61,2.8786,89.524,885.9299999999998,21.362,17.077,16.929,16.524,181.36
2022-01-03 15:31:00,0.0,581.22,118.89,10.382,581.22,2.2223,237.89,2.5309,70.578,707.17,20.809,15.19,15.606,15.416,152.1
2022-01-03 15:46:00,0.0,495.93,118.23,9.4876,495.93,1.9568,231.36,2.1356,70.04,602.28,21.026,13.542,13.986,14.01,130.16
2022-01-03 16:01:00,0.0,1669.7,118.43,11.31,1669.7,4.1305,235.74,4.2837,194.78,1804.1,21.664,17.911,17.938,18.317,296.73
2022-01-03 16:16:00,0.0,1115.5,118.57,10.982,1115.5,2.7267,233.65,2.753,214.9,1227.8,21.269,15.821,15.543,15.389,200.48
2022-01-03 16:31:00,0.0,22.592,117.78,9.5782,22.592,0.37524,202.32,0.41809,67.146,104.06,22.274,8.6425,8.6812,8.4205,21.201
2022-01-03 16:46:00,0.0,3.5076,117.55,7.318399999999999,3.5076,0.0529299999999999,213.39,0.0,234.1,11.295,22.2,4.4741,4.8634,4.3357,2.0393
2022-01-03 17:01:00,0.0,-16.777,116.91,6.4688,-16.777,-0.0001399999999999,131.92,0.00101,170.42,0.14424,20.962,2.8854,3.2121,2.9816,-2.8314
2022-01-03 17:16:00,0.0,-7.1773,116.75,5.7965,-7.1773,0.0001399999999999,18.766,0.00029,27.75,0.01033,21.449,1.9874,2.5429,1.9544,-4.5336
2022-01-03 17:31:00,0.0,-7.5464,117.0,4.7095,-7.5464,0.0001399999999999,1.619,0.0,1.2744,0.00027,21.631,1.0637,1.3681,1.1186,-3.5729
2022-01-03 17:46:00,0.0,3.8079,117.03,3.9277,3.8079,-0.0001399999999999,0.4058399999999999,-0.00029,-0.0064999999999999,-7e-05,21.028,0.6247,0.72581,0.4912699999999999,-3.4218
2022-01-03 18:01:00,0.0,-16.157,116.94,3.0204,-16.157,0.0004299999999999,0.3451199999999999,0.0001399999999999,-0.00217,0.0001399999999999,19.736,-0.4600099999999999,-0.14448,-0.46215,-3.8938
2022-01-03 18:16:00,0.0,-26.683,117.5,3.9318,-26.683,0.0004299999999999,0.3472899999999999,0.00072,0.00217,0.0001499999999999,19.311,-0.20799,0.2954499999999999,-0.2680799999999999,-2.6297
2022-01-03 18:31:00,0.0,-26.825,117.57,3.7615,-26.825,0.0,0.31261,0.0,0.0064999999999999,0.0,19.098,0.59781,0.60794,0.6513299999999999,-2.0231
2022-01-03 18:46:00,0.0,-13.921,117.42,3.2314,-13.921,0.00029,0.33215,0.00087,-0.00434,8e-05,18.574,0.23419,0.47031,0.1908999999999999,-2.883
2022-01-03 19:01:00,0.0,-3.1628,117.3,3.076,-3.1628,0.00029,0.29308,0.00072,-0.01084,8e-05,18.73,-0.41354,0.0587499999999999,-0.70184,-3.2203
2022-01-03 19:16:00,0.0,-7.6887,117.47,5.1827,-7.6887,0.0001399999999999,0.2714099999999999,0.0004299999999999,-0.01301,4e-05,19.032,2.1783,2.2627,1.9161,-1.6356
2022-01-03 19:31:00,0.0,-11.129,117.74,2.5961,-11.129,0.0001399999999999,0.25839,0.0004299999999999,0.0,2e-05,18.014,-0.1722799999999999,0.0196099999999999,-0.27653,-3.7265
2022-01-03 19:46:00,0.0,-16.048,117.87,3.3389,-16.048,0.0,0.2649,0.0004299999999999,0.0,0.0,18.027,-0.3175399999999999,-0.13621,-0.6876999999999999,-2.698
2022-01-03 20:01:00,0.0,-23.552,117.64,2.864,-23.552,-0.0001399999999999,0.2670899999999999,0.00101,-0.00217,-4e-05,18.099,-0.49006,-0.2165199999999999,-0.5901899999999999,-2.8163
2022-01-03 20:16:00,0.0,-30.207,118.05,3.2437,-30.207,0.0,0.26495,0.0,0.0,0.0,17.011,0.12803,0.32355,-0.3065999999999999,-2.2262
2022-01-03 20:31:00,0.0,-4.6418,117.74,3.6962,-4.6418,0.0001399999999999,0.26712,0.00029,-0.00217,3e-05,17.898,-0.10341,0.09199,-0.4461899999999999,-2.9345
2022-01-03 20:46:00,0.0,-23.694,117.59,2.8625,-23.694,0.00058,0.27798,0.00072,0.0,0.00016,16.36,-0.30145,-0.13025,-0.6388599999999999,-3.2044
2022-01-03 21:01:00,0.0,19.538,117.85,3.4659,19.538,-0.00029,0.3279199999999999,-0.00072,0.00651,-0.0001,18.371,0.5413099999999998,0.4692,0.4193,-2.0745
2022-01-03 21:16:00,0.0,-14.32,118.19,2.8461,-14.32,-0.0001399999999999,0.3127499999999999,-0.00058,0.00434,-5e-05,16.952,-0.2504299999999999,-0.0890699999999999,-0.65509,-2.7157
2022-01-03 21:31:00,0.0,-38.504,118.25,1.9945,-38.504,0.0001399999999999,0.36925,0.00072,0.01302,7e-05,15.969,-0.90566,-0.53164,-1.2081,-2.8338
2022-01-03 21:46:00,0.0,-1.9171,118.42,2.9463,-1.9171,0.0004299999999999,0.46916,-0.0004299999999999,0.00434,0.00019,16.86,-0.04175,0.2139699999999999,-0.34025,-1.7037
2022-01-03 22:01:00,0.0,-10.533,118.53,3.0848,-10.533,0.0001399999999999,0.43658,0.0004299999999999,0.0,6e-05,16.168,-0.16298,0.12755,-0.4218399999999999,-2.2772
2022-01-03 22:16:00,0.0,10.717,118.76,2.8291,10.717,0.0,0.49523,-0.00072,0.00434,-3e-05,16.7,0.1825199999999999,0.49674,-0.20644,-2.2604
2022-01-03 22:31:00,0.0,-3.0488,118.61,2.46,-3.0488,0.0001399999999999,0.4822,0.0004299999999999,-0.00217,5e-05,16.377,0.49568,0.57732,0.22008,-1.8388
2022-01-03 22:46:00,0.0,-11.78,118.43,1.5933,-11.78,0.0,0.4822299999999999,0.0001399999999999,0.0,0.0,16.047,-0.54274,-0.3170299999999999,-0.76937,-2.5135
2022-01-03 23:01:00,0.0,-30.541,118.42,3.0408,-30.541,0.00029,0.36496,0.00101,0.00434,0.00011,15.605,-0.0633299999999999,0.10438,-0.0361199999999999,-1.8388
2022-01-03 23:16:00,0.0,-11.967,118.65,3.8527,-11.967,0.0,0.2802399999999999,0.0,0.01085,0.0,16.203,0.4546799999999999,0.8335,0.2974499999999999,-1.8051
2022-01-03 23:31:00,0.0,8.224199999999998,118.19,3.3722,8.224199999999998,0.0004299999999999,0.20638,0.00116,-0.01519,6e-05,16.57,-0.24715,0.06123,-0.45639,-3.1885
2022-01-03 23:46:00,0.0,-1.5709,118.34,3.5872,-1.5709,0.0004299999999999,0.1846599999999999,0.00087,-0.01302,6e-05,16.238,0.37963,0.4966499999999999,0.0761899999999999,-2.7499
2022-01-04 00:01:00,0.0,-4.4124,118.5,3.1633,-4.4124,0.0004299999999999,0.1607599999999999,0.00087,-0.00217,5e-05,15.782,-0.3632699999999999,-0.0160499999999999,-0.66066,-3.4079
2022-01-04 00:16:00,0.0,-19.013,118.6,2.2523,-19.013,0.0001399999999999,0.13252,0.00072,0.00217,0.0,15.698,-0.921,-0.56956,-1.0747,-3.1043
2022-01-04 00:31:00,0.0,-6.9998,118.44,3.6736,-6.9998,0.0,0.16728,0.00058,0.00434,0.0,16.08,-0.3230199999999999,0.17663,-0.5268899999999999,-2.0076
2022-01-04 00:46:00,0.0,-3.2343,117.94,1.3571,-3.2343,-0.00029,0.1716199999999999,0.00029,0.00651,-6e-05,15.818,-2.0598,-1.7487,-2.3144,-3.0537
2022-01-04 01:01:00,0.0,-10.581,117.88,3.6709,-10.581,0.0004299999999999,0.1542399999999999,0.00058,0.0,5e-05,15.607,-0.81434,-0.37968,-1.1341,-2.0752
2022-01-04 01:16:00,0.0,-4.8976,117.64,4.5668,-4.8976,0.00029,0.12817,0.00029,-0.00651,2e-05,16.042,0.5736999999999999,0.52039,0.36264,-2.1596
2022-01-04 01:31:00,0.0,-32.989,117.98,4.3253,-32.989,0.0001399999999999,0.11731,0.00101,0.00651,3e-05,15.095,-0.3259799999999999,0.4302,-0.4856699999999999,-3.7962
2022-01-04 01:46:00,0.0,-1.5478,118.05,4.4946,-1.5478,-0.0001399999999999,0.1781399999999999,0.0,0.00217,-3e-05,16.017,-0.30692,0.11249,-0.20882,-3.0033
2022-01-04 02:01:00,0.0,-16.472,117.99,1.5522,-16.472,0.0,0.13252,0.00029,0.00434,0.0,16.168,-2.4179,-2.0232,-2.3959,-3.9986
2022-01-04 02:16:00,0.0,-3.0494,118.38,1.5537,-3.0494,-0.0001399999999999,0.13904,-0.00116,0.00651,-4e-05,15.869,-2.437,-2.1728,-2.7264,-3.2564
2022-01-04 02:31:00,0.0,-3.2113,117.51,1.8994,-3.2113,0.0,0.1368699999999999,0.00144,-0.0217,-3e-05,15.668,-2.3444,-1.8325,-2.6066,-2.1597
2022-01-04 02:46:00,0.0,-20.979,118.15,1.2379,-20.979,-0.0001399999999999,0.2020599999999999,0.0,0.01519,-3e-05,15.395,-1.9991,-1.5353,-2.2804,-2.0247
2022-01-04 03:01:00,0.0,-3.7894,117.73,1.8798,-3.7894,0.0001399999999999,0.1825199999999999,-0.00058,0.00434,0.0,16.205,-0.92055,-0.88131,-1.2077,-1.9235
2022-01-04 03:16:00,0.0,-0.23111,117.65,2.7237,-0.23111,-0.0001399999999999,0.1325399999999999,0.0001399999999999,0.0,-3e-05,15.216,-0.92522,-0.75761,-1.0897,-2.6491
2022-01-04 03:31:00,0.0,-26.572,117.52,2.5781,-26.572,0.0004299999999999,0.1542699999999999,0.00144,0.00217,7e-05,14.332,-0.78385,-0.51343,-1.2622,-3.1553
2022-01-04 03:46:00,0.0,-5.3143,117.75,2.2669,-5.3143,-0.0001399999999999,0.1542699999999999,-0.0004299999999999,0.00434,-3e-05,15.254,-0.33395,-0.16189,-0.65414,-2.7672
2022-01-04 04:01:00,0.0,-26.248,117.61,2.3192,-26.248,0.00029,0.15644,0.0,0.00434,5e-05,14.66,-0.89573,-0.57349,-1.0056,-3.8809
2022-01-04 04:16:00,0.0,21.096,117.28,3.8771,21.096,0.0001399999999999,0.15644,-0.00058,0.00217,2e-05,15.881,-0.3456799999999999,0.04438,-0.66034,-2.4973
2022-01-04 04:31:00,0.0,-6.9086,116.86,3.4237,-6.9086,0.00029,0.2064199999999999,0.00087,-0.01519,4e-05,15.499,0.7047999999999999,0.84397,0.33645,-2.2274
2022-01-04 04:46:00,0.0,-7.6481,117.02,2.6993,-7.6481,0.00029,0.21728,0.0012999999999999,-0.01085,5e-05,14.807,-1.0409,-0.7333699999999999,-1.4481,-3.8304
2022-01-04 05:01:00,0.0,-12.801,117.09,2.4388,-12.801,0.00029,0.25857,0.0001399999999999,0.00434,5e-05,15.003,-0.6869,-0.4137799999999999,-1.0527,-2.7674
2022-01-04 05:16:00,0.0,2.4492,116.14,4.521,2.4492,0.00058,0.31723,0.00144,-0.0217,0.0001399999999999,15.087,1.2368,1.327,1.1226,-1.3837
2022-01-04 05:31:00,0.0,7.6481,116.78,4.8065,7.6481,0.0001399999999999,0.2955099999999999,-0.00072,0.00434,2e-05,15.845,0.9316,1.3685,0.69215,-2.4131
2022-01-04 05:46:00,0.0,-14.811,116.85,7.3079,-14.811,0.0001399999999999,0.3389599999999999,0.0,0.00217,4e-05,14.812,3.558,3.6832,3.4099,-1.5187
2022-01-04 06:01:00,0.0,-4.7829,117.28,7.9451,-4.7829,0.0,0.33678,0.0001399999999999,-0.00434,-1e-05,14.991,4.5224,4.7457,4.0981,-2.5143
2022-01-04 06:16:00,0.0,-3.0731,117.1,7.8695,-3.0731,0.0,0.33678,0.0,0.0,-2e-05,15.576,4.4298,4.6519,3.976,-2.818
2022-01-04 06:31:00,0.0,4.3901,116.6,6.8837,4.3901,0.0001399999999999,0.8017699999999999,0.00058,-0.01085,0.00011,15.547,4.3168,4.4124,3.9517,-2.9192
2022-01-04 06:46:00,0.0,-11.622,116.67,5.4568,-11.622,0.0,6.4859,0.0004299999999999,9.8559,0.00419,15.06,2.4555,2.5529,2.4958,-3.1723
2022-01-04 07:01:00,0.0,-18.808,116.46,5.4572,-18.808,0.0,41.181,0.00058,56.613,0.03262,16.297,2.4785,2.5818,2.557,-2.5648
2022-01-04 07:16:00,0.0,-6.331,116.0,5.1762,-6.331,0.0,127.47,0.00116,187.04,0.2168299999999999,15.092,2.3306,2.4799,2.1144,-0.55683
2022-01-04 07:31:00,0.0,-17.815,117.36,6.1516,-17.815,0.06065,230.18,0.00072,241.66,14.016,15.185,3.6434,3.7038,3.4589,8.3187
2022-01-04 07:46:00,0.0,62.871,117.73,6.9485,62.871,0.55642,199.23,0.6364199999999999,69.006,154.71,14.444,4.8613,5.0083,4.5005,36.852
2022-01-04 08:01:00,0.0,229.42,117.94,7.3144,229.42,0.96712,232.56,1.0363,70.218,297.69,14.454,5.9774,6.2736,5.7887,68.811
2022-01-04 08:16:00,0.0,1233.3,117.77,7.365199999999998,1233.3,4.5814,225.36,4.699,69.934,1359.7,14.592,9.2524,10.04,9.3256,292.66
2022-01-04 08:31:00,0.0,977.11,118.17,7.1955,977.11,2.3343,238.45,2.2504,238.22,1092.7,15.065,8.8472,8.853099999999998,8.6718,156.45
2022-01-04 08:46:00,0.0,697.88,117.81,7.4055,697.88,2.5614,244.64,2.8722,71.176,830.96,14.514,9.000199999999998,9.6355,9.1311,177.97
2022-01-04 09:01:00,0.0,571.82,117.61,7.4253,571.82,2.0806,251.67,2.3581,68.664,685.62,15.643,8.3755,8.8701,8.3863,153.71
2022-01-04 09:16:00,0.0,4335.5,117.68,8.4211,4335.5,10.173,228.78,10.28,224.19,4631.4,16.148,18.803,18.585,18.154,722.36
2022-01-04 09:31:00,0.0,4933.9,117.62,8.364599999999998,4933.9,12.106,217.12,12.071,217.15,5249.4,16.161,21.424,20.717,20.436,852.39
2022-01-04 09:46:00,0.0,5090.7,117.54,8.441,5090.7,12.969,209.12,12.832,212.05,5433.2,16.501,25.219,24.299,24.529,917.62
2022-01-04 10:01:00,0.0,4410.1,117.82,8.167199999999998,4410.1,11.258,208.93,10.962,216.51,4725.6,16.286,22.46,21.603,21.844,755.1799999999998
2022-01-04 10:16:00,0.0,3938.0,117.54,8.0827,3938.0,9.4742,223.66,9.4178,223.58,4224.7,17.475,19.539,18.62,18.972,653.88
2022-01-04 10:31:00,0.0,5064.5,117.78,8.2661,5064.5,12.199,220.55,12.927,210.61,5411.7,17.248,25.351,24.33,24.211,904.0
2022-01-04 10:46:00,0.0,5457.9,117.68,8.3048,5457.9,13.194,219.84,13.955,210.53,5837.2,18.074,23.728,22.924,22.464,986.59
2022-01-04 11:01:00,0.0,5599.2,117.9,8.2727,5599.2,14.18,209.23,14.528,206.66,5968.8,17.723,25.952,25.339,25.338,1026.4
2022-01-04 11:16:00,0.0,5525.7,118.53,8.3505,5525.7,14.409,204.34,14.631,205.86,5955.9,17.168,27.049,26.412,26.263,1026.2
2022-01-04 11:31:00,0.0,5623.6,118.26,8.2888,5623.6,14.44,207.32,14.615,208.45,6039.7,17.877,25.266,24.311,23.843,1026.7
2022-01-04 11:46:00,0.0,5593.7,118.37,8.2087,5593.7,14.373,206.64,14.495,208.32,5989.3,19.017,26.277,25.588,25.476,1025.2
2022-01-04 12:01:00,0.0,5536.5,118.02,8.2816,5536.5,14.23,205.94,14.367,206.51,5897.1,19.891,27.78,26.59,26.672,1018.6
2022-01-04 12:16:00,0.0,5303.3,118.09,8.0829,5303.3,13.926,208.66,15.418,181.27,5698.5,20.261,26.212,25.584,25.996,1001.1
2022-01-04 12:31:00,0.0,5399.2,118.15,8.406499999999998,5399.2,14.027,204.58,14.134,204.91,5765.2,20.332,27.698,26.515,26.626,999.0
2022-01-04 12:46:00,0.0,5293.6,118.72,8.2348,5293.6,13.584,207.99,13.893,206.53,5694.8,19.299,25.502,24.443,24.575,967.7600000000001
2022-01-04 13:01:00,0.0,5295.8,118.42,8.1833,5295.8,13.577,206.42,13.629,209.01,5650.6,19.825,25.768,24.732,24.788,953.7600000000001
2022-01-04 13:16:00,0.0,5174.6,118.38,7.790199999999999,5174.6,12.953,211.38,13.126,211.75,5517.0,20.07,24.114,23.268,22.92,922.2
2022-01-04 13:31:00,0.0,4930.1,118.37,8.0432,4930.1,12.628,205.66,12.523,209.89,5224.9,20.2,26.996,25.513,25.336,881.38
2022-01-04 13:46:00,0.0,4675.7,118.46,7.5601,4675.7,11.638,214.82,11.776,215.21,5033.9,20.127,22.934,22.188,21.663,812.6
2022-01-04 14:01:00,0.0,4350.2,118.43,8.1537,4350.2,10.77,215.56,10.884,214.38,4654.3,19.793,26.55,25.714,25.22,759.6
2022-01-04 14:16:00,0.0,4184.0,118.24,7.5145,4184.0,10.319,216.84,10.283,218.78,4486.9,20.084,22.938,22.23,21.65,719.87
2022-01-04 14:31:00,0.0,3934.2,118.34,7.2732,3934.2,9.5445,220.28,9.4476,222.23,4201.9,19.917,20.904,20.43,20.334,658.34
2022-01-04 14:46:00,0.0,3550.9,118.34,7.814,3550.9,8.7567,218.63,8.9143,215.31,3832.9,19.645,25.185,23.733,23.814,604.49
2022-01-04 15:01:00,0.0,2971.4,118.43,7.4435,2971.4,7.0069,230.37,7.0697,228.9,3232.6,19.592,17.804,17.191,17.188,484.82
2022-01-04 15:16:00,0.0,2007.5,118.2,6.6424,2007.5,4.6911,231.05,4.5211,239.25,2164.1,19.952,12.426,11.961,12.016,307.53
2022-01-04 15:31:00,0.0,420.62,118.13,5.9806,420.62,1.6369,230.36,1.8461,92.221,547.08,19.58,8.5976,8.543699999999998,8.379699999999998,111.51
2022-01-04 15:46:00,0.0,156.2,117.62,6.3034,156.2,0.75619,238.5,0.87422,65.409,237.57,20.498,7.0971,7.4265,7.3806,56.529
2022-01-04 16:01:00,0.0,116.42,118.11,5.5987,116.42,0.59864,234.84,0.68998,70.864,189.51,20.084,4.447,4.7168,4.4386,44.424
2022-01-04 16:16:00,0.0,-9.2575,117.74,5.3731,-9.2575,0.2275399999999999,193.1,0.26361,69.919,62.501,19.132,3.0667,3.3657,2.9645,15.325
2022-01-04 16:31:00,0.0,-13.829,117.39,5.0326,-13.829,0.1347599999999999,193.06,0.0001399999999999,247.76,26.054,20.177,1.9489,2.3839,1.699,8.261
2022-01-04 16:46:00,0.0,-15.56,117.15,5.0341,-15.56,0.0595899999999999,127.47,0.0001399999999999,217.16,7.5549,19.445,1.7012,2.3521,1.4808,1.2307
2022-01-04 17:01:00,0.0,-26.364,117.16,4.8843,-26.364,0.0,138.26,0.00029,149.54,0.04129,19.33,1.5682,2.0717,1.3726,-1.6017
2022-01-04 17:16:00,0.0,-14.96,117.92,4.258,-14.96,0.0,18.423,0.0004299999999999,27.671,0.01191,19.262,0.8324599999999999,1.6324,0.73621,-3.6589
2022-01-04 17:31:00,0.0,-8.4968,118.09,4.0261,-8.4968,-0.0001399999999999,1.47,0.00058,0.81095,0.00019,19.387,0.39367,1.0977,0.3041099999999999,-3.2881
2022-01-04 17:46:00,0.0,-4.6641,118.05,3.2633,-4.6641,-0.0001399999999999,0.35392,0.0,-0.00434,-6e-05,18.637,0.40028,0.90958,0.2351699999999999,-2.9509
2022-01-04 18:01:00,0.0,-4.618,118.16,2.9305,-4.618,0.00029,0.26056,-0.0001399999999999,-0.00867,7e-05,18.369,-0.90776,-0.42952,-1.1432,-3.9289
2022-01-04 18:16:00,0.0,-31.933,118.6,3.8605,-31.933,0.0,0.26056,0.0,0.0,0.0,17.735,-0.25877,0.4167799999999999,-0.37107,-2.6138
2022-01-04 18:31:00,0.0,-8.104599999999998,118.33,3.6345,-8.104599999999998,0.00029,0.2431899999999999,0.00058,0.0,5e-05,18.084,0.1635699999999999,0.78158,-0.13414,-2.9512
2022-01-04 18:46:00,0.0,-32.493,118.7,2.4516,-32.493,0.0001399999999999,0.26277,0.0012999999999999,0.00434,5e-05,18.339,-0.8204299999999999,-0.44824,-1.0644,-3.2549
2022-01-04 19:01:00,0.0,-1.1778,118.75,1.9042,-1.1778,0.0001399999999999,0.2562599999999999,0.0,0.00651,1e-05,17.959,-1.0556,-0.6772599999999999,-1.3034,-2.4117
2022-01-04 19:16:00,0.0,-15.796,118.95,1.7984,-15.796,0.0,0.33444,-0.0001399999999999,0.00868,-2e-05,18.625,-1.632,-1.1074,-1.7772,-1.8383
2022-01-04 19:31:00,0.0,20.461,117.95,2.0468,20.461,0.0,0.34964,-0.00029,-0.01084,0.0,17.882,-1.4219,-0.93018,-1.4728,-1.8047
2022-01-04 19:46:00,0.0,-5.7735,117.92,3.4509,-5.7735,0.00058,0.2301999999999999,0.00115,-0.01735,0.00012,16.992,-0.0816299999999999,0.26316,-0.2942,-1.4168
2022-01-04 20:01:00,0.0,15.244,118.31,3.1693,15.244,0.0,0.2215399999999999,-0.00115,0.0,-2e-05,18.201,0.16771,0.40869,-0.11728,-2.4626
2022-01-04 20:16:00,0.0,-4.4579,118.34,3.2887,-4.4579,-0.0001399999999999,0.23676,0.00029,-0.00434,-5e-05,17.104,0.46028,0.60326,0.10885,-2.4121
2022-01-04 20:31:00,0.0,-13.859,118.11,2.6794,-13.859,0.00058,0.23676,0.00173,-0.01085,0.00012,16.572,0.4042999999999999,0.5035199999999999,0.1615999999999999,-2.429
2022-01-04 20:46:00,0.0,-25.708,118.25,2.3938,-25.708,0.0001399999999999,0.2606499999999999,0.00087,-0.00651,3e-05,16.163,0.37535,0.442,0.29325,-2.3279
2022-01-04 21:01:00,0.0,3.8113,118.79,1.9704,3.8113,0.0,0.24112,-0.00101,0.00434,-1e-05,16.835,0.15658,0.2046399999999999,-0.0040099999999999,-2.3955
2022-01-04 21:16:00,0.0,-29.247,118.73,1.3672,-29.247,0.0,0.20856,0.0004299999999999,0.01736,2e-05,15.2,-1.6324,-1.3722,-1.8347,-3.391
2022-01-04 21:31:00,0.0,-25.689,118.71,0.25018,-25.689,0.0001399999999999,0.20856,-0.0004299999999999,0.0,3e-05,15.834,-3.1977,-2.8246,-3.3184,-3.4417
2022-01-04 21:46:00,0.0,11.597,118.22,-0.3205,11.597,0.00029,0.2129,0.0,-0.00651,6e-05,16.577,-3.6025,-3.3289,-3.6624,-2.497
2022-01-04 22:01:00,0.0,-28.924,118.64,-0.95651,-28.924,0.0,0.20856,0.00058,0.0,0.0,15.143,-4.586,-4.2893,-4.6496,-2.8683
2022-01-04 22:16:00,0.0,1.5941,118.26,-1.528,1.5941,0.0004299999999999,0.2172699999999999,0.00058,-0.0195299999999999,9e-05,15.691,-5.4578,-5.14,-5.457,-2.4971
2022-01-04 22:31:00,0.0,-21.512,118.09,-1.8035,-21.512,0.00029,0.21511,0.00101,0.0,6e-05,14.49,-5.4979,-4.9686,-5.6719,-2.6659
2022-01-04 22:46:00,0.0,-33.087,118.53,-2.7609,-33.087,0.0,0.20859,0.0,0.00217,0.0,13.885,-5.3887,-4.9501,-5.564,-2.9359
2022-01-04 23:01:00,0.0,8.5492,118.78,-3.6434,8.5492,0.0001399999999999,0.21511,-0.00087,0.00217,3e-05,15.5,-6.1707,-5.789,-6.3313,-3.1892
2022-01-04 23:16:00,0.0,-14.95,118.14,-4.211,-14.95,0.00029,0.21076,0.00072,0.0,6e-05,14.706,-7.1452,-6.8298,-7.3297,-3.4593
2022-01-04 23:31:00,0.0,-6.1231,118.26,-4.4973,-6.1231,-0.0001399999999999,0.19991,0.00072,-0.00217,-3e-05,14.794,-7.3596,-7.1784,-7.7037,-2.6494
2022-01-04 23:46:00,0.0,-12.919,118.16,-4.8323,-12.919,0.00029,0.20862,0.00087,-0.00217,5e-05,13.978,-7.9843,-7.7478,-8.1995,-2.3457
2022-01-05 00:01:00,0.0,-9.4057,118.47,-5.0167,-9.4057,0.0004299999999999,0.20211,0.0,-0.00217,8e-05,13.743,-7.8326,-7.5724,-8.0964,-1.9239
2022-01-05 00:16:00,0.0,-32.262,117.72,-5.4517,-32.262,0.00072,0.20863,0.0,0.01085,0.0001499999999999,13.333,-8.188399999999998,-8.003199999999998,-8.5237,-2.1772
2022-01-05 00:31:00,0.0,-5.7079,117.69,-5.7545,-5.7079,-0.00029,0.4629099999999999,0.0004299999999999,0.0,-0.00012,12.999,-7.7626,-7.4265,-8.0089,-1.9916
2022-01-05 00:46:00,0.0,-6.495,117.8,-5.4364,-6.495,0.0001399999999999,0.5129599999999999,0.00087,-0.00217,8e-05,12.745,-6.4275,-6.283,-6.7404,-0.6245
2022-01-05 01:01:00,0.0,1.8561,117.94,-5.669,1.8561,0.00027,0.36717,-0.00027,-0.0040099999999999,0.0001,13.098,-6.7048,-6.5681,-7.0034,-1.0752
2022-01-05 01:16:00,0.0,1.7798,118.27,-6.3405,1.7798,-0.0001399999999999,0.1739,-0.00116,0.0,-3e-05,13.18,-8.8993,-8.9254,-9.3343,-2.9373
2022-01-05 01:31:00,0.0,-29.337,118.15,-6.8752,-29.337,0.0,0.17174,0.0,0.00434,0.0,11.467,-9.4195,-9.2468,-9.612100000000002,-2.6166
2022-01-05 01:46:00,0.0,10.819,118.16,-7.1747,10.819,-0.00029,0.18479,-0.00072,-0.00434,-6e-05,12.783,-9.2416,-9.1955,-9.516800000000002,-2.178
2022-01-05 02:01:00,0.0,-15.675,118.08,-7.5979,-15.675,0.00058,0.1913199999999999,0.0001399999999999,0.00434,0.00011,11.224,-9.5867,-9.5449,-9.9034,-2.2287
2022-01-05 02:16:00,0.0,12.648,117.8,-7.317199999999999,12.648,0.0004299999999999,0.20874,0.00072,-0.02606,7e-05,12.276,-10.069,-9.8218,-10.276,-2.178
2022-01-05 02:31:00,0.0,-0.97113,118.29,-6.3375,-0.97113,0.0001399999999999,0.19352,0.00072,-0.00217,2e-05,11.512,-9.2533,-8.9646,-9.4004,-1.1313
2022-01-05 02:46:00,0.0,-6.7746,118.56,-6.8171,-6.7746,0.00029,0.1978699999999999,-0.0001399999999999,-0.00651,5e-05,11.342,-9.8626,-9.7309,-10.141,-2.0095
2022-01-05 03:01:00,0.0,10.753,118.24,-6.8375,10.753,0.00029,0.1935399999999999,0.00058,-0.0086899999999999,4e-05,11.174,-10.035,-9.6948,-10.251,-1.7394
2022-01-05 03:16:00,0.0,9.4587,118.56,-6.0468,9.4587,0.0,0.19572,-0.0001399999999999,0.0,0.0,11.469,-8.6394,-8.4508,-8.9584,-1.9251
2022-01-05 03:31:00,0.0,-20.652,118.59,-5.4696,-20.652,0.0001399999999999,0.19355,0.0001399999999999,0.0,3e-05,10.237,-8.6516,-8.272299999999998,-8.7699,-2.2797
2022-01-05 03:46:00,0.0,-9.7822,118.37,-6.1265,-9.7822,0.0001399999999999,0.21747,0.0,0.0,3e-05,10.324,-9.551100000000002,-9.2081,-9.6692,-2.4993
2022-01-05 04:01:00,0.0,0.5318899999999999,118.09,-6.6879,0.5318899999999999,0.0001399999999999,0.21312,0.00029,-0.00434,3e-05,10.082,-9.543,-9.2794,-9.7529,-2.2799
2022-01-05 04:16:00,0.0,-1.8732,117.84,-6.8186,-1.8732,0.0,0.19355,0.0001399999999999,-0.00217,0.0,10.379,-9.9577,-9.5427,-9.9129,-2.3137
2022-01-05 04:31:00,0.0,-9.9442,117.78,-6.4663,-9.9442,0.0,0.2414,-0.0001399999999999,-0.00217,0.0,9.593,-9.8864,-9.3035,-10.067,-2.3307
2022-01-05 04:46:00,0.0,12.119,117.64,-6.497,12.119,0.0001399999999999,0.25446,-0.0001399999999999,-0.00217,3e-05,10.417,-9.873500000000002,-9.6301,-10.056,-1.993
2022-01-05 05:01:00,0.0,3.3073,117.38,-6.8034,3.3073,0.00029,0.2566399999999999,0.00029,-0.01086,6e-05,9.7148,-10.323,-9.8529,-10.377,-1.9085
2022-01-05 05:16:00,0.0,-5.9671,117.3,-6.8123,-5.9671,0.00029,0.28709,-0.0001399999999999,0.00217,8e-05,9.2891,-9.9039,-9.6849,-10.105,-1.9592
2022-01-05 05:31:00,0.0,-5.042,116.92,-6.2933,-5.042,0.00029,0.2914499999999999,0.0,-0.00217,8e-05,8.856,-9.3047,-8.7367,-9.4562,-2.1619
2022-01-05 05:46:00,0.0,-0.11568,117.19,-6.1919,-0.11568,0.0,0.29581,-0.00116,0.0,0.0,9.3894,-8.8853,-8.635199999999998,-9.237100000000002,-2.0437
2022-01-05 06:01:00,0.0,-3.4232,116.78,-7.0716,-3.4232,0.0,0.3262599999999999,-0.00029,0.0,0.0,9.5951,-9.5502,-9.3372,-9.5728,-2.2295
2022-01-05 06:16:00,0.0,-9.784,117.17,-6.9694,-9.784,0.0,0.3610599999999999,-0.00087,-0.00217,0.0,9.3511,-9.7568,-9.4671,-9.9298,-1.8241
2022-01-05 06:31:00,0.0,-9.0206,117.06,-7.364499999999999,-9.0206,0.0,0.87656,0.0,-0.0086899999999999,0.0,9.7559,-10.198,-9.7869,-10.041,-2.6181
2022-01-05 06:46:00,0.0,-4.8573,116.92,-7.0141,-4.8573,0.0,7.8042,0.0,11.745,4e-05,9.5236,-9.277,-8.8972,-9.5243,-1.554
2022-01-05 07:01:00,0.0,-5.7825,116.77,-6.8418,-5.7825,0.0001399999999999,91.17,-0.0001399999999999,110.45,-0.00248,9.4429,-8.9678,-8.5575,-9.0666,-1.1486
2022-01-05 07:16:00,0.0,-18.088,116.8,-7.0347,-18.088,0.0597099999999999,232.1,-0.00029,248.05,13.784,9.0546,-7.566,-7.5039,-7.876,6.8579
2022-01-05 07:31:00,0.0,360.78,116.72,-6.5012,360.78,1.3619,259.63,1.5108,70.47,460.06,8.8543,-5.8107,-5.55,-5.8236,160.15
2022-01-05 07:46:00,0.0,679.96,117.12,-6.3335,679.96,2.6512,224.36,2.7303,71.079,788.6799999999998,8.242499999999998,-3.1227,-2.6714,-2.8303,209.06
2022-01-05 08:01:00,0.0,288.79,116.6,-6.0855,288.79,1.3473,212.71,1.3676,69.473,378.82,9.067100000000002,-5.6569,-5.3795,-5.5076,79.546
2022-01-05 08:16:00,0.0,2067.6,117.24,-4.8602,2067.6,6.1064,264.51,6.8927,96.213,2278.6,9.0824,0.58811,0.91823,-0.0939099999999999,456.0
2022-01-05 08:31:00,0.0,1331.2,116.62,-3.3059,1331.2,3.6452,244.74,3.7986,163.33,1497.2,9.7642,2.9019,3.4363,4.0497,225.69
2022-01-05 08:46:00,0.0,1175.5,116.64,-2.6236,1175.5,4.1612,235.84,4.3136,74.161,1306.9,9.4098,7.4595,9.1171,9.1178,294.83
2022-01-05 09:01:00,0.0,798.44,116.85,-2.2176,798.44,2.9684,234.62,3.0807,71.863,917.73,8.679999999999998,6.9281,8.4165,7.9911,196.49
2022-01-05 09:16:00,0.0,632.26,116.57,-2.3361,632.26,2.3943,236.15,2.4636,69.499,736.5299999999999,10.006,4.3607,5.1924,5.0675,151.86
2022-01-05 09:31:00,0.0,1215.7,116.89,-2.9901,1215.7,4.3837,238.8,4.5877,74.083,1384.7,10.316,5.846,6.9638,6.5021,312.95
2022-01-05 09:46:00,0.0,4843.7,117.2,-1.7112,4843.7,12.568,213.2,12.987,190.94,5157.8,10.268,22.413,22.335,22.006,896.0399999999998
2022-01-05 10:01:00,0.0,4288.7,117.23,-1.4096,4288.7,10.424,217.58,10.929,213.19,4585.1,10.63,29.362,26.982,27.442,770.0299999999999
2022-01-05 10:16:00,0.0,5205.7,117.32,-0.72445,5205.7,13.17,206.24,13.834,201.83,5507.7,11.45,33.081,30.201,31.856,985.68
2022-01-05 10:31:00,0.0,5028.4,117.46,-0.8990099999999999,5028.4,12.206,213.04,13.469,205.47,5328.0,11.39,32.548,28.897,29.733,939.23
2022-01-05 10:46:00,0.0,5163.2,117.57,-0.77575,5163.2,13.039,207.51,13.957,200.96,5508.3,11.818,34.252,30.88,31.593,975.22
2022-01-05 11:01:00,0.0,5132.4,117.96,-0.14523,5132.4,13.008,206.12,14.114,199.06,5489.2,11.894,36.449,32.973,34.099,988.28
2022-01-05 11:16:00,0.0,5205.5,117.71,0.41352,5205.5,13.137,206.9,14.342,199.1,5572.1,12.94,36.873,33.169,34.076,1008.9
2022-01-05 11:31:00,0.0,5276.9,117.67,0.24584,5276.9,13.278,207.64,14.334,200.07,5623.4,12.869,34.451,31.279,31.925,1005.6
2022-01-05 11:46:00,0.0,5552.8,117.74,-0.1652599999999999,5552.8,14.249,204.93,14.487,208.75,5943.5,13.307,28.868,23.253,24.995,1006.1
2022-01-05 12:01:00,0.0,5230.5,117.58,0.04555,5230.5,13.222,206.44,13.18,213.21,5538.6,14.216,27.291,21.522,23.066,915.96
2022-01-05 12:16:00,0.0,4963.1,117.7,0.5457199999999999,4963.1,11.878,220.06,12.372,216.01,5286.1,14.012,25.655,19.853,22.371,837.69
2022-01-05 12:31:00,0.0,5030.6,117.84,1.0691,5030.6,12.462,214.93,13.104,209.47,5421.4,13.487,28.496,23.977,25.227,889.98
2022-01-05 12:46:00,0.0,4661.2,117.68,1.1883,4661.2,11.763,211.98,11.96,211.94,5028.1,14.202,27.802,24.77,25.281,816.1699999999998
2022-01-05 13:01:00,0.0,4728.6,117.83,1.5567,4728.6,11.638,214.76,11.691,216.22,5026.1,14.242,27.145,23.069,24.276,813.69
2022-01-05 13:16:00,0.0,3502.6,117.61,1.8093,3502.6,8.8266,212.43,8.7542,213.07,3740.4,15.237,22.955,20.087,20.687,581.2
2022-01-05 13:31:00,0.0,3120.7,117.29,1.7842,3120.7,8.5616,238.56,9.9364,134.24,3376.8,15.304,19.292,17.369,18.154,616.47
2022-01-05 13:46:00,0.0,4086.1,117.54,0.99423,4086.1,9.9381,218.17,9.6202,230.69,4387.3,15.455,16.795,14.023,14.645,650.24
2022-01-05 14:01:00,0.0,2845.4,117.46,-0.88965,2845.4,6.121,250.78,6.4267,240.28,3079.3,14.73,10.62,9.5897,9.4217,436.69
2022-01-05 14:16:00,0.0,520.74,117.08,-2.7887,520.74,2.08,234.02,2.2127,69.167,639.75,14.577,3.1915,2.7491,2.5185,133.73
2022-01-05 14:31:00,0.0,201.05,116.61,-5.068,201.05,0.95346,215.45,0.91779,67.81,267.61,14.668,-2.5528,-2.5532,-2.9519,59.789
2022-01-05 14:46:00,0.0,76.90999999999998,116.68,-5.5402,76.90999999999998,0.45194,246.24,0.53485,70.038,148.68,14.26,-3.796,-3.7638,-4.1275,34.831
2022-01-05 15:01:00,0.0,43.586,116.89,-5.7999,43.586,0.44516,200.35,0.4909399999999999,69.941,123.45,13.048,-4.4288,-4.3829,-4.8242,28.946
2022-01-05 15:16:00,0.0,127.94,116.64,-8.0195,127.94,0.7389299999999999,217.62,0.7639099999999999,69.783,214.26,13.099,-6.187,-6.2672,-6.6814,47.448
2022-01-05 15:31:00,0.0,94.018,116.6,-8.6196,94.018,0.559,231.76,0.59355,69.306,170.3,12.454,-6.9927,-7.0709,-7.4249,37.932
2022-01-05 15:46:00,0.0,20.228,116.75,-8.828799999999998,20.228,0.21471,210.48,0.2905699999999999,67.658,64.979,11.617,-7.6336,-7.7045,-8.1638,18.893
2022-01-05 16:01:00,0.0,-6.3816,116.68,-9.6264,-6.3816,0.05954,232.17,-0.0004299999999999,260.72,13.709,11.059,-8.576,-8.663299999999998,-9.1648,10.857
2022-01-05 16:16:00,0.0,-23.726,117.08,-10.353,-23.726,0.06085,237.98,0.00549,268.59,15.85,10.248,-9.319400000000002,-9.4289,-9.8579,15.3
2022-01-05 16:31:00,0.0,-23.219,117.17,-10.806,-23.219,0.0224,128.41,0.00029,207.01,2.8975,9.601400000000002,-9.8618,-9.9495,-10.401,5.0834
2022-01-05 16:46:00,0.0,-11.033,116.95,-11.267,-11.033,0.0,81.455,0.0,124.59,0.00234,9.4085,-10.365,-10.53,-10.893,1.1316
2022-01-05 17:01:00,0.0,-5.875,116.72,-11.709,-5.875,0.00058,24.794,0.0001399999999999,53.434,0.0224,9.430700000000002,-10.933,-11.13,-11.419,0.05067
2022-01-05 17:16:00,0.0,-4.4185,116.41,-12.434,-4.4185,0.0,2.4431,-0.0001399999999999,5.8376,-0.0008099999999999,8.6141,-11.514,-11.783,-12.029,-0.21961
2022-01-05 17:31:00,0.0,-5.4134,116.68,-13.294,-5.4134,0.0,1.4271,0.0001399999999999,2.9547,0.0004299999999999,8.342,-12.442,-12.825,-12.984,-0.5237199999999999
2022-01-05 17:46:00,0.0,-24.756,117.18,-13.499,-24.756,0.0,0.99217,0.0,1.8122,0.0,7.2609,-12.906,-13.112,-13.383,-0.25344
2022-01-05 18:01:00,0.0,-17.168,116.85,-13.542,-17.168,0.0,0.95303,0.00072,1.6732,0.0011999999999999,6.9279,-13.025,-13.103,-13.479,-0.0168999999999999
2022-01-05 18:16:00,0.0,-9.7194,117.5,-13.544,-9.7194,0.0,1.1011,-0.0001399999999999,2.1732,-0.00031,6.914,-13.009,-13.131,-13.473,-0.0506899999999999
2022-01-05 18:31:00,0.0,-2.1985,116.82,-13.494,-2.1985,0.00029,1.0511,0.00058,2.0581,0.00151,6.5989,-13.075,-13.141,-13.526,0.0
2022-01-05 18:46:00,0.0,-9.6742,117.1,-13.948,-9.6742,0.0,1.0338,0.0,2.2735,0.0,6.0231,-13.352,-13.553,-13.821,-0.1521
2022-01-05 19:01:00,0.0,-0.0925799999999999,117.32,-14.097,-0.0925799999999999,0.0001399999999999,1.232,-0.0001399999999999,2.9084,-0.00024,6.5427,-13.623,-13.823,-14.06,-0.21973
2022-01-05 19:16:00,0.0,16.805,117.19,-14.224,16.805,0.00058,1.1144,0.00029,2.3563,0.00132,6.4794,-13.782,-13.983,-14.206,-0.2028399999999999
2022-01-05 19:31:00,0.0,7.5694,117.57,-14.537,7.5694,0.0,0.98172,0.0,1.7065,-3e-05,5.5336,-14.019,-14.262,-14.426,-0.2366399999999999
2022-01-05 19:46:00,0.0,-2.4075,117.18,-15.127,-2.4075,0.00101,1.0384,0.00174,1.9001,0.00436,5.2284,-14.432,-14.778,-14.869,-0.4733
2022-01-05 20:01:00,0.0,0.0,117.52,-15.399,0.0,0.0001399999999999,0.8773199999999999,0.00087,1.0957,0.00109,5.3264,-14.809,-15.064,-15.248,-0.3381
2022-01-05 20:16:00,0.0,-11.946,117.7,-15.563,-11.946,0.00029,0.8316,0.0004299999999999,0.77615,0.0005699999999999,4.823,-14.986,-15.207,-15.437,-0.2535899999999999
2022-01-05 20:31:00,0.0,3.0561,117.41,-15.608,3.0561,0.0,0.6705499999999999,0.00072,0.0608799999999999,5e-05,4.5858,-15.093,-15.316,-15.531,-0.15215
2022-01-05 20:46:00,0.0,-22.181,117.86,-15.724,-22.181,-0.0001399999999999,0.6792799999999999,0.00029,0.0152199999999999,-9e-05,3.8232,-15.208,-15.42,-15.659,-0.1690599999999999
2022-01-05 21:01:00,0.0,9.03,117.75,-15.845,9.03,0.00029,0.6205399999999999,0.00072,-0.0217399999999999,0.00017,3.9958,-15.343,-15.513,-15.805,-0.08454
2022-01-05 21:16:00,0.0,10.003,118.0,-16.067,10.003,0.00058,0.5508899999999999,0.00087,-0.02392,0.00029,4.1639,-15.518,-15.668,-15.999,-0.0507299999999999
2022-01-05 21:31:00,0.0,9.1698,118.55,-15.962,9.1698,-0.00029,0.5095399999999999,-0.0001399999999999,-0.0043499999999999,-0.00018,4.644,-15.537,-15.661,-16.023,0.0
2022-01-05 21:46:00,0.0,-4.2379,118.93,-16.049,-4.2379,-0.0001399999999999,0.47692,-0.00029,0.0065199999999999,-9e-05,3.165,-15.603,-15.745,-16.065,-0.03382
2022-01-05 22:01:00,0.0,9.101400000000002,118.41,-16.213,9.101400000000002,0.0001399999999999,0.45515,-0.00029,0.0043499999999999,5e-05,2.7693,-15.695,-15.881,-16.17,-0.1522
2022-01-05 22:16:00,0.0,-6.6007,118.35,-16.217,-6.6007,-0.00058,0.453,0.0004299999999999,-0.0043499999999999,-0.00027,2.859,-15.786,-15.952,-16.226,0.0
2022-01-05 22:31:00,0.0,-17.741,118.38,-16.287,-17.741,-0.0001399999999999,0.3833099999999999,0.00058,-0.0086999999999999,-6e-05,2.2807,-15.854,-16.003,-16.299,0.0
2022-01-05 22:46:00,0.0,-8.129799999999998,118.92,-16.423,-8.129799999999998,0.0001399999999999,0.38334,-0.00029,0.0043499999999999,5e-05,2.8172,-15.937,-16.06,-16.411,0.03382
2022-01-05 23:01:00,0.0,9.6124,118.71,-16.326,9.6124,0.0,0.3920699999999999,-0.00029,-0.0043499999999999,-2e-05,2.5507,-15.949,-16.049,-16.396,0.08457
2022-01-05 23:16:00,0.0,14.454,117.69,-16.259,14.454,0.00029,0.37902,0.00072,-0.0086999999999999,9e-05,2.5482,-15.909,-16.013,-16.361,0.10149
2022-01-05 23:31:00,0.0,1.1582,117.55,-16.115,1.1582,0.00087,0.3615999999999999,0.00101,-0.01523,0.00031,2.227,-15.823,-15.972,-16.296,0.08457
2022-01-05 23:46:00,0.0,5.3745,118.08,-16.753,5.3745,0.0001399999999999,0.33112,-0.0001399999999999,-0.0086999999999999,5e-05,1.6953,-16.053,-16.185,-16.461,0.0338299999999999
2022-01-06 00:01:00,0.0,-9.8919,118.17,-16.641,-9.8919,0.0001399999999999,0.32895,0.00029,-0.0043499999999999,4e-05,1.8547,-16.132,-16.252,-16.52,0.0676599999999999
2022-01-06 00:16:00,0.0,2.1314,118.02,-16.587,2.1314,0.00029,0.3224299999999999,0.00029,-0.00653,8e-05,0.94828,-16.13,-16.222,-16.551,0.11842
2022-01-06 00:31:00,0.0,-0.02317,117.95,-16.671,-0.02317,0.00029,0.32027,0.0001399999999999,-0.01305,9e-05,1.1609,-16.194,-16.266,-16.584,0.1353399999999999
2022-01-06 00:46:00,0.0,17.052,118.53,-16.651,17.052,-0.0001399999999999,0.31591,-0.00029,0.0043499999999999,-5e-05,1.8048,-16.261,-16.315,-16.6,0.15226
2022-01-06 01:01:00,0.0,-11.377,118.39,-16.632,-11.377,0.0001399999999999,0.27453,0.00029,-0.0043499999999999,3e-05,1.2547,-16.256,-16.301,-16.592,0.18609
2022-01-06 01:16:00,0.0,-18.606,118.29,-16.575,-18.606,0.00029,0.25929,0.0004299999999999,0.00218,8e-05,-0.63477,-16.242,-16.307,-16.562,0.1860999999999999
2022-01-06 01:31:00,0.0,-11.029,118.5,-16.523,-11.029,0.0,0.24621,0.00029,-0.0043499999999999,0.0,1.2025,-16.202,-16.311,-16.532,0.18611
2022-01-06 01:46:00,0.0,-3.1745,118.32,-16.189,-3.1745,0.00029,0.2331399999999999,0.00058,-0.00653,6e-05,0.70774,-16.062,-16.196,-16.486,0.13535
2022-01-06 02:01:00,0.0,-11.447,118.37,-15.968,-11.447,-0.0001399999999999,0.22226,0.00101,-0.00653,-5e-05,0.45994,-15.881,-16.119,-16.353,0.18611
2022-01-06 02:16:00,0.0,-25.025,118.73,-15.977,-25.025,-0.0001399999999999,0.2091899999999999,-0.0001399999999999,0.0043499999999999,-3e-05,0.7130499999999999,-15.768,-16.042,-16.231,0.13536
2022-01-06 02:31:00,0.0,-14.599,118.78,-15.86,-14.599,-0.00029,0.19175,-0.00058,0.0043499999999999,-6e-05,1.1448,-15.692,-15.968,-16.042,0.0845999999999999
2022-01-06 02:46:00,0.0,-4.843,118.9,-15.538,-4.843,0.0001399999999999,0.18303,-0.00029,-0.0043499999999999,2e-05,0.7609799999999999,-15.577,-15.874,-15.901,0.01692
2022-01-06 03:01:00,0.0,-11.91,118.3,-15.575,-11.91,0.0001399999999999,0.1656,0.0004299999999999,-0.0043499999999999,1e-05,-0.64032,-15.55,-15.774,-15.976,0.0
2022-01-06 03:16:00,0.0,7.9246,118.3,-16.169,7.9246,0.0,0.1612399999999999,0.00058,-0.00653,0.0,1.0193,-15.68,-15.827,-16.118,0.10151
2022-01-06 03:31:00,0.0,-20.831,118.35,-16.28,-20.831,0.0,0.16125,-0.0001399999999999,0.0043499999999999,0.0,0.7009999999999998,-15.775,-15.89,-16.173,0.1522699999999999
2022-01-06 03:46:00,0.0,0.0233699999999999,118.8,-16.344,0.0233699999999999,-0.0001399999999999,0.14599,-0.0012999999999999,0.0043499999999999,-3e-05,0.6085599999999999,-15.877,-15.961,-16.292,0.06768
2022-01-06 04:01:00,0.0,-28.247,118.15,-17.043,-28.247,0.0001399999999999,0.15689,0.0,0.00653,2e-05,0.09266,-16.186,-16.278,-16.593,0.06768
2022-01-06 04:16:00,0.0,-14.297,118.18,-16.646,-14.297,0.0,0.1547099999999999,0.0001399999999999,-0.0043499999999999,0.0,0.1241199999999999,-16.216,-16.309,-16.611,0.15228
2022-01-06 04:31:00,0.0,8.481099999999998,118.19,-16.688,8.481099999999998,-0.0001399999999999,0.17433,-0.0001399999999999,-0.0043499999999999,-3e-05,1.1329,-16.192,-16.303,-16.601,0.37225
2022-01-06 04:46:00,0.0,11.934,118.33,-16.18,11.934,-0.00029,0.19176,-0.00029,0.0043499999999999,-6e-05,0.98173,-16.07,-16.192,-16.453,0.27073
2022-01-06 05:01:00,0.0,4.4722,117.87,-16.064,4.4722,0.0,0.20483,-0.0001399999999999,-0.01523,0.0,0.3860199999999999,-15.953,-16.086,-16.373,0.21997
2022-01-06 05:16:00,0.0,-1.0659,117.43,-16.201,-1.0659,0.00058,0.19176,0.0004299999999999,-0.00653,0.00011,0.3955799999999999,-15.913,-16.062,-16.333,0.20305
2022-01-06 05:31:00,0.0,-2.3867,117.67,-15.89,-2.3867,0.0,0.2048399999999999,0.0001399999999999,-0.00218,0.0,1.1888,-15.716,-15.943,-16.161,0.20305
2022-01-06 05:46:00,0.0,-1.0892,117.07,-15.744,-1.0892,0.0004299999999999,0.2179099999999999,0.0004299999999999,-0.01088,9e-05,-0.11847,-15.6,-15.832,-15.999,0.1861299999999999
2022-01-06 06:01:00,0.0,-9.709,117.76,-15.894,-9.709,0.0,0.20265,-0.00058,0.0,0.0,0.0390599999999999,-15.586,-15.825,-16.065,0.13536
2022-01-06 06:16:00,0.0,8.6432,116.89,-16.394,8.6432,0.0004299999999999,0.18958,0.00029,-0.01088,7e-05,1.0173,-15.747,-15.927,-16.184,0.15228
2022-01-06 06:31:00,0.0,-20.206,117.01,-16.432,-20.206,0.00029,0.18522,-0.00029,0.00653,5e-05,0.2211799999999999,-15.832,-15.988,-16.256,0.0845999999999999
2022-01-06 06:46:00,0.0,-7.762699999999999,116.46,-16.523,-7.762699999999999,0.0001399999999999,0.20701,0.00058,-0.0086999999999999,3e-05,0.49889,-15.946,-16.091,-16.327,0.03384
2022-01-06 07:01:00,0.0,2.4328,116.73,-16.559,2.4328,0.0,1.3597,-0.00029,1.7671,-0.00062,0.75172,-16.038,-16.168,-16.445,0.01692
2022-01-06 07:16:00,0.0,-8.3654,116.38,-16.338,-8.3654,0.0,16.803,0.00101,31.621,0.03261,0.58496,-16.071,-16.189,-16.49,1.3198
2022-01-06 07:31:00,0.0,-11.008,116.76,-15.971,-11.008,0.0,64.334,-0.00029,97.468,-0.02912,0.1632099999999999,-15.97,-16.166,-16.482,8.6294
2022-01-06 07:46:00,0.0,-16.384,116.43,-15.775,-16.384,-0.0001399999999999,137.26,0.0,166.8,-0.02024,-0.0901,-15.807,-16.024,-16.277,27.834
2022-01-06 08:01:00,0.0,-13.602,116.45,-15.554,-13.602,0.02086,125.51,0.0,210.88,2.6655,0.08455,-15.373,-15.586,-15.879,66.124
2022-01-06 08:16:00,0.0,-9.9643,116.62,-14.932,-9.9643,0.06285,131.82,-0.0004299999999999,235.66,8.1091,0.40538,-14.553,-14.709,-15.117,118.02
2022-01-06 08:31:00,0.0,-11.748,117.25,-14.858,-11.748,0.0606799999999999,126.9,-0.00087,232.97,7.4446,0.94555,-14.021,-14.111,-14.593,109.24
2022-01-06 08:46:00,0.0,-0.34758,116.95,-14.246,-0.34758,0.06474,241.17,-0.00101,263.91,15.341,1.6369,-12.821,-12.944,-13.403,265.43
2022-01-06 09:01:00,0.0,-16.035,117.19,-14.177,-16.035,0.07835,124.64,-0.00087,243.43,9.4776,0.95733,-12.392,-12.271,-12.925,147.58
2022-01-06 09:16:00,0.0,5.0975,116.41,-14.209,5.0975,0.0683499999999999,238.6,0.00058,262.1,16.46,2.2937,-11.396,-11.349,-11.964,262.24
2022-01-06 09:31:00,0.0,6.3718,117.04,-14.207,6.3718,0.07559,203.8,-0.00087,251.14,15.187,1.798,-10.675,-10.986,-11.243,180.81
2022-01-06 09:46:00,0.0,3.1973,116.49,-13.594,3.1973,0.0677699999999999,278.6,0.2876,65.017,37.795,2.2844,-9.0399,-9.226400000000002,-9.5903,747.69
2022-01-06 10:01:00,0.0,-34.497,116.55,-12.745,-34.497,0.0650199999999999,254.86,0.00029,267.32,16.645,0.5680899999999999,-8.5523,-8.6813,-9.0592,357.21
2022-01-06 10:16:00,0.0,-28.474,117.15,-12.677,-28.474,0.15914,215.05,0.31784,67.086,54.619,0.73572,-7.7678,-7.7648,-8.327199999999998,477.27
2022-01-06 10:31:00,0.0,20.572,116.69,-11.413,20.572,0.30406,211.19,0.44073,67.881,93.922,1.3735,-5.8697,-5.5853,-6.5168,832.9299999999998
2022-01-06 10:46:00,0.0,11.189,116.96,-10.289,11.189,0.21833,211.11,0.23673,66.611,61.894,3.2603,-4.122,-3.9256,-4.7525,524.72
2022-01-06 11:01:00,0.0,74.68,117.06,-9.8935,74.68,0.37569,219.86,0.45371,69.528,114.12,3.0177,-2.7941,-2.5636,-3.5601,1000.0
2022-01-06 11:16:00,0.0,-25.571,117.35,-9.3135,-25.571,0.12594,222.83,0.22236,63.279,41.287,2.9361,-2.5195,-2.1104,-3.3025,417.12
2022-01-06 11:31:00,0.0,-15.679,117.23,-9.0476,-15.679,0.0639799999999999,266.66,0.35898,104.24,49.45,3.7755,-1.7435,-1.4215,-2.4224,637.68
2022-01-06 11:46:00,0.0,-24.548,116.82,-8.2619,-24.548,0.07512,236.64,0.11579,69.264,25.461,4.6294,-0.91166,-0.76119,-1.6202,281.84
2022-01-06 12:01:00,0.0,-27.324,117.33,-8.872999999999998,-27.324,0.06947,248.49,0.0,270.17,16.724,4.4698,-1.4108,-1.3611,-2.2042,715.45
2022-01-06 12:16:00,0.0,5.5106,117.31,-8.3822,5.5106,0.0795899999999999,266.46,0.4506299999999999,69.412,51.723,5.6778,-0.65609,-0.56208,-1.2479,868.6799999999998
2022-01-06 12:31:00,0.0,49.314,117.49,-8.4807,49.314,0.37679,235.29,0.6148099999999999,68.831,130.92,5.2952,-0.37884,-1.0173,-1.3233,1020.8
2022-01-06 12:46:00,0.0,38.521,117.63,-8.6918,38.521,0.46864,183.39,0.76033,77.013,144.52,4.9059,-0.7780799999999999,-1.4036,-1.7505,1113.2
2022-01-06 13:01:00,0.0,7.0368,117.66,-9.0665,7.0368,0.2394399999999999,212.87,0.34505,73.168,75.771,6.0773,-1.8769,-2.5362,-2.9542,541.24
2022-01-06 13:16:00,0.0,34.326,117.56,-8.699099999999998,34.326,0.2874499999999999,212.87,0.3769899999999999,68.343,87.19199999999998,7.5077,-1.6266,-2.226,-2.5283,662.9
2022-01-06 13:31:00,0.0,62.193,117.45,-8.086299999999998,62.193,0.3662799999999999,216.63,0.5100799999999999,71.745,116.01,6.4011,-0.76768,-1.6968,-1.897,882.87
2022-01-06 13:46:00,0.0,59.506,117.31,-7.7946,59.506,0.34803,216.65,0.4772199999999999,69.795,108.85,6.9616,-0.63572,-1.5416,-1.7363,824.4299999999998
2022-01-06 14:01:00,0.0,25.528,117.25,-7.5033,25.528,0.3154799999999999,221.1,0.44579,72.70099999999998,102.12,7.2893,-0.1971499999999999,-0.95389,-1.21,771.1
2022-01-06 14:16:00,0.0,26.336,117.27,-7.4972,26.336,0.2980999999999999,212.63,0.3881999999999999,70.313,90.745,7.370599999999999,-0.3852599999999999,-1.3239,-1.4567,656.7
2022-01-06 14:31:00,0.0,-18.93,117.08,-6.2483,-18.93,0.1987299999999999,212.99,0.25124,66.135,59.073,6.9463,-0.1193,-0.7671099999999998,-1.1677,422.21
2022-01-06 14:46:00,0.0,-18.675,117.57,-6.3841,-18.675,0.0526399999999999,279.06,0.4791599999999999,68.252,47.151,7.7632,-0.4254899999999999,-1.2688,-1.3534,787.2799999999999
2022-01-06 15:01:00,0.0,3.2164,117.71,-6.383,3.2164,0.22561,210.45,0.32207,60.977,67.102,7.974,-0.83133,-1.6053,-1.6984,573.22
2022-01-06 15:16:00,0.0,-4.2807,117.5,-7.2606,-4.2807,0.2297899999999999,198.59,0.2791,65.295,63.848,8.0575,-1.9631,-2.7337,-2.6263,601.86
2022-01-06 15:31:00,0.0,-18.534,117.58,-5.8919,-18.534,0.1850999999999999,198.71,0.2555299999999999,63.076,52.954,8.0244,-1.8353,-2.4865,-2.588,506.38
2022-01-06 15:46:00,0.0,-31.421,117.45,-6.3912,-31.421,0.05842,257.18,0.17079,66.34,26.628,8.7378,-2.5689,-3.2891,-3.2818,414.75
2022-01-06 16:01:00,0.0,-2.9383,117.69,-5.6677,-2.9383,0.05958,227.56,-0.00058,250.7,13.405,9.6798,-3.0574,-3.7524,-3.7831,223.8
2022-01-06 16:16:00,0.0,-22.881,117.37,-6.379,-22.881,0.0628999999999999,182.45,-0.00029,240.3,11.39,8.492,-4.3236,-4.9536,-4.972,185.21
2022-01-06 16:31:00,0.0,-19.479,117.02,-7.4443,-19.479,0.02313,128.08,-0.00029,182.69,2.774,8.7131,-5.4241,-5.9876,-6.0418,28.942
2022-01-06 16:46:00,0.0,-15.963,116.88,-7.873999999999999,-15.963,-0.00058,117.34,-0.0001399999999999,132.46,-0.08784,8.6362,-6.4722,-6.962,-7.0241,10.001
2022-01-06 17:01:00,0.0,-39.12,116.68,-8.593099999999998,-39.12,0.0,87.766,0.0,98.343,-3e-05,8.3556,-7.4671,-7.8644,-7.9275,4.5276
2022-01-06 17:16:00,0.0,-10.434,116.61,-9.333,-10.434,0.0,10.132,-0.00029,8.6102,-0.0024299999999999,8.4182,-8.32,-8.6985,-8.7902,-1.1658
2022-01-06 17:31:00,0.0,-1.2494,116.06,-9.3021,-1.2494,0.00058,1.0595,0.0004299999999999,-0.0043499999999999,0.00062,8.4069,-8.7766,-9.1221,-9.1801,-1.1827
2022-01-06 17:46:00,0.0,-12.494,116.38,-10.652,-12.494,-0.0001399999999999,0.17188,-0.0001399999999999,0.0,-2e-05,8.2546,-9.6703,-9.946,-10.093,-0.92926
2022-01-06 18:01:00,0.0,-11.708,116.48,-11.148,-11.708,0.0,0.10662,0.0004299999999999,-0.00217,0.0,8.1142,-10.263,-10.492,-10.675,-0.89546
2022-01-06 18:16:00,0.0,-19.158,116.69,-10.796,-19.158,0.0,0.12402,-0.00029,0.0065199999999999,0.0,7.3926,-10.474,-10.689,-10.859,-0.67583
2022-01-06 18:31:00,0.0,-8.0982,116.82,-10.821,-8.0982,0.0001399999999999,0.15014,-0.00029,-0.00217,2e-05,7.0964,-10.567,-10.724,-10.931,-0.45622
2022-01-06 18:46:00,0.0,-9.8112,116.8,-10.515,-9.8112,0.0,0.1632,0.00072,-0.00217,0.0,7.3263,-10.502,-10.608,-10.847,-0.3041499999999999
2022-01-06 19:01:00,0.0,-18.096,117.6,-10.23,-18.096,0.0,0.16103,-0.0001399999999999,0.00217,0.0,6.2413,-10.334,-10.397,-10.649,-0.0506899999999999
2022-01-06 19:16:00,0.0,-26.798,116.91,-10.362,-26.798,0.0001399999999999,0.16975,0.0,0.00217,2e-05,6.8413,-10.271,-10.321,-10.627,-0.16899
2022-01-06 19:31:00,0.0,1.8745,117.6,-10.268,1.8745,0.0001399999999999,0.1827999999999999,-0.0012999999999999,0.0,3e-05,6.9544,-10.158,-10.229,-10.479,0.13519
2022-01-06 19:46:00,0.0,-3.8878,117.37,-10.038,-3.8878,0.0001399999999999,0.15451,-0.00029,-0.0043499999999999,2e-05,6.5373,-10.028,-10.087,-10.383,-0.21969
2022-01-06 20:01:00,0.0,-0.32405,117.0,-9.6005,-0.32405,0.00058,0.15451,0.00072,-0.0086899999999999,9e-05,6.4674,-9.8193,-9.863,-10.118,-0.0507
2022-01-06 20:16:00,0.0,-8.3544,117.54,-9.2242,-8.3544,0.0,0.19369,-0.0001399999999999,0.0,0.0,6.1335,-9.556,-9.5223,-9.7953,0.2703999999999999
2022-01-06 20:31:00,0.0,13.237,117.77,-6.061,13.237,0.00029,0.18281,-0.00087,0.0,5e-05,7.3301,-7.8463,-7.5847,-8.0819,1.0816
2022-01-06 20:46:00,0.0,-5.7392,117.26,-7.0622,-5.7392,0.0001399999999999,0.1501599999999999,0.00029,-0.0108699999999999,2e-05,6.6362,-7.671999999999999,-7.4542,-7.9318,-0.3548999999999999
2022-01-06 21:01:00,0.0,17.426,117.52,-3.6753,17.426,0.00058,0.15451,0.00029,-0.0173899999999999,8e-05,7.915899999999999,-5.8825,-5.4884,-6.1003,0.62529
2022-01-06 21:16:00,0.0,8.3311,118.2,-3.5816,8.3311,-0.00029,0.1827999999999999,-0.00058,0.0,-5e-05,7.7733,-5.2124,-4.7965,-5.583,0.35487
2022-01-06 21:31:00,0.0,-12.173,118.23,-3.8054,-12.173,-0.00029,0.15451,-0.00058,0.0065199999999999,-5e-05,7.566099999999999,-4.6163,-4.2612,-4.7499,-0.8280199999999999
2022-01-06 21:46:00,0.0,-16.708,118.66,-5.1777,-16.708,0.0,0.14363,-0.00029,0.0043499999999999,0.0,7.8169,-5.0875,-4.8819,-5.3283,-1.2843
2022-01-06 22:01:00,0.0,-18.975,118.17,-1.7259,-18.975,0.0,0.15667,0.0,0.00217,0.0,7.2487,-3.7023,-3.4105,-3.9214,-0.0168999999999999
2022-01-06 22:16:00,0.0,-3.6788,118.27,-0.51926,-3.6788,0.0,0.1566599999999999,0.0,0.0,0.0,8.022,-2.7249,-2.3546,-2.9308,-0.6420799999999999
2022-01-06 22:31:00,0.0,-4.6507,118.38,0.4244,-4.6507,0.0001399999999999,0.1436099999999999,0.0001399999999999,-0.0043499999999999,2e-05,8.0316,-1.6459,-1.2485,-1.9222,-1.0476
2022-01-06 22:46:00,0.0,0.3702699999999999,118.48,-1.0552,0.3702699999999999,0.00029,0.12402,0.0,-0.0065199999999999,3e-05,8.7222,-1.857,-1.5605,-2.122,-1.6051
2022-01-06 23:01:00,0.0,13.765,117.63,1.52,13.765,0.00058,0.13488,0.00029,-0.0086899999999999,8e-05,9.3443,-0.3439499999999999,0.12501,-0.4192,-1.4868
2022-01-06 23:16:00,0.0,-14.829,117.9,2.0516,-14.829,0.00029,0.1261799999999999,0.00058,0.0,4e-05,9.2674,0.20957,0.37618,0.07871,-1.9427
2022-01-06 23:31:00,0.0,-25.285,118.31,2.8323,-25.285,0.0,0.10442,0.0,0.00434,0.0,9.133,0.37352,0.5577699999999999,0.3069799999999999,-1.8751
2022-01-06 23:46:00,0.0,10.294,117.94,4.1514,10.294,0.0004299999999999,0.10876,0.00029,-0.01086,5e-05,10.156,0.65019,0.7883999999999999,0.72563,-1.4697
