measured_on,ac_power__752
2022-03-18 04:33:00-07:00,-2.7098
2022-03-18 04:34:00-07:00,-2.5969
2022-03-18 04:35:00-07:00,-2.7098
2022-03-18 04:36:00-07:00,-2.5969
2022-03-18 04:37:00-07:00,-2.5291
2022-03-18 04:38:00-07:00,-2.484
2022-03-18 04:39:00-07:00,-2.6195
2022-03-18 04:40:00-07:00,-2.6195
2022-03-18 04:41:00-07:00,-2.5066
2022-03-18 04:42:00-07:00,-2.5743
2022-03-18 04:43:00-07:00,-2.5743
2022-03-18 04:44:00-07:00,-2.5291
2022-03-18 04:45:00-07:00,-2.5743
2022-03-18 04:46:00-07:00,-2.484
2022-03-18 04:47:00-07:00,-2.7098
2022-03-18 04:48:00-07:00,-2.5292
2022-03-18 04:49:00-07:00,-2.5744
2022-03-18 04:50:00-07:00,-2.5744
2022-03-18 04:51:00-07:00,-2.484
2022-03-18 04:52:00-07:00,-2.5743
2022-03-18 04:53:00-07:00,-2.5292
2022-03-18 04:54:00-07:00,-2.6873
2022-03-18 04:55:00-07:00,-2.6647
2022-03-18 04:56:00-07:00,-2.597
2022-03-18 04:57:00-07:00,-2.4616
2022-03-18 04:58:00-07:00,-2.4841
2022-03-18 04:59:00-07:00,-2.4841
2022-03-18 05:00:00-07:00,-2.5293
2022-03-18 05:01:00-07:00,-2.5744
2022-03-18 05:02:00-07:00,-2.4389
2022-03-18 05:03:00-07:00,-2.3712
2022-03-18 05:04:00-07:00,-2.5971
2022-03-18 05:05:00-07:00,-2.5067
2022-03-18 05:06:00-07:00,-2.4164
2022-03-18 05:07:00-07:00,-2.5067
2022-03-18 05:08:00-07:00,-2.5068
2022-03-18 05:09:00-07:00,-2.5068
2022-03-18 05:10:00-07:00,-2.5068
2022-03-18 05:11:00-07:00,-2.5745
2022-03-18 05:12:00-07:00,-2.4616
2022-03-18 05:13:00-07:00,-2.4391
2022-03-18 05:14:00-07:00,-2.4164
2022-03-18 05:15:00-07:00,-2.552
2022-03-18 05:16:00-07:00,-2.5745
2022-03-18 05:17:00-07:00,-2.4164
2022-03-18 05:18:00-07:00,-2.5745
2022-03-18 05:19:00-07:00,-2.4616
2022-03-18 05:20:00-07:00,-2.4843
2022-03-18 05:21:00-07:00,-2.4617
2022-03-18 05:22:00-07:00,-2.4842
2022-03-18 05:23:00-07:00,-2.5069
2022-03-18 05:24:00-07:00,-2.6198
2022-03-18 05:25:00-07:00,-2.4391
2022-03-18 05:26:00-07:00,-2.5972
2022-03-18 05:27:00-07:00,-2.4843
2022-03-18 05:28:00-07:00,-2.552
2022-03-18 05:29:00-07:00,-2.5068
2022-03-18 05:30:00-07:00,-2.4165
2022-03-18 05:31:00-07:00,-2.5295
2022-03-18 05:32:00-07:00,-2.4843
2022-03-18 05:33:00-07:00,-2.4617
2022-03-18 05:34:00-07:00,-2.4165
2022-03-18 05:35:00-07:00,-2.3488
2022-03-18 05:36:00-07:00,-2.4391
2022-03-18 05:37:00-07:00,-2.4391
2022-03-18 05:38:00-07:00,-2.4166
2022-03-18 05:39:00-07:00,-2.4391
2022-03-18 05:40:00-07:00,-2.4843
2022-03-18 05:41:00-07:00,-2.4165
2022-03-18 05:42:00-07:00,-2.4618
2022-03-18 05:43:00-07:00,-2.5069
2022-03-18 05:44:00-07:00,-2.4166
2022-03-18 05:45:00-07:00,-2.5746
2022-03-18 05:46:00-07:00,-2.5294
2022-03-18 05:47:00-07:00,-2.5069
2022-03-18 05:48:00-07:00,-2.4618
2022-03-18 05:49:00-07:00,-2.5973
2022-03-18 05:50:00-07:00,-2.5069
2022-03-18 05:51:00-07:00,-2.552
2022-03-18 05:52:00-07:00,-3.0489
2022-03-18 05:53:00-07:00,-3.5457
2022-03-18 05:54:00-07:00,-3.3876
2022-03-18 05:55:00-07:00,-3.5457
2022-03-18 05:56:00-07:00,-3.591
2022-03-18 05:57:00-07:00,-3.591
2022-03-18 05:58:00-07:00,-3.6361
2022-03-18 05:59:00-07:00,-3.9071
2022-03-18 06:00:00-07:00,-4.133
2022-03-18 06:01:00-07:00,-4.2685
2022-03-18 06:02:00-07:00,-4.5621
2022-03-18 06:03:00-07:00,-4.7654
2022-03-18 06:04:00-07:00,-4.7202
2022-03-18 06:05:00-07:00,-5.1042
2022-03-18 06:06:00-07:00,-4.9686
2022-03-18 06:07:00-07:00,-5.0363
2022-03-18 06:08:00-07:00,-5.0589
2022-03-18 06:09:00-07:00,-5.2171
2022-03-18 06:10:00-07:00,9.1242
2022-03-18 06:11:00-07:00,65.496
2022-03-18 06:12:00-07:00,102.06
2022-03-18 06:13:00-07:00,123.94
2022-03-18 06:14:00-07:00,142.76
2022-03-18 06:15:00-07:00,161.51
2022-03-18 06:16:00-07:00,179.6
2022-03-18 06:17:00-07:00,204.98
2022-03-18 06:18:00-07:00,230.88
2022-03-18 06:19:00-07:00,263.04
2022-03-18 06:20:00-07:00,295.48
2022-03-18 06:21:00-07:00,323.24
2022-03-18 06:22:00-07:00,354.94
2022-03-18 06:23:00-07:00,383.51
2022-03-18 06:24:00-07:00,412.14
2022-03-18 06:25:00-07:00,438.19
2022-03-18 06:26:00-07:00,467.05
2022-03-18 06:27:00-07:00,499.57
2022-03-18 06:28:00-07:00,528.82
2022-03-18 06:29:00-07:00,558.75
2022-03-18 06:30:00-07:00,589.06
2022-03-18 06:31:00-07:00,623.78
2022-03-18 06:32:00-07:00,655.21
2022-03-18 06:33:00-07:00,688.19
2022-03-18 06:34:00-07:00,726.13
2022-03-18 06:35:00-07:00,758.12
2022-03-18 06:36:00-07:00,788.31
2022-03-18 06:37:00-07:00,821.06
2022-03-18 06:38:00-07:00,845.72
2022-03-18 06:39:00-07:00,881.32
2022-03-18 06:40:00-07:00,900.61
2022-03-18 06:41:00-07:00,927.69
2022-03-18 06:42:00-07:00,958.91
2022-03-18 06:43:00-07:00,985.51
2022-03-18 06:44:00-07:00,1024
2022-03-18 06:45:00-07:00,1056.6
2022-03-18 06:46:00-07:00,1093.3
2022-03-18 06:47:00-07:00,1126.3
2022-03-18 06:48:00-07:00,1161
2022-03-18 06:49:00-07:00,1196.7
2022-03-18 06:50:00-07:00,1233.8
2022-03-18 06:51:00-07:00,1270.3
2022-03-18 06:52:00-07:00,1299.9
2022-03-18 06:53:00-07:00,1334
2022-03-18 06:54:00-07:00,1374.6
2022-03-18 06:55:00-07:00,1402.3
2022-03-18 06:56:00-07:00,1417.1
2022-03-18 06:57:00-07:00,1443.8
2022-03-18 06:58:00-07:00,1477.3
2022-03-18 06:59:00-07:00,1500.8
2022-03-18 07:00:00-07:00,1529.6
2022-03-18 07:01:00-07:00,1566.3
2022-03-18 07:02:00-07:00,1614.5
2022-03-18 07:03:00-07:00,1642.8
2022-03-18 07:04:00-07:00,1669.5
2022-03-18 07:05:00-07:00,1694.4
2022-03-18 07:06:00-07:00,1724.7
2022-03-18 07:07:00-07:00,1754.5
2022-03-18 07:08:00-07:00,1783.7
2022-03-18 07:09:00-07:00,1808.8
2022-03-18 07:10:00-07:00,1855.1
2022-03-18 07:11:00-07:00,1879.5
2022-03-18 07:12:00-07:00,1906.2
2022-03-18 07:13:00-07:00,1934.6
2022-03-18 07:14:00-07:00,1956
2022-03-18 07:15:00-07:00,1977.4
2022-03-18 07:16:00-07:00,2008.9
2022-03-18 07:17:00-07:00,2037.4
2022-03-18 07:18:00-07:00,2066.3
2022-03-18 07:19:00-07:00,2089.3
2022-03-18 07:20:00-07:00,2115.3
2022-03-18 07:21:00-07:00,2136.4
2022-03-18 07:22:00-07:00,2162.8
2022-03-18 07:23:00-07:00,2180.7
2022-03-18 07:24:00-07:00,2208.7
2022-03-18 07:25:00-07:00,2231.3
2022-03-18 07:26:00-07:00,2256.7
2022-03-18 07:27:00-07:00,2281
2022-03-18 07:28:00-07:00,2310
2022-03-18 07:29:00-07:00,2329.4
2022-03-18 07:30:00-07:00,2355.1
2022-03-18 07:31:00-07:00,2381.4
2022-03-18 07:32:00-07:00,2400.6
2022-03-18 07:33:00-07:00,2425.7
2022-03-18 07:34:00-07:00,2446.2
2022-03-18 07:35:00-07:00,2475.5
2022-03-18 07:36:00-07:00,2495.4
2022-03-18 07:37:00-07:00,2521.5
2022-03-18 07:38:00-07:00,2549
2022-03-18 07:39:00-07:00,2570.9
2022-03-18 07:40:00-07:00,2598.6
2022-03-18 07:41:00-07:00,2625
2022-03-18 07:42:00-07:00,2645.3
2022-03-18 07:43:00-07:00,2671.2
2022-03-18 07:44:00-07:00,2694.8
2022-03-18 07:45:00-07:00,2739.4
2022-03-18 07:46:00-07:00,2744.4
2022-03-18 07:47:00-07:00,2750.5
2022-03-18 07:48:00-07:00,2778.7
2022-03-18 07:49:00-07:00,2804.5
2022-03-18 07:50:00-07:00,2837.1
2022-03-18 07:51:00-07:00,2862.2
2022-03-18 07:52:00-07:00,2912.9
2022-03-18 07:53:00-07:00,2921.3
2022-03-18 07:54:00-07:00,2936.1
2022-03-18 07:55:00-07:00,2961.4
2022-03-18 07:56:00-07:00,2980.4
2022-03-18 07:57:00-07:00,2979.3
2022-03-18 07:58:00-07:00,2965.4
2022-03-18 07:59:00-07:00,2953.7
2022-03-18 08:00:00-07:00,2962.2
2022-03-18 08:01:00-07:00,2970.3
2022-03-18 08:02:00-07:00,2990.9
2022-03-18 08:03:00-07:00,2996.1
2022-03-18 08:04:00-07:00,2983
2022-03-18 08:05:00-07:00,2990.1
2022-03-18 08:06:00-07:00,3028.4
2022-03-18 08:07:00-07:00,3056.5
2022-03-18 08:08:00-07:00,3060.6
2022-03-18 08:09:00-07:00,3016.7
2022-03-18 08:10:00-07:00,3020.2
2022-03-18 08:11:00-07:00,3015.5
2022-03-18 08:12:00-07:00,2998.7
2022-03-18 08:13:00-07:00,2977.8
2022-03-18 08:14:00-07:00,2973.1
2022-03-18 08:15:00-07:00,3030
2022-03-18 08:16:00-07:00,3073.6
2022-03-18 08:17:00-07:00,3102.5
2022-03-18 08:18:00-07:00,3113
2022-03-18 08:19:00-07:00,3154
2022-03-18 08:20:00-07:00,3169.9
2022-03-18 08:21:00-07:00,3193.4
2022-03-18 08:22:00-07:00,3221.4
2022-03-18 08:23:00-07:00,3222.9
2022-03-18 08:24:00-07:00,3221.8
2022-03-18 08:25:00-07:00,3239.4
2022-03-18 08:26:00-07:00,3261.4
2022-03-18 08:27:00-07:00,3248.9
2022-03-18 08:28:00-07:00,3261.4
2022-03-18 08:29:00-07:00,3283.9
2022-03-18 08:30:00-07:00,3297.5
2022-03-18 08:31:00-07:00,3330.8
2022-03-18 08:32:00-07:00,3355.8
2022-03-18 08:33:00-07:00,3376.4
2022-03-18 08:34:00-07:00,3445
2022-03-18 08:35:00-07:00,3342
2022-03-18 08:36:00-07:00,3464.3
2022-03-18 08:37:00-07:00,3469
2022-03-18 08:38:00-07:00,3502.6
2022-03-18 08:39:00-07:00,3535.8
2022-03-18 08:40:00-07:00,3459.9
2022-03-18 08:41:00-07:00,3555.3
2022-03-18 08:42:00-07:00,3444.8
2022-03-18 08:43:00-07:00,3494.2
2022-03-18 08:44:00-07:00,3620.8
2022-03-18 08:45:00-07:00,3512.7
2022-03-18 08:46:00-07:00,3618.9
2022-03-18 08:47:00-07:00,3453.7
2022-03-18 08:48:00-07:00,3623.7
2022-03-18 08:49:00-07:00,3605.4
2022-03-18 08:50:00-07:00,3612.2
2022-03-18 08:51:00-07:00,3604.4
2022-03-18 08:52:00-07:00,3527.9
2022-03-18 08:53:00-07:00,3630
2022-03-18 08:54:00-07:00,3590.7
2022-03-18 08:55:00-07:00,3546.9
2022-03-18 08:56:00-07:00,3518.7
2022-03-18 08:57:00-07:00,3699.4
2022-03-18 08:58:00-07:00,3568
2022-03-18 08:59:00-07:00,3684.5
2022-03-18 09:00:00-07:00,3619.5
2022-03-18 09:01:00-07:00,3615.2
2022-03-18 09:02:00-07:00,3723.6
2022-03-18 09:03:00-07:00,3504.7
2022-03-18 09:04:00-07:00,3714.7
2022-03-18 09:05:00-07:00,3577
2022-03-18 09:06:00-07:00,3724.6
2022-03-18 09:07:00-07:00,3599.3
2022-03-18 09:08:00-07:00,3730.3
2022-03-18 09:09:00-07:00,3706.9
2022-03-18 09:10:00-07:00,3516
2022-03-18 09:11:00-07:00,3665.6
2022-03-18 09:12:00-07:00,3654.3
2022-03-18 09:13:00-07:00,3623.3
2022-03-18 09:14:00-07:00,3743.7
2022-03-18 09:15:00-07:00,3736.4
2022-03-18 09:16:00-07:00,3847.5
2022-03-18 09:17:00-07:00,3790
2022-03-18 09:18:00-07:00,3863.9
2022-03-18 09:19:00-07:00,3751.3
2022-03-18 09:20:00-07:00,3919.5
2022-03-18 09:21:00-07:00,3769.2
2022-03-18 09:22:00-07:00,3831
2022-03-18 09:23:00-07:00,3908.5
2022-03-18 09:24:00-07:00,3884.8
2022-03-18 09:25:00-07:00,3794.7
2022-03-18 09:26:00-07:00,3914.9
2022-03-18 09:27:00-07:00,3983.3
2022-03-18 09:28:00-07:00,3972.5
2022-03-18 09:29:00-07:00,3871.9
2022-03-18 09:30:00-07:00,3903.7
2022-03-18 09:31:00-07:00,3878.5
2022-03-18 09:32:00-07:00,3943
2022-03-18 09:33:00-07:00,3732.1
2022-03-18 09:34:00-07:00,3754.9
2022-03-18 09:35:00-07:00,3879.8
2022-03-18 09:36:00-07:00,3646.6
2022-03-18 09:37:00-07:00,3882.5
2022-03-18 09:38:00-07:00,3695.1
2022-03-18 09:39:00-07:00,3839.1
2022-03-18 09:40:00-07:00,3639.4
2022-03-18 09:41:00-07:00,3874.5
2022-03-18 09:42:00-07:00,3716.3
2022-03-18 09:43:00-07:00,3868.1
2022-03-18 09:44:00-07:00,3851.8
2022-03-18 09:45:00-07:00,3620.6
2022-03-18 09:46:00-07:00,3838.3
2022-03-18 09:47:00-07:00,3743.1
2022-03-18 09:48:00-07:00,3699.3
2022-03-18 09:49:00-07:00,3743.5
2022-03-18 09:50:00-07:00,3809.2
2022-03-18 09:51:00-07:00,3737.8
2022-03-18 09:52:00-07:00,3801
2022-03-18 09:53:00-07:00,3660.3
2022-03-18 09:54:00-07:00,3708.4
2022-03-18 09:55:00-07:00,3858.6
2022-03-18 09:56:00-07:00,3795.4
2022-03-18 09:57:00-07:00,3828.2
2022-03-18 09:58:00-07:00,3710.8
2022-03-18 09:59:00-07:00,3942.8
2022-03-18 10:00:00-07:00,3876.1
2022-03-18 10:01:00-07:00,3972.5
2022-03-18 10:02:00-07:00,3841.3
2022-03-18 10:03:00-07:00,3776
2022-03-18 10:04:00-07:00,4050.8
2022-03-18 10:05:00-07:00,3948
2022-03-18 10:06:00-07:00,4100.7
2022-03-18 10:07:00-07:00,3965.1
2022-03-18 10:08:00-07:00,4118.5
2022-03-18 10:09:00-07:00,4113.5
2022-03-18 10:10:00-07:00,4002.7
2022-03-18 10:11:00-07:00,3976.6
2022-03-18 10:12:00-07:00,3849
2022-03-18 10:13:00-07:00,4156
2022-03-18 10:14:00-07:00,3912.6
2022-03-18 10:15:00-07:00,4181.6
2022-03-18 10:16:00-07:00,4182.8
2022-03-18 10:17:00-07:00,4222.4
2022-03-18 10:18:00-07:00,4227.5
2022-03-18 10:19:00-07:00,4174.8
2022-03-18 10:20:00-07:00,4197
2022-03-18 10:21:00-07:00,4127.6
2022-03-18 10:22:00-07:00,4139.1
2022-03-18 10:23:00-07:00,4053.9
2022-03-18 10:24:00-07:00,4084.8
2022-03-18 10:25:00-07:00,4232.1
2022-03-18 10:26:00-07:00,4166.6
2022-03-18 10:27:00-07:00,4213.5
2022-03-18 10:28:00-07:00,4156
2022-03-18 10:29:00-07:00,4338.5
2022-03-18 10:30:00-07:00,4116
2022-03-18 10:31:00-07:00,4264.4
2022-03-18 10:32:00-07:00,4276
2022-03-18 10:33:00-07:00,4199.8
2022-03-18 10:34:00-07:00,4358.8
2022-03-18 10:35:00-07:00,4235.3
2022-03-18 10:36:00-07:00,4414.3
2022-03-18 10:37:00-07:00,4274.1
2022-03-18 10:38:00-07:00,4428.8
2022-03-18 10:39:00-07:00,4453.4
2022-03-18 10:40:00-07:00,4285.1
2022-03-18 10:41:00-07:00,4399
2022-03-18 10:42:00-07:00,4230.5
2022-03-18 10:43:00-07:00,4443.8
2022-03-18 10:44:00-07:00,4221.1
2022-03-18 10:45:00-07:00,4446
2022-03-18 10:46:00-07:00,4499
2022-03-18 10:47:00-07:00,4377.1
2022-03-18 10:48:00-07:00,4532.7
2022-03-18 10:49:00-07:00,4384.6
2022-03-18 10:50:00-07:00,4556.6
2022-03-18 10:51:00-07:00,4402.8
2022-03-18 10:52:00-07:00,4561
2022-03-18 10:53:00-07:00,4557.6
2022-03-18 10:54:00-07:00,4403.5
2022-03-18 10:55:00-07:00,4563.1
2022-03-18 10:56:00-07:00,4407.1
2022-03-18 10:57:00-07:00,4617.1
2022-03-18 10:58:00-07:00,4449
2022-03-18 10:59:00-07:00,4590.4
2022-03-18 11:00:00-07:00,4559.6
2022-03-18 11:01:00-07:00,4401.4
2022-03-18 11:02:00-07:00,4576.7
2022-03-18 11:03:00-07:00,4431.3
2022-03-18 11:04:00-07:00,4601.6
2022-03-18 11:05:00-07:00,4466.2
2022-03-18 11:06:00-07:00,4559
2022-03-18 11:07:00-07:00,4511.2
2022-03-18 11:08:00-07:00,4380.1
2022-03-18 11:09:00-07:00,4528.7
2022-03-18 11:10:00-07:00,4402.6
2022-03-18 11:11:00-07:00,4529.9
2022-03-18 11:12:00-07:00,4437.6
2022-03-18 11:13:00-07:00,4525.8
2022-03-18 11:14:00-07:00,4527
2022-03-18 11:15:00-07:00,4458.5
2022-03-18 11:16:00-07:00,4495.7
2022-03-18 11:17:00-07:00,4503.7
2022-03-18 11:18:00-07:00,4513.9
2022-03-18 11:19:00-07:00,4526.8
2022-03-18 11:20:00-07:00,4515.6
2022-03-18 11:21:00-07:00,4263.7
2022-03-18 11:22:00-07:00,4490.5
2022-03-18 11:23:00-07:00,4543.2
2022-03-18 11:24:00-07:00,4541
2022-03-18 11:25:00-07:00,4503.6
2022-03-18 11:26:00-07:00,4489.3
2022-03-18 11:27:00-07:00,4488.9
2022-03-18 11:28:00-07:00,4492.5
2022-03-18 11:29:00-07:00,4453.8
2022-03-18 11:30:00-07:00,4510.1
2022-03-18 11:31:00-07:00,4527.6
2022-03-18 11:32:00-07:00,4490.3
2022-03-18 11:33:00-07:00,4479.4
2022-03-18 11:34:00-07:00,4488
2022-03-18 11:35:00-07:00,4472.1
2022-03-18 11:36:00-07:00,4446.4
2022-03-18 11:37:00-07:00,4465.4
2022-03-18 11:38:00-07:00,4371.4
2022-03-18 11:39:00-07:00,4263.9
2022-03-18 11:40:00-07:00,4387
2022-03-18 11:41:00-07:00,4463.6
2022-03-18 11:42:00-07:00,4485.1
2022-03-18 11:43:00-07:00,4465.2
2022-03-18 11:44:00-07:00,4484.1
2022-03-18 11:45:00-07:00,4500
2022-03-18 11:46:00-07:00,4528.9
2022-03-18 11:47:00-07:00,4537.6
2022-03-18 11:48:00-07:00,4514.8
2022-03-18 11:49:00-07:00,4499.3
2022-03-18 11:50:00-07:00,4512.4
2022-03-18 11:51:00-07:00,4551.2
2022-03-18 11:52:00-07:00,4537.8
2022-03-18 11:53:00-07:00,4502.3
2022-03-18 11:54:00-07:00,4562.2
2022-03-18 11:55:00-07:00,4628.5
2022-03-18 11:56:00-07:00,4577.6
2022-03-18 11:57:00-07:00,4620.1
2022-03-18 11:58:00-07:00,4536
2022-03-18 11:59:00-07:00,4573.4
2022-03-18 12:00:00-07:00,4443.1
2022-03-18 12:01:00-07:00,4384.2
2022-03-18 12:02:00-07:00,4410.7
2022-03-18 12:03:00-07:00,4362.4
2022-03-18 12:04:00-07:00,4523.5
2022-03-18 12:05:00-07:00,4505.4
2022-03-18 12:06:00-07:00,4489.6
2022-03-18 12:07:00-07:00,4519.5
2022-03-18 12:08:00-07:00,4513.9
2022-03-18 12:09:00-07:00,4467.4
2022-03-18 12:10:00-07:00,4518.6
2022-03-18 12:11:00-07:00,4479.2
2022-03-18 12:12:00-07:00,4537.4
2022-03-18 12:13:00-07:00,4468.6
2022-03-18 12:14:00-07:00,4523
2022-03-18 12:15:00-07:00,4514.7
2022-03-18 12:16:00-07:00,4417.9
2022-03-18 12:17:00-07:00,4457.3
2022-03-18 12:18:00-07:00,4458.8
2022-03-18 12:19:00-07:00,4525.7
2022-03-18 12:20:00-07:00,4438
2022-03-18 12:21:00-07:00,4511.4
2022-03-18 12:22:00-07:00,4471.9
2022-03-18 12:23:00-07:00,4331
2022-03-18 12:24:00-07:00,4344.5
2022-03-18 12:25:00-07:00,4182.7
2022-03-18 12:26:00-07:00,4320.4
2022-03-18 12:27:00-07:00,4275.8
2022-03-18 12:28:00-07:00,4188
2022-03-18 12:29:00-07:00,3996.1
2022-03-18 12:30:00-07:00,4107.1
2022-03-18 12:31:00-07:00,4177.9
2022-03-18 12:32:00-07:00,4232.4
2022-03-18 12:33:00-07:00,4072.4
2022-03-18 12:34:00-07:00,4249.7
2022-03-18 12:35:00-07:00,4242.8
2022-03-18 12:36:00-07:00,4207.4
2022-03-18 12:37:00-07:00,4088.9
2022-03-18 12:38:00-07:00,4174.1
2022-03-18 12:39:00-07:00,4193.2
2022-03-18 12:40:00-07:00,4148.5
2022-03-18 12:41:00-07:00,4189.5
2022-03-18 12:42:00-07:00,4158
2022-03-18 12:43:00-07:00,4231.3
2022-03-18 12:44:00-07:00,4175.7
2022-03-18 12:45:00-07:00,4245.5
2022-03-18 12:46:00-07:00,4264.6
2022-03-18 12:47:00-07:00,4151.1
2022-03-18 12:48:00-07:00,4231.9
2022-03-18 12:49:00-07:00,4240
2022-03-18 12:50:00-07:00,4023.4
2022-03-18 12:51:00-07:00,3998
2022-03-18 12:52:00-07:00,4045.2
2022-03-18 12:53:00-07:00,3977.2
2022-03-18 12:54:00-07:00,4084.6
2022-03-18 12:55:00-07:00,3833.5
2022-03-18 12:56:00-07:00,3982.5
2022-03-18 12:57:00-07:00,4074
2022-03-18 12:58:00-07:00,3961.1
2022-03-18 12:59:00-07:00,3891.3
2022-03-18 13:00:00-07:00,4116.5
2022-03-18 13:01:00-07:00,3815.3
2022-03-18 13:02:00-07:00,3977.1
2022-03-18 13:03:00-07:00,4052.3
2022-03-18 13:04:00-07:00,4183.1
2022-03-18 13:05:00-07:00,4145.4
2022-03-18 13:06:00-07:00,4036.2
2022-03-18 13:07:00-07:00,4025
2022-03-18 13:08:00-07:00,4050.5
2022-03-18 13:09:00-07:00,4071.5
2022-03-18 13:10:00-07:00,4065.7
2022-03-18 13:11:00-07:00,4106.4
2022-03-18 13:12:00-07:00,4060.4
2022-03-18 13:13:00-07:00,4136.8
2022-03-18 13:14:00-07:00,4238.9
2022-03-18 13:15:00-07:00,4181.2
2022-03-18 13:16:00-07:00,4193.6
2022-03-18 13:17:00-07:00,4102.9
2022-03-18 13:18:00-07:00,4245.8
2022-03-18 13:19:00-07:00,4162.7
2022-03-18 13:20:00-07:00,4377.1
2022-03-18 13:21:00-07:00,4251.4
2022-03-18 13:22:00-07:00,4343.5
2022-03-18 13:23:00-07:00,4279.4
2022-03-18 13:24:00-07:00,4388.7
2022-03-18 13:25:00-07:00,4182.3
2022-03-18 13:26:00-07:00,4353
2022-03-18 13:27:00-07:00,4188
2022-03-18 13:28:00-07:00,4229.1
2022-03-18 13:29:00-07:00,4326
2022-03-18 13:30:00-07:00,4209.1
2022-03-18 13:31:00-07:00,4283.5
2022-03-18 13:32:00-07:00,4314.6
2022-03-18 13:33:00-07:00,4115.5
2022-03-18 13:34:00-07:00,4063.1
2022-03-18 13:35:00-07:00,4191.5
2022-03-18 13:36:00-07:00,4126.1
2022-03-18 13:37:00-07:00,4176.5
2022-03-18 13:38:00-07:00,4055
2022-03-18 13:39:00-07:00,4071
2022-03-18 13:40:00-07:00,4082.8
2022-03-18 13:41:00-07:00,4106.2
2022-03-18 13:42:00-07:00,4072.2
2022-03-18 13:43:00-07:00,4062.4
2022-03-18 13:44:00-07:00,4172
2022-03-18 13:45:00-07:00,4134.9
2022-03-18 13:46:00-07:00,3999
2022-03-18 13:47:00-07:00,3992.6
2022-03-18 13:48:00-07:00,3885.5
2022-03-18 13:49:00-07:00,3619.4
2022-03-18 13:50:00-07:00,3525
2022-03-18 13:51:00-07:00,3352.7
2022-03-18 13:52:00-07:00,3566.4
2022-03-18 13:53:00-07:00,3637.4
2022-03-18 13:54:00-07:00,3868.9
2022-03-18 13:55:00-07:00,3707.6
2022-03-18 13:56:00-07:00,3780.6
2022-03-18 13:57:00-07:00,3647.3
2022-03-18 13:58:00-07:00,3378.6
2022-03-18 13:59:00-07:00,3411.7
2022-03-18 14:00:00-07:00,3451.2
2022-03-18 14:01:00-07:00,3055
2022-03-18 14:02:00-07:00,3011.7
2022-03-18 14:03:00-07:00,2887.3
2022-03-18 14:04:00-07:00,2904.5
2022-03-18 14:05:00-07:00,2962.4
2022-03-18 14:06:00-07:00,2904.1
2022-03-18 14:07:00-07:00,2901.4
2022-03-18 14:08:00-07:00,2950.4
2022-03-18 14:09:00-07:00,2890.9
2022-03-18 14:10:00-07:00,2803
2022-03-18 14:11:00-07:00,2918.4
2022-03-18 14:12:00-07:00,2961.6
2022-03-18 14:13:00-07:00,2844.1
2022-03-18 14:14:00-07:00,2795.8
2022-03-18 14:15:00-07:00,2832.8
2022-03-18 14:16:00-07:00,2891.7
2022-03-18 14:17:00-07:00,2937.1
2022-03-18 14:18:00-07:00,3007.3
2022-03-18 14:19:00-07:00,2914.5
2022-03-18 14:20:00-07:00,2836
2022-03-18 14:21:00-07:00,2791.2
2022-03-18 14:22:00-07:00,2754.3
2022-03-18 14:23:00-07:00,2750.5
2022-03-18 14:24:00-07:00,2687.1
2022-03-18 14:25:00-07:00,2558.7
2022-03-18 14:26:00-07:00,2515.1
2022-03-18 14:27:00-07:00,2508.6
2022-03-18 14:28:00-07:00,2472.4
2022-03-18 14:29:00-07:00,2461.2
2022-03-18 14:30:00-07:00,2518.2
2022-03-18 14:31:00-07:00,2614.8
2022-03-18 14:32:00-07:00,2703.1
2022-03-18 14:33:00-07:00,2530.1
2022-03-18 14:34:00-07:00,2456.6
2022-03-18 14:35:00-07:00,2443.8
2022-03-18 14:36:00-07:00,2419.1
2022-03-18 14:37:00-07:00,2391.1
2022-03-18 14:38:00-07:00,2357.4
2022-03-18 14:39:00-07:00,2331.1
2022-03-18 14:40:00-07:00,2317
2022-03-18 14:41:00-07:00,2312.4
2022-03-18 14:42:00-07:00,2306.9
2022-03-18 14:43:00-07:00,2308
2022-03-18 14:44:00-07:00,2306.5
2022-03-18 14:45:00-07:00,2312.6
2022-03-18 14:46:00-07:00,2319.3
2022-03-18 14:47:00-07:00,2333.9
2022-03-18 14:48:00-07:00,2327
2022-03-18 14:49:00-07:00,2344.2
2022-03-18 14:50:00-07:00,2372.9
2022-03-18 14:51:00-07:00,2385.4
2022-03-18 14:52:00-07:00,2423
2022-03-18 14:53:00-07:00,2563
2022-03-18 14:54:00-07:00,2722.2
2022-03-18 14:55:00-07:00,2874.4
2022-03-18 14:56:00-07:00,3196.2
2022-03-18 14:57:00-07:00,3225.3
2022-03-18 14:58:00-07:00,3150.7
2022-03-18 14:59:00-07:00,3124.1
2022-03-18 15:00:00-07:00,3158.9
2022-03-18 15:01:00-07:00,3057.1
2022-03-18 15:02:00-07:00,3060.7
2022-03-18 15:03:00-07:00,2968.3
2022-03-18 15:04:00-07:00,2808.1
2022-03-18 15:05:00-07:00,2818.7
2022-03-18 15:06:00-07:00,2805.7
2022-03-18 15:07:00-07:00,2659.7
2022-03-18 15:08:00-07:00,2653.3
2022-03-18 15:09:00-07:00,2456.6
2022-03-18 15:10:00-07:00,2414.6
2022-03-18 15:11:00-07:00,2526.8
2022-03-18 15:12:00-07:00,2618.5
2022-03-18 15:13:00-07:00,2801.5
2022-03-18 15:14:00-07:00,2969.8
2022-03-18 15:15:00-07:00,3138.1
2022-03-18 15:16:00-07:00,3184.2
2022-03-18 15:17:00-07:00,3317.4
2022-03-18 15:18:00-07:00,3501.4
2022-03-18 15:19:00-07:00,3578.4
2022-03-18 15:20:00-07:00,3445.5
2022-03-18 15:21:00-07:00,3472.7
2022-03-18 15:22:00-07:00,3147.4
2022-03-18 15:23:00-07:00,2992.8
2022-03-18 15:24:00-07:00,3073.6
2022-03-18 15:25:00-07:00,3180.3
2022-03-18 15:26:00-07:00,2920.9
2022-03-18 15:27:00-07:00,3022.1
2022-03-18 15:28:00-07:00,3027.9
2022-03-18 15:29:00-07:00,3032.4
2022-03-18 15:30:00-07:00,3131.5
2022-03-18 15:31:00-07:00,3125.3
2022-03-18 15:32:00-07:00,3254.9
2022-03-18 15:33:00-07:00,3195.1
2022-03-18 15:34:00-07:00,3110.9
2022-03-18 15:35:00-07:00,3085.4
2022-03-18 15:36:00-07:00,3111.1
2022-03-18 15:37:00-07:00,2985.2
2022-03-18 15:38:00-07:00,2685.6
2022-03-18 15:39:00-07:00,2538.3
2022-03-18 15:40:00-07:00,2521.9
2022-03-18 15:41:00-07:00,2648.9
2022-03-18 15:42:00-07:00,2704.5
2022-03-18 15:43:00-07:00,2799.9
2022-03-18 15:44:00-07:00,2821.3
2022-03-18 15:45:00-07:00,2797.4
2022-03-18 15:46:00-07:00,2786.3
2022-03-18 15:47:00-07:00,2755.5
2022-03-18 15:48:00-07:00,2673.9
2022-03-18 15:49:00-07:00,2609.1
2022-03-18 15:50:00-07:00,2588.2
2022-03-18 15:51:00-07:00,2583.8
2022-03-18 15:52:00-07:00,2572.5
2022-03-18 15:53:00-07:00,2541.8
2022-03-18 15:54:00-07:00,2560
2022-03-18 15:55:00-07:00,2496.1
2022-03-18 15:56:00-07:00,2392.8
2022-03-18 15:57:00-07:00,2315.6
2022-03-18 15:58:00-07:00,2126.4
2022-03-18 15:59:00-07:00,2145.9
2022-03-18 16:00:00-07:00,1982.6
2022-03-18 16:01:00-07:00,1778.3
2022-03-18 16:02:00-07:00,1750.2
2022-03-18 16:03:00-07:00,1740.4
2022-03-18 16:04:00-07:00,1729.2
2022-03-18 16:05:00-07:00,1888.6
2022-03-18 16:06:00-07:00,1988
2022-03-18 16:07:00-07:00,2086.3
2022-03-18 16:08:00-07:00,1991.9
2022-03-18 16:09:00-07:00,1981.6
2022-03-18 16:10:00-07:00,1840.5
2022-03-18 16:11:00-07:00,1787.4
2022-03-18 16:12:00-07:00,1744.6
2022-03-18 16:13:00-07:00,1578.1
2022-03-18 16:14:00-07:00,1496
2022-03-18 16:15:00-07:00,1473.4
2022-03-18 16:16:00-07:00,1254.6
2022-03-18 16:17:00-07:00,1255.8
2022-03-18 16:18:00-07:00,1228.2
2022-03-18 16:19:00-07:00,1194.8
2022-03-18 16:20:00-07:00,1181.2
2022-03-18 16:21:00-07:00,1172.5
2022-03-18 16:22:00-07:00,1087.7
2022-03-18 16:23:00-07:00,1013.2
2022-03-18 16:24:00-07:00,1032.2
2022-03-18 16:25:00-07:00,1011.7
2022-03-18 16:26:00-07:00,906.02
2022-03-18 16:27:00-07:00,799.35
2022-03-18 16:28:00-07:00,740.59
2022-03-18 16:29:00-07:00,699.28
2022-03-18 16:30:00-07:00,666.78
2022-03-18 16:31:00-07:00,643.77
2022-03-18 16:32:00-07:00,616.91
2022-03-18 16:33:00-07:00,590.63
2022-03-18 16:34:00-07:00,570.14
2022-03-18 16:35:00-07:00,553.08
2022-03-18 16:36:00-07:00,533.49
2022-03-18 16:37:00-07:00,520.62
2022-03-18 16:38:00-07:00,506.99
2022-03-18 16:39:00-07:00,492.92
2022-03-18 16:40:00-07:00,481.11
2022-03-18 16:41:00-07:00,470.96
2022-03-18 16:42:00-07:00,456.78
2022-03-18 16:43:00-07:00,444.25
2022-03-18 16:44:00-07:00,438.65
2022-03-18 16:45:00-07:00,432.22
2022-03-18 16:46:00-07:00,421.64
2022-03-18 16:47:00-07:00,408.68
2022-03-18 16:48:00-07:00,397.83
2022-03-18 16:49:00-07:00,383.95
2022-03-18 16:50:00-07:00,374.63
2022-03-18 16:51:00-07:00,363.79
2022-03-18 16:52:00-07:00,352.09
2022-03-18 16:53:00-07:00,342.07
2022-03-18 16:54:00-07:00,332.32
2022-03-18 16:55:00-07:00,319.91
2022-03-18 16:56:00-07:00,309.37
2022-03-18 16:57:00-07:00,301.07
2022-03-18 16:58:00-07:00,290.77
2022-03-18 16:59:00-07:00,285.65
2022-03-18 17:00:00-07:00,273.35
2022-03-18 17:01:00-07:00,264.75
2022-03-18 17:02:00-07:00,257.86
2022-03-18 17:03:00-07:00,250.98
2022-03-18 17:04:00-07:00,246.19
2022-03-18 17:05:00-07:00,243.51
2022-03-18 17:06:00-07:00,241.95
2022-03-18 17:07:00-07:00,233.66
2022-03-18 17:08:00-07:00,230.91
2022-03-18 17:09:00-07:00,225.04
2022-03-18 17:10:00-07:00,222.76
2022-03-18 17:11:00-07:00,209.71
2022-03-18 17:12:00-07:00,208.11
2022-03-18 17:13:00-07:00,195.56
2022-03-18 17:14:00-07:00,195.44
2022-03-18 17:15:00-07:00,186.82
2022-03-18 17:16:00-07:00,181.97
2022-03-18 17:17:00-07:00,167.77
2022-03-18 17:18:00-07:00,166.28
2022-03-18 17:19:00-07:00,160.59
2022-03-18 17:20:00-07:00,158.65
2022-03-18 17:21:00-07:00,171.95
2022-03-18 17:22:00-07:00,174.88
2022-03-18 17:23:00-07:00,169.8
2022-03-18 17:24:00-07:00,172.19
2022-03-18 17:25:00-07:00,165.44
2022-03-18 17:26:00-07:00,161.31
2022-03-18 17:27:00-07:00,155.26
2022-03-18 17:28:00-07:00,149.17
2022-03-18 17:29:00-07:00,145.74
2022-03-18 17:30:00-07:00,141.49
2022-03-18 17:31:00-07:00,135.42
2022-03-18 17:32:00-07:00,127.79
2022-03-18 17:33:00-07:00,122.87
2022-03-18 17:34:00-07:00,117.27
2022-03-18 17:35:00-07:00,111.9
2022-03-18 17:36:00-07:00,107.45
2022-03-18 17:37:00-07:00,101.85
2022-03-18 17:38:00-07:00,98.536
2022-03-18 17:39:00-07:00,95.421
2022-03-18 17:40:00-07:00,90.071
2022-03-18 17:41:00-07:00,85.737
2022-03-18 17:42:00-07:00,84.495
2022-03-18 17:43:00-07:00,81.697
2022-03-18 17:44:00-07:00,76.708
2022-03-18 17:45:00-07:00,70.455
2022-03-18 17:46:00-07:00,66.595
2022-03-18 17:47:00-07:00,62.486
2022-03-18 17:48:00-07:00,59.303
2022-03-18 17:49:00-07:00,55.512
2022-03-18 17:50:00-07:00,50.117
2022-03-18 17:51:00-07:00,43.931
2022-03-18 17:52:00-07:00,37.836
2022-03-18 17:53:00-07:00,31.945
2022-03-18 17:54:00-07:00,27.971
2022-03-18 17:55:00-07:00,23.095
2022-03-18 17:56:00-07:00,18.129
2022-03-18 17:57:00-07:00,12.078
2022-03-18 17:58:00-07:00,5.0571
2022-03-18 17:59:00-07:00,-4.3346
2022-03-18 18:00:00-07:00,-5.057
2022-03-18 18:01:00-07:00,-5.0796
2022-03-18 18:02:00-07:00,-5.1023
2022-03-18 18:03:00-07:00,-5.1248
2022-03-18 18:04:00-07:00,-5.1248
2022-03-18 18:05:00-07:00,-5.0572
2022-03-18 18:06:00-07:00,-5.0571
2022-03-18 18:07:00-07:00,-5.0346
2022-03-18 18:08:00-07:00,-5.012
2022-03-18 18:09:00-07:00,-4.9894
2022-03-18 18:10:00-07:00,-4.6282
2022-03-18 18:11:00-07:00,-4.7862
2022-03-18 18:12:00-07:00,-4.3348
2022-03-18 18:13:00-07:00,-4.267
2022-03-18 18:14:00-07:00,-3.8833
2022-03-18 18:15:00-07:00,-3.8832
2022-03-18 18:16:00-07:00,-3.6123
2022-03-18 18:17:00-07:00,-3.6123
2022-03-18 18:18:00-07:00,-3.5896
2022-03-18 18:19:00-07:00,-3.6122
2022-03-18 18:20:00-07:00,-3.6801
2022-03-18 18:21:00-07:00,-3.6574
2022-03-18 18:22:00-07:00,-3.5445
2022-03-18 18:23:00-07:00,-2.6641
2022-03-18 18:24:00-07:00,-2.6189
2022-03-18 18:25:00-07:00,-2.6188
2022-03-18 18:26:00-07:00,-2.5737
2022-03-18 18:27:00-07:00,-2.5738
2022-03-18 18:28:00-07:00,-2.6189
2022-03-18 18:29:00-07:00,-2.4834
2022-03-18 18:30:00-07:00,-2.4609
2022-03-18 18:31:00-07:00,-2.7092
2022-03-18 18:32:00-07:00,-2.6867
2022-03-18 18:33:00-07:00,-2.777
2022-03-18 18:34:00-07:00,-2.5512
2022-03-18 18:35:00-07:00,-2.5512
2022-03-18 18:36:00-07:00,-2.5285
2022-03-18 18:37:00-07:00,-2.5738
2022-03-18 18:38:00-07:00,-2.4609
2022-03-18 18:39:00-07:00,-2.5286
2022-03-18 18:40:00-07:00,-2.4608
2022-03-18 18:41:00-07:00,-2.4834
2022-03-18 18:42:00-07:00,-2.5963
2022-03-18 18:43:00-07:00,-2.6189
2022-03-18 18:44:00-07:00,-2.6189
2022-03-18 18:45:00-07:00,-2.5285
2022-03-18 18:46:00-07:00,-2.5512
2022-03-18 18:47:00-07:00,-2.6414
2022-03-18 18:48:00-07:00,-2.6865
2022-03-18 18:49:00-07:00,-2.5963
2022-03-18 18:50:00-07:00,-2.6414
2022-03-18 18:51:00-07:00,-2.6187
2022-03-18 18:52:00-07:00,-2.5059
2022-03-18 18:53:00-07:00,-2.5736
2022-03-18 18:54:00-07:00,-2.6188
2022-03-18 18:55:00-07:00,-2.551
2022-03-18 18:56:00-07:00,-2.5961
2022-03-18 18:57:00-07:00,-2.5961
2022-03-18 18:58:00-07:00,-2.4833
2022-03-18 18:59:00-07:00,-2.5961
2022-03-18 19:00:00-07:00,-2.5511
2022-03-18 19:01:00-07:00,-2.4833
2022-03-18 19:02:00-07:00,-2.5962
2022-03-18 19:03:00-07:00,-2.5961
2022-03-18 19:04:00-07:00,-2.8219
2022-03-18 19:05:00-07:00,-2.5059
2022-03-18 19:06:00-07:00,-2.6413
2022-03-18 19:07:00-07:00,-2.5059
2022-03-18 19:08:00-07:00,-2.5511
2022-03-18 19:09:00-07:00,-2.6413
2022-03-18 19:10:00-07:00,-2.5962
2022-03-18 19:11:00-07:00,-2.6639
2022-03-18 19:12:00-07:00,-2.5962
2022-03-18 19:13:00-07:00,-2.6639
2022-03-18 19:14:00-07:00,-2.4607
2022-03-18 19:15:00-07:00,-2.5736
2022-03-18 19:16:00-07:00,-2.4833
2022-03-18 19:17:00-07:00,-2.5735
2022-03-18 19:18:00-07:00,-2.4833
2022-03-18 19:19:00-07:00,-2.6639
2022-03-18 19:20:00-07:00,-2.4607
2022-03-18 19:21:00-07:00,-2.5059
2022-03-18 19:22:00-07:00,-2.5962
2022-03-18 19:23:00-07:00,-2.5962
2022-03-18 19:24:00-07:00,-2.551
2022-03-18 19:25:00-07:00,-2.551
2022-03-18 19:26:00-07:00,-2.551
2022-03-18 19:27:00-07:00,-2.6865
2022-03-18 19:28:00-07:00,-2.4607
2022-03-18 19:29:00-07:00,-2.5961
2022-03-18 19:30:00-07:00,-2.4607
2022-03-18 19:31:00-07:00,-2.5736
2022-03-18 19:32:00-07:00,-2.6412
2022-03-18 19:33:00-07:00,-2.5059
2022-03-18 19:34:00-07:00,-2.6639
2022-03-18 19:35:00-07:00,-2.551
2022-03-18 19:36:00-07:00,-2.4381
2022-03-18 19:37:00-07:00,-2.551
2022-03-18 19:38:00-07:00,-2.5509
2022-03-18 19:39:00-07:00,-2.5737
2022-03-18 19:40:00-07:00,-2.7316
2022-03-18 19:41:00-07:00,-2.5961
2022-03-18 19:42:00-07:00,-2.6187
2022-03-18 19:43:00-07:00,-2.7091
2022-03-18 19:44:00-07:00,-2.551
2022-03-18 19:45:00-07:00,-2.4381
2022-03-18 19:46:00-07:00,-2.5284
2022-03-18 19:47:00-07:00,-2.5058
2022-03-18 19:48:00-07:00,-2.4833
2022-03-18 19:49:00-07:00,-2.5509
2022-03-18 19:50:00-07:00,-2.5735
2022-03-18 19:51:00-07:00,-2.6413
2022-03-18 19:52:00-07:00,-2.7315
2022-03-18 19:53:00-07:00,-2.5509
2022-03-18 19:54:00-07:00,-2.5058
2022-03-18 19:55:00-07:00,-2.7315
2022-03-18 19:56:00-07:00,-2.5283
2022-03-18 19:57:00-07:00,-2.5058
2022-03-18 19:58:00-07:00,-2.5509
2022-03-18 19:59:00-07:00,-2.6638
2022-03-18 20:00:00-07:00,-2.6412
2022-03-18 20:01:00-07:00,-2.7089
2022-03-18 20:02:00-07:00,-2.5509
2022-03-18 20:03:00-07:00,-2.7314
2022-03-18 20:04:00-07:00,-2.5058
2022-03-18 20:05:00-07:00,-2.6637
2022-03-18 20:06:00-07:00,-2.5283
2022-03-18 20:07:00-07:00,-2.4606
2022-03-18 20:08:00-07:00,-2.596
2022-03-18 20:09:00-07:00,-2.5509
2022-03-18 20:10:00-07:00,-2.7315
2022-03-18 20:11:00-07:00,-2.5057
2022-03-18 20:12:00-07:00,-2.9121
2022-03-18 20:13:00-07:00,-2.8669
2022-03-18 20:14:00-07:00,-2.6412
2022-03-18 20:15:00-07:00,-2.5734
2022-03-18 20:16:00-07:00,-2.5057
2022-03-18 20:17:00-07:00,-2.7992
2022-03-18 20:18:00-07:00,-2.754
2022-03-18 20:19:00-07:00,-2.6186
2022-03-18 20:20:00-07:00,-2.596
2022-03-18 20:21:00-07:00,-2.7315
2022-03-18 20:22:00-07:00,-2.5283
2022-03-18 20:23:00-07:00,-2.4831
2022-03-18 20:24:00-07:00,-2.4831
2022-03-18 20:25:00-07:00,-2.5283
2022-03-18 20:26:00-07:00,-2.6186
2022-03-18 20:27:00-07:00,-2.5509
2022-03-18 20:28:00-07:00,-2.7992
2022-03-18 20:29:00-07:00,-2.6637
2022-03-18 20:30:00-07:00,-2.596
2022-03-18 20:31:00-07:00,-2.6186
2022-03-18 20:32:00-07:00,-2.4154
2022-03-18 20:33:00-07:00,-2.7315
2022-03-18 20:34:00-07:00,-2.5283
2022-03-18 20:35:00-07:00,-2.5057
2022-03-18 20:36:00-07:00,-2.5057
2022-03-18 20:37:00-07:00,-2.7992
2022-03-18 20:38:00-07:00,-2.5509
2022-03-18 20:39:00-07:00,-2.6863
2022-03-18 20:40:00-07:00,-2.754
2022-03-18 20:41:00-07:00,-2.8895
2022-03-18 20:42:00-07:00,-2.6186
2022-03-18 20:43:00-07:00,-2.9346
2022-03-18 20:44:00-07:00,-2.9572
2022-03-18 20:45:00-07:00,-2.5057
2022-03-18 20:46:00-07:00,-2.7315
2022-03-18 20:47:00-07:00,-2.7992
2022-03-18 20:48:00-07:00,-2.4606
2022-03-18 20:49:00-07:00,-2.5509
2022-03-18 20:50:00-07:00,-2.5734
2022-03-18 20:51:00-07:00,-2.6863
2022-03-18 20:52:00-07:00,-2.6863
2022-03-18 20:53:00-07:00,-2.7315
2022-03-18 20:54:00-07:00,-2.596
2022-03-18 20:55:00-07:00,-2.5283
2022-03-18 20:56:00-07:00,-2.596
2022-03-18 20:57:00-07:00,-2.6863
2022-03-18 20:58:00-07:00,-2.8443
2022-03-18 20:59:00-07:00,-2.5509
2022-03-18 21:00:00-07:00,-2.6412
2022-03-18 21:01:00-07:00,-2.5734
2022-03-18 21:02:00-07:00,-2.5057
2022-03-18 21:03:00-07:00,-2.4606
2022-03-18 21:04:00-07:00,-2.6411
2022-03-18 21:05:00-07:00,-2.5057
2022-03-18 21:06:00-07:00,-2.5734
2022-03-18 21:07:00-07:00,-2.6863
2022-03-18 21:08:00-07:00,-2.8217
2022-03-18 21:09:00-07:00,-2.596
2022-03-18 21:10:00-07:00,-2.6637
2022-03-18 21:11:00-07:00,-2.596
2022-03-18 21:12:00-07:00,-2.5734
2022-03-18 21:13:00-07:00,-2.6186
2022-03-18 21:14:00-07:00,-2.596
2022-03-18 21:15:00-07:00,-2.6637
2022-03-18 21:16:00-07:00,-2.7089
2022-03-18 21:17:00-07:00,-2.6411
2022-03-18 21:18:00-07:00,-2.6412
2022-03-18 21:19:00-07:00,-2.6411
2022-03-18 21:20:00-07:00,-2.5283
2022-03-18 21:21:00-07:00,-2.8217
2022-03-18 21:22:00-07:00,-2.5508
2022-03-18 21:23:00-07:00,-2.6637
2022-03-18 21:24:00-07:00,-2.6863
2022-03-18 21:25:00-07:00,-2.5283
2022-03-18 21:26:00-07:00,-2.7088
2022-03-18 21:27:00-07:00,-2.5283
2022-03-18 21:28:00-07:00,-2.6186
2022-03-18 21:29:00-07:00,-2.6186
2022-03-18 21:30:00-07:00,-2.754
2022-03-18 21:31:00-07:00,-2.596
2022-03-18 21:32:00-07:00,-2.6863
2022-03-18 21:33:00-07:00,-2.7766
2022-03-18 21:34:00-07:00,-2.5734
2022-03-18 21:35:00-07:00,-2.6411
2022-03-18 21:36:00-07:00,-2.754
2022-03-18 21:37:00-07:00,-2.596
2022-03-18 21:38:00-07:00,-2.9346
2022-03-18 21:39:00-07:00,-2.5282
2022-03-18 21:40:00-07:00,-2.6637
2022-03-18 21:41:00-07:00,-2.6863
2022-03-18 21:42:00-07:00,-2.483
2022-03-18 21:43:00-07:00,-2.5057
2022-03-18 21:44:00-07:00,-2.6411
2022-03-18 21:45:00-07:00,-2.7991
2022-03-18 21:46:00-07:00,-2.9571
2022-03-18 21:47:00-07:00,-2.754
2022-03-18 21:48:00-07:00,-2.8443
2022-03-18 21:49:00-07:00,-2.754
2022-03-18 21:50:00-07:00,-2.5734
2022-03-18 21:51:00-07:00,-2.6411
2022-03-18 21:52:00-07:00,-2.5282
2022-03-18 21:53:00-07:00,-3.0022
2022-03-18 21:54:00-07:00,-2.7089
2022-03-18 21:55:00-07:00,-2.5734
2022-03-18 21:56:00-07:00,-2.9345
2022-03-18 21:57:00-07:00,-2.6636
2022-03-18 21:58:00-07:00,-2.5959
2022-03-18 21:59:00-07:00,-2.9571
2022-03-18 22:00:00-07:00,-2.7087
2022-03-18 22:01:00-07:00,-2.6635
2022-03-18 22:02:00-07:00,-2.6185
2022-03-18 22:03:00-07:00,-2.7088
2022-03-18 22:04:00-07:00,-2.5056
2022-03-18 22:05:00-07:00,-2.5507
2022-03-18 22:06:00-07:00,-2.5056
2022-03-18 22:07:00-07:00,-2.483
2022-03-18 22:08:00-07:00,-2.5733
2022-03-18 22:09:00-07:00,-2.5507
2022-03-18 22:10:00-07:00,-2.5507
2022-03-18 22:11:00-07:00,-2.5959
2022-03-18 22:12:00-07:00,-2.5281
2022-03-18 22:13:00-07:00,-2.5959
2022-03-18 22:14:00-07:00,-2.7313
2022-03-18 22:15:00-07:00,-2.5958
2022-03-18 22:16:00-07:00,-2.799
2022-03-18 22:17:00-07:00,-2.5281
2022-03-18 22:18:00-07:00,-2.5732
2022-03-18 22:19:00-07:00,-2.6183
2022-03-18 22:20:00-07:00,-2.6183
2022-03-18 22:21:00-07:00,-2.6183
2022-03-18 22:22:00-07:00,-2.7763
2022-03-18 22:23:00-07:00,-2.7311
2022-03-18 22:24:00-07:00,-2.5506
2022-03-18 22:25:00-07:00,-2.686
2022-03-18 22:26:00-07:00,-2.7311
2022-03-18 22:27:00-07:00,-2.7312
2022-03-18 22:28:00-07:00,-2.6409
2022-03-18 22:29:00-07:00,-2.7085
2022-03-18 22:30:00-07:00,-2.6634
2022-03-18 22:31:00-07:00,-2.7085
2022-03-18 22:32:00-07:00,-2.6408
2022-03-18 22:33:00-07:00,-2.573
2022-03-18 22:34:00-07:00,-2.5957
2022-03-18 22:35:00-07:00,-2.6408
2022-03-18 22:36:00-07:00,-2.6407
2022-03-18 22:37:00-07:00,-2.7084
2022-03-18 22:38:00-07:00,-2.7085
2022-03-18 22:39:00-07:00,-2.6407
2022-03-18 22:40:00-07:00,-2.6181
2022-03-18 22:41:00-07:00,-2.6407
2022-03-18 22:42:00-07:00,-2.5956
2022-03-18 22:43:00-07:00,-2.8439
2022-03-18 22:44:00-07:00,-2.6407
2022-03-18 22:45:00-07:00,-2.5279
2022-03-18 22:46:00-07:00,-2.6407
2022-03-18 22:47:00-07:00,-2.6859
2022-03-18 22:48:00-07:00,-2.5504
2022-03-18 22:49:00-07:00,-2.5956
2022-03-18 22:50:00-07:00,-2.6858
2022-03-18 22:51:00-07:00,-2.6181
2022-03-18 22:52:00-07:00,-2.6181
2022-03-18 22:53:00-07:00,-2.6407
2022-03-18 22:54:00-07:00,-2.6407
2022-03-18 22:55:00-07:00,-2.5956
2022-03-18 22:56:00-07:00,-2.6633
2022-03-18 22:57:00-07:00,-2.6633
2022-03-18 22:58:00-07:00,-2.6633
2022-03-18 22:59:00-07:00,-2.5504
2022-03-18 23:00:00-07:00,-2.731
2022-03-18 23:01:00-07:00,-2.573
2022-03-18 23:02:00-07:00,-2.573
2022-03-18 23:03:00-07:00,-2.7084
2022-03-18 23:04:00-07:00,-2.7761
2022-03-18 23:05:00-07:00,-2.573
2022-03-18 23:06:00-07:00,-2.4601
2022-03-18 23:07:00-07:00,-2.5956
2022-03-18 23:08:00-07:00,-2.9793
2022-03-18 23:09:00-07:00,-2.6181
2022-03-18 23:10:00-07:00,-2.6182
2022-03-18 23:11:00-07:00,-2.6181
2022-03-18 23:12:00-07:00,-2.6858
2022-03-18 23:13:00-07:00,-2.6633
2022-03-18 23:14:00-07:00,-2.6181
2022-03-18 23:15:00-07:00,-2.6633
2022-03-18 23:16:00-07:00,-2.6407
2022-03-18 23:17:00-07:00,-2.731
2022-03-18 23:18:00-07:00,-2.5956
2022-03-18 23:19:00-07:00,-2.5053
2022-03-18 23:20:00-07:00,-2.5279
2022-03-18 23:21:00-07:00,-2.6407
2022-03-18 23:22:00-07:00,-2.5504
2022-03-18 23:23:00-07:00,-2.7084
2022-03-18 23:24:00-07:00,-2.4827
2022-03-18 23:25:00-07:00,-2.7987
2022-03-18 23:26:00-07:00,-2.5053
2022-03-18 23:27:00-07:00,-2.5279
2022-03-18 23:28:00-07:00,-2.573
2022-03-18 23:29:00-07:00,-2.6181
2022-03-18 23:30:00-07:00,-2.5956
2022-03-18 23:31:00-07:00,-2.6407
2022-03-18 23:32:00-07:00,-2.6407
2022-03-18 23:33:00-07:00,-2.5956
2022-03-18 23:34:00-07:00,-2.573
2022-03-18 23:35:00-07:00,-2.6182
2022-03-18 23:36:00-07:00,-2.573
2022-03-18 23:37:00-07:00,-2.6407
2022-03-18 23:38:00-07:00,-2.5956
2022-03-18 23:39:00-07:00,-2.6181
2022-03-18 23:40:00-07:00,-2.573
2022-03-18 23:41:00-07:00,-2.7987
2022-03-18 23:42:00-07:00,-2.731
2022-03-18 23:43:00-07:00,-2.5956
2022-03-18 23:44:00-07:00,-2.6407
2022-03-18 23:45:00-07:00,-2.6633
2022-03-18 23:46:00-07:00,-2.6407
2022-03-18 23:47:00-07:00,-2.5956
2022-03-18 23:48:00-07:00,-2.6859
2022-03-18 23:49:00-07:00,-2.6407
2022-03-18 23:50:00-07:00,-2.6407
2022-03-18 23:51:00-07:00,-2.5053
2022-03-18 23:52:00-07:00,-2.731
2022-03-18 23:53:00-07:00,-2.5956
2022-03-18 23:54:00-07:00,-2.6181
2022-03-18 23:55:00-07:00,-2.573
2022-03-18 23:56:00-07:00,-2.5053
2022-03-18 23:57:00-07:00,-2.7084
2022-03-18 23:58:00-07:00,-2.6181
2022-03-18 23:59:00-07:00,-2.5054
2022-03-19 00:00:00-07:00,-2.731
2022-03-19 00:01:00-07:00,-2.6633
2022-03-19 00:02:00-07:00,-2.5504
2022-03-19 00:03:00-07:00,-2.731
2022-03-19 00:04:00-07:00,-2.6181
2022-03-19 00:05:00-07:00,-2.6633
2022-03-19 00:06:00-07:00,-2.5504
2022-03-19 00:07:00-07:00,-2.6407
2022-03-19 00:08:00-07:00,-2.8439
2022-03-19 00:09:00-07:00,-2.5279
2022-03-19 00:10:00-07:00,-2.573
2022-03-19 00:11:00-07:00,-2.6859
2022-03-19 00:12:00-07:00,-2.7084
2022-03-19 00:13:00-07:00,-2.731
2022-03-19 00:14:00-07:00,-2.7085
2022-03-19 00:15:00-07:00,-2.6181
2022-03-19 00:16:00-07:00,-2.6181
2022-03-19 00:17:00-07:00,-2.6859
2022-03-19 00:18:00-07:00,-2.6859
2022-03-19 00:19:00-07:00,-2.6407
2022-03-19 00:20:00-07:00,-2.6181
2022-03-19 00:21:00-07:00,-2.7761
2022-03-19 00:22:00-07:00,-2.6633
2022-03-19 00:23:00-07:00,-2.573
2022-03-19 00:24:00-07:00,-2.5956
2022-03-19 00:25:00-07:00,-2.6407
2022-03-19 00:26:00-07:00,-2.6633
2022-03-19 00:27:00-07:00,-2.7536
2022-03-19 00:28:00-07:00,-2.573
2022-03-19 00:29:00-07:00,-2.6858
2022-03-19 00:30:00-07:00,-2.7536
2022-03-19 00:31:00-07:00,-2.6633
2022-03-19 00:32:00-07:00,-2.6633
2022-03-19 00:33:00-07:00,-2.6181
2022-03-19 00:34:00-07:00,-2.6182
2022-03-19 00:35:00-07:00,-2.6181
2022-03-19 00:36:00-07:00,-2.6182
2022-03-19 00:37:00-07:00,-2.7084
2022-03-19 00:38:00-07:00,-2.6407
2022-03-19 00:39:00-07:00,-2.6181
2022-03-19 00:40:00-07:00,-2.7084
2022-03-19 00:41:00-07:00,-2.6633
2022-03-19 00:42:00-07:00,-2.6407
2022-03-19 00:43:00-07:00,-2.731
2022-03-19 00:44:00-07:00,-2.6633
2022-03-19 00:45:00-07:00,-2.731
2022-03-19 00:46:00-07:00,-2.4828
2022-03-19 00:47:00-07:00,-2.6859
2022-03-19 00:48:00-07:00,-2.6633
2022-03-19 00:49:00-07:00,-2.573
2022-03-19 00:50:00-07:00,-2.573
2022-03-19 00:51:00-07:00,-2.6181
2022-03-19 00:52:00-07:00,-2.6859
2022-03-19 00:53:00-07:00,-2.6407
2022-03-19 00:54:00-07:00,-2.6859
2022-03-19 00:55:00-07:00,-2.6859
2022-03-19 00:56:00-07:00,-2.7084
2022-03-19 00:57:00-07:00,-2.7987
2022-03-19 00:58:00-07:00,-2.6407
2022-03-19 00:59:00-07:00,-2.7084
2022-03-19 01:00:00-07:00,-2.5504
2022-03-19 01:01:00-07:00,-2.573
2022-03-19 01:02:00-07:00,-2.731
2022-03-19 01:03:00-07:00,-2.6633
2022-03-19 01:04:00-07:00,-2.5279
2022-03-19 01:05:00-07:00,-2.7536
2022-03-19 01:06:00-07:00,-2.5956
2022-03-19 01:07:00-07:00,-2.6633
2022-03-19 01:08:00-07:00,-2.5956
2022-03-19 01:09:00-07:00,-2.573
2022-03-19 01:10:00-07:00,-2.6633
2022-03-19 01:11:00-07:00,-2.5956
2022-03-19 01:12:00-07:00,-2.5279
2022-03-19 01:13:00-07:00,-2.6408
2022-03-19 01:14:00-07:00,-2.6181
2022-03-19 01:15:00-07:00,-2.7311
2022-03-19 01:16:00-07:00,-2.6859
2022-03-19 01:17:00-07:00,-2.5505
2022-03-19 01:18:00-07:00,-2.7311
2022-03-19 01:19:00-07:00,-2.5505
2022-03-19 01:20:00-07:00,-2.5505
2022-03-19 01:21:00-07:00,-2.6859
2022-03-19 01:22:00-07:00,-2.7311
2022-03-19 01:23:00-07:00,-2.5956
2022-03-19 01:24:00-07:00,-2.5505
2022-03-19 01:25:00-07:00,-2.7311
2022-03-19 01:26:00-07:00,-2.5731
2022-03-19 01:27:00-07:00,-2.5054
2022-03-19 01:28:00-07:00,-2.686
2022-03-19 01:29:00-07:00,-2.6182
2022-03-19 01:30:00-07:00,-2.5505
2022-03-19 01:31:00-07:00,-2.6408
2022-03-19 01:32:00-07:00,-2.5505
2022-03-19 01:33:00-07:00,-2.7537
2022-03-19 01:34:00-07:00,-2.6633
2022-03-19 01:35:00-07:00,-2.7763
2022-03-19 01:36:00-07:00,-2.5281
2022-03-19 01:37:00-07:00,-2.6859
2022-03-19 01:38:00-07:00,-2.6182
2022-03-19 01:39:00-07:00,-2.7086
2022-03-19 01:40:00-07:00,-2.5731
2022-03-19 01:41:00-07:00,-2.6183
2022-03-19 01:42:00-07:00,-2.5731
2022-03-19 01:43:00-07:00,-2.6634
2022-03-19 01:44:00-07:00,-2.6861
2022-03-19 01:45:00-07:00,-2.7086
2022-03-19 01:46:00-07:00,-2.6634
2022-03-19 01:47:00-07:00,-2.9117
2022-03-19 01:48:00-07:00,-2.528
2022-03-19 01:49:00-07:00,-2.483
2022-03-19 01:50:00-07:00,-2.7086
2022-03-19 01:51:00-07:00,-2.6635
2022-03-19 01:52:00-07:00,-2.5957
2022-03-19 01:53:00-07:00,-2.6861
2022-03-19 01:54:00-07:00,-2.5506
2022-03-19 01:55:00-07:00,-2.6861
2022-03-19 01:56:00-07:00,-2.6409
2022-03-19 01:57:00-07:00,-2.7537
2022-03-19 01:58:00-07:00,-2.6635
2022-03-19 01:59:00-07:00,-2.4829
2022-03-19 02:00:00-07:00,-2.5958
2022-03-19 02:01:00-07:00,-2.5732
2022-03-19 02:02:00-07:00,-2.6861
2022-03-19 02:03:00-07:00,-2.528
2022-03-19 02:04:00-07:00,-2.6184
2022-03-19 02:05:00-07:00,-2.641
2022-03-19 02:06:00-07:00,-2.7313
2022-03-19 02:07:00-07:00,-2.6861
2022-03-19 02:08:00-07:00,-2.8666
2022-03-19 02:09:00-07:00,-2.5507
2022-03-19 02:10:00-07:00,-2.7087
2022-03-19 02:11:00-07:00,-2.5957
2022-03-19 02:12:00-07:00,-2.6409
2022-03-19 02:13:00-07:00,-2.5958
2022-03-19 02:14:00-07:00,-2.5506
2022-03-19 02:15:00-07:00,-2.7087
2022-03-19 02:16:00-07:00,-2.6183
2022-03-19 02:17:00-07:00,-2.6409
2022-03-19 02:18:00-07:00,-2.6409
2022-03-19 02:19:00-07:00,-2.5054
2022-03-19 02:20:00-07:00,-2.9119
2022-03-19 02:21:00-07:00,-2.5506
2022-03-19 02:22:00-07:00,-2.686
2022-03-19 02:23:00-07:00,-2.7086
2022-03-19 02:24:00-07:00,-2.5506
2022-03-19 02:25:00-07:00,-2.686
2022-03-19 02:26:00-07:00,-2.6183
2022-03-19 02:27:00-07:00,-2.7085
2022-03-19 02:28:00-07:00,-2.5957
2022-03-19 02:29:00-07:00,-2.5956
2022-03-19 02:30:00-07:00,-2.7086
2022-03-19 02:31:00-07:00,-2.5732
2022-03-19 02:32:00-07:00,-2.5279
2022-03-19 02:33:00-07:00,-2.6183
2022-03-19 02:34:00-07:00,-2.7762
2022-03-19 02:35:00-07:00,-2.7084
2022-03-19 02:36:00-07:00,-2.5731
2022-03-19 02:37:00-07:00,-2.7312
2022-03-19 02:38:00-07:00,-2.5731
2022-03-19 02:39:00-07:00,-2.6407
2022-03-19 02:40:00-07:00,-2.6182
2022-03-19 02:41:00-07:00,-2.8213
2022-03-19 02:42:00-07:00,-2.7763
2022-03-19 02:43:00-07:00,-2.6634
2022-03-19 02:44:00-07:00,-2.7536
2022-03-19 02:45:00-07:00,-2.5504
2022-03-19 02:46:00-07:00,-2.5279
2022-03-19 02:47:00-07:00,-2.5279
2022-03-19 02:48:00-07:00,-2.6182
2022-03-19 02:49:00-07:00,-2.5731
2022-03-19 02:50:00-07:00,-2.7084
2022-03-19 02:51:00-07:00,-2.8439
2022-03-19 02:52:00-07:00,-2.7988
2022-03-19 02:53:00-07:00,-2.573
2022-03-19 02:54:00-07:00,-2.7536
2022-03-19 02:55:00-07:00,-2.7084
2022-03-19 02:56:00-07:00,-2.6182
2022-03-19 02:57:00-07:00,-2.5053
2022-03-19 02:58:00-07:00,-2.4827
2022-03-19 02:59:00-07:00,-2.6859
2022-03-19 03:00:00-07:00,-2.4376
2022-03-19 03:01:00-07:00,-2.8439
2022-03-19 03:02:00-07:00,-2.5279
2022-03-19 03:03:00-07:00,-2.4828
2022-03-19 03:04:00-07:00,-2.5279
2022-03-19 03:05:00-07:00,-2.7988
2022-03-19 03:06:00-07:00,-2.6633
2022-03-19 03:07:00-07:00,-2.5504
2022-03-19 03:08:00-07:00,-2.573
2022-03-19 03:09:00-07:00,-2.6859
2022-03-19 03:10:00-07:00,-2.6181
2022-03-19 03:11:00-07:00,-2.6634
2022-03-19 03:12:00-07:00,-2.6181
2022-03-19 03:13:00-07:00,-2.5956
2022-03-19 03:14:00-07:00,-2.573
2022-03-19 03:15:00-07:00,-2.5279
2022-03-19 03:16:00-07:00,-2.7987
2022-03-19 03:17:00-07:00,-2.4602
2022-03-19 03:18:00-07:00,-2.5505
2022-03-19 03:19:00-07:00,-2.8213
2022-03-19 03:20:00-07:00,-2.5505
2022-03-19 03:21:00-07:00,-2.573
2022-03-19 03:22:00-07:00,-2.6182
2022-03-19 03:23:00-07:00,-2.5279
2022-03-19 03:24:00-07:00,-2.6182
2022-03-19 03:25:00-07:00,-2.5054
2022-03-19 03:26:00-07:00,-2.6408
2022-03-19 03:27:00-07:00,-2.5279
2022-03-19 03:28:00-07:00,-2.5731
2022-03-19 03:29:00-07:00,-2.6182
2022-03-19 03:30:00-07:00,-2.686
2022-03-19 03:31:00-07:00,-2.5957
2022-03-19 03:32:00-07:00,-2.5957
2022-03-19 03:33:00-07:00,-2.6408
2022-03-19 03:34:00-07:00,-2.6181
2022-03-19 03:35:00-07:00,-2.5506
2022-03-19 03:36:00-07:00,-2.5054
2022-03-19 03:37:00-07:00,-2.5957
2022-03-19 03:38:00-07:00,-2.7086
2022-03-19 03:39:00-07:00,-2.6408
2022-03-19 03:40:00-07:00,-2.641
2022-03-19 03:41:00-07:00,-2.7084
2022-03-19 03:42:00-07:00,-2.5505
2022-03-19 03:43:00-07:00,-2.6634
2022-03-19 03:44:00-07:00,-2.5506
2022-03-19 03:45:00-07:00,-2.5956
2022-03-19 03:46:00-07:00,-2.5957
2022-03-19 03:47:00-07:00,-2.5731
2022-03-19 03:48:00-07:00,-2.5506
2022-03-19 03:49:00-07:00,-2.5957
2022-03-19 03:50:00-07:00,-2.528
2022-03-19 03:51:00-07:00,-2.528
2022-03-19 03:52:00-07:00,-2.6183
2022-03-19 03:53:00-07:00,-2.6183
2022-03-19 03:54:00-07:00,-2.5958
2022-03-19 03:55:00-07:00,-2.5732
2022-03-19 03:56:00-07:00,-2.6184
2022-03-19 03:57:00-07:00,-2.5507
2022-03-19 03:58:00-07:00,-2.5507
2022-03-19 03:59:00-07:00,-2.5281
2022-03-19 04:00:00-07:00,-2.483
2022-03-19 04:01:00-07:00,-2.6636
2022-03-19 04:02:00-07:00,-2.6184
2022-03-19 04:03:00-07:00,-2.7087
2022-03-19 04:04:00-07:00,-2.7764
2022-03-19 04:05:00-07:00,-2.6862
2022-03-19 04:06:00-07:00,-2.483
2022-03-19 04:07:00-07:00,-2.4379
2022-03-19 04:08:00-07:00,-2.4604
2022-03-19 04:09:00-07:00,-2.7088
2022-03-19 04:10:00-07:00,-2.8443
2022-03-19 04:11:00-07:00,-2.7314
2022-03-19 04:12:00-07:00,-2.5282
2022-03-19 04:13:00-07:00,-2.6636
2022-03-19 04:14:00-07:00,-2.5508
2022-03-19 04:15:00-07:00,-2.5508
2022-03-19 04:16:00-07:00,-2.5283
2022-03-19 04:17:00-07:00,-2.4831
2022-03-19 04:18:00-07:00,-2.4605
2022-03-19 04:19:00-07:00,-2.4831
2022-03-19 04:20:00-07:00,-2.5734
2022-03-19 04:21:00-07:00,-2.6186
2022-03-19 04:22:00-07:00,-2.6863
2022-03-19 04:23:00-07:00,-2.6412
2022-03-19 04:24:00-07:00,-2.5283
2022-03-19 04:25:00-07:00,-2.6186
2022-03-19 04:26:00-07:00,-2.5283
2022-03-19 04:27:00-07:00,-2.7991
2022-03-19 04:28:00-07:00,-2.5734
2022-03-19 04:29:00-07:00,-2.5509
2022-03-19 04:30:00-07:00,-2.4606
2022-03-19 04:31:00-07:00,-2.596
2022-03-19 04:32:00-07:00,-2.5509
2022-03-19 04:33:00-07:00,-2.5734
2022-03-19 04:34:00-07:00,-2.5057
2022-03-19 04:35:00-07:00,-2.5283
2022-03-19 04:36:00-07:00,-2.5283
2022-03-19 04:37:00-07:00,-2.5283
2022-03-19 04:38:00-07:00,-2.596
2022-03-19 04:39:00-07:00,-2.4831
2022-03-19 04:40:00-07:00,-2.5734
2022-03-19 04:41:00-07:00,-2.6186
2022-03-19 04:42:00-07:00,-2.5734
2022-03-19 04:43:00-07:00,-2.5057
2022-03-19 04:44:00-07:00,-2.5283
2022-03-19 04:45:00-07:00,-2.5509
2022-03-19 04:46:00-07:00,-2.5509
2022-03-19 04:47:00-07:00,-2.596
2022-03-19 04:48:00-07:00,-2.5283
2022-03-19 04:49:00-07:00,-2.5734
2022-03-19 04:50:00-07:00,-2.5734
2022-03-19 04:51:00-07:00,-2.5057
2022-03-19 04:52:00-07:00,-2.5509
2022-03-19 04:53:00-07:00,-2.6412
2022-03-19 04:54:00-07:00,-2.6637
2022-03-19 04:55:00-07:00,-2.596
2022-03-19 04:56:00-07:00,-2.6637
2022-03-19 04:57:00-07:00,-2.5283
2022-03-19 04:58:00-07:00,-2.5283
2022-03-19 04:59:00-07:00,-2.5283
2022-03-19 05:00:00-07:00,-2.8669
2022-03-19 05:01:00-07:00,-2.596
2022-03-19 05:02:00-07:00,-2.6637
2022-03-19 05:03:00-07:00,-2.596
2022-03-19 05:04:00-07:00,-2.6186
2022-03-19 05:05:00-07:00,-2.7766
2022-03-19 05:06:00-07:00,-2.754
2022-03-19 05:07:00-07:00,-2.6637
2022-03-19 05:08:00-07:00,-2.596
2022-03-19 05:09:00-07:00,-2.6863
2022-03-19 05:10:00-07:00,-2.5509
2022-03-19 05:11:00-07:00,-2.6186
2022-03-19 05:12:00-07:00,-2.6186
2022-03-19 05:13:00-07:00,-2.5734
2022-03-19 05:14:00-07:00,-2.5734
2022-03-19 05:15:00-07:00,-2.5734
2022-03-19 05:16:00-07:00,-2.6186
2022-03-19 05:17:00-07:00,-2.596
2022-03-19 05:18:00-07:00,-2.5283
2022-03-19 05:19:00-07:00,-2.5734
2022-03-19 05:20:00-07:00,-2.5283
2022-03-19 05:21:00-07:00,-2.6186
2022-03-19 05:22:00-07:00,-2.5509
2022-03-19 05:23:00-07:00,-2.5509
2022-03-19 05:24:00-07:00,-2.5283
2022-03-19 05:25:00-07:00,-2.596
2022-03-19 05:26:00-07:00,-2.596
2022-03-19 05:27:00-07:00,-2.4831
2022-03-19 05:28:00-07:00,-2.5734
2022-03-19 05:29:00-07:00,-2.5283
2022-03-19 05:30:00-07:00,-2.596
2022-03-19 05:31:00-07:00,-2.5509
2022-03-19 05:32:00-07:00,-2.5283
2022-03-19 05:33:00-07:00,-2.596
2022-03-19 05:34:00-07:00,-2.5509
2022-03-19 05:35:00-07:00,-2.7315
2022-03-19 05:36:00-07:00,-2.5734
2022-03-19 05:37:00-07:00,-2.7315
2022-03-19 05:38:00-07:00,-2.4831
2022-03-19 05:39:00-07:00,-2.6863
2022-03-19 05:40:00-07:00,-2.4831
2022-03-19 05:41:00-07:00,-2.596
2022-03-19 05:42:00-07:00,-2.5734
2022-03-19 05:43:00-07:00,-2.596
2022-03-19 05:44:00-07:00,-2.5734
2022-03-19 05:45:00-07:00,-2.5283
2022-03-19 05:46:00-07:00,-2.596
2022-03-19 05:47:00-07:00,-2.6412
2022-03-19 05:48:00-07:00,-2.5509
2022-03-19 05:49:00-07:00,-2.6412
2022-03-19 05:50:00-07:00,-3.6569
2022-03-19 05:51:00-07:00,-3.5215
2022-03-19 05:52:00-07:00,-3.6569
2022-03-19 05:53:00-07:00,-3.7021
2022-03-19 05:54:00-07:00,-3.6795
2022-03-19 05:55:00-07:00,-3.8375
2022-03-19 05:56:00-07:00,-4.0181
2022-03-19 05:57:00-07:00,-4.1761
2022-03-19 05:58:00-07:00,-4.3342
2022-03-19 05:59:00-07:00,-4.289
2022-03-19 06:00:00-07:00,-4.447
2022-03-19 06:01:00-07:00,-5.2371
2022-03-19 06:02:00-07:00,-5.1694
2022-03-19 06:03:00-07:00,-5.1694
2022-03-19 06:04:00-07:00,-4.9888
2022-03-19 06:05:00-07:00,-4.9662
2022-03-19 06:06:00-07:00,-5.1242
2022-03-19 06:07:00-07:00,-4.9888
2022-03-19 06:08:00-07:00,-4.9437
2022-03-19 06:09:00-07:00,-5.0791
2022-03-19 06:10:00-07:00,-5.1017
2022-03-19 06:11:00-07:00,-5.034
2022-03-19 06:12:00-07:00,-5.0565
2022-03-19 06:13:00-07:00,-5.1017
2022-03-19 06:14:00-07:00,97.226
2022-03-19 06:15:00-07:00,138.24
2022-03-19 06:16:00-07:00,161.99
2022-03-19 06:17:00-07:00,189.01
2022-03-19 06:18:00-07:00,221.36
2022-03-19 06:19:00-07:00,246.64
2022-03-19 06:20:00-07:00,273.39
2022-03-19 06:21:00-07:00,299.78
2022-03-19 06:22:00-07:00,328.27
2022-03-19 06:23:00-07:00,357.41
2022-03-19 06:24:00-07:00,383.32
2022-03-19 06:25:00-07:00,404.32
2022-03-19 06:26:00-07:00,434.39
2022-03-19 06:27:00-07:00,466.89
2022-03-19 06:28:00-07:00,499.4
2022-03-19 06:29:00-07:00,509.24
2022-03-19 06:30:00-07:00,524.73
2022-03-19 06:31:00-07:00,568.61
2022-03-19 06:32:00-07:00,621.16
2022-03-19 06:33:00-07:00,611.91
2022-03-19 06:34:00-07:00,599.09
2022-03-19 06:35:00-07:00,647.64
2022-03-19 06:36:00-07:00,740.35
2022-03-19 06:37:00-07:00,847.44
2022-03-19 06:38:00-07:00,908.84
2022-03-19 06:39:00-07:00,941.28
2022-03-19 06:40:00-07:00,970.52
2022-03-19 06:41:00-07:00,1005.4
2022-03-19 06:42:00-07:00,1038.1
2022-03-19 06:43:00-07:00,1075.6
2022-03-19 06:44:00-07:00,1111.9
2022-03-19 06:45:00-07:00,1147.2
2022-03-19 06:46:00-07:00,1189.4
2022-03-19 06:47:00-07:00,1226.1
2022-03-19 06:48:00-07:00,1269.7
2022-03-19 06:49:00-07:00,1298.2
2022-03-19 06:50:00-07:00,1340.3
2022-03-19 06:51:00-07:00,1383.5
2022-03-19 06:52:00-07:00,1425
2022-03-19 06:53:00-07:00,1462.7
2022-03-19 06:54:00-07:00,1499.1
2022-03-19 06:55:00-07:00,1527.4
2022-03-19 06:56:00-07:00,1560.5
2022-03-19 06:57:00-07:00,1596.5
2022-03-19 06:58:00-07:00,1623.5
2022-03-19 06:59:00-07:00,1662.1
2022-03-19 07:00:00-07:00,1697.4
2022-03-19 07:01:00-07:00,1737.5
2022-03-19 07:02:00-07:00,1771.8
2022-03-19 07:03:00-07:00,1803.9
2022-03-19 07:04:00-07:00,1832.8
2022-03-19 07:05:00-07:00,1872.9
2022-03-19 07:06:00-07:00,1924.5
2022-03-19 07:07:00-07:00,1956.6
2022-03-19 07:08:00-07:00,1975.4
2022-03-19 07:09:00-07:00,2015.8
2022-03-19 07:10:00-07:00,2031.8
2022-03-19 07:11:00-07:00,2064.5
2022-03-19 07:12:00-07:00,2097.2
2022-03-19 07:13:00-07:00,2134.6
2022-03-19 07:14:00-07:00,2171.4
2022-03-19 07:15:00-07:00,2204.4
2022-03-19 07:16:00-07:00,2236.9
2022-03-19 07:17:00-07:00,2266.7
2022-03-19 07:18:00-07:00,2304.3
2022-03-19 07:19:00-07:00,2337.6
2022-03-19 07:20:00-07:00,2370.5
2022-03-19 07:21:00-07:00,2397.7
2022-03-19 07:22:00-07:00,2434.9
2022-03-19 07:23:00-07:00,2471.8
2022-03-19 07:24:00-07:00,2513.3
2022-03-19 07:25:00-07:00,2542.6
2022-03-19 07:26:00-07:00,2560.7
2022-03-19 07:27:00-07:00,2573.1
2022-03-19 07:28:00-07:00,2593.1
2022-03-19 07:29:00-07:00,2619.7
2022-03-19 07:30:00-07:00,2658.4
2022-03-19 07:31:00-07:00,2672.7
2022-03-19 07:32:00-07:00,2706.8
2022-03-19 07:33:00-07:00,2725.7
2022-03-19 07:34:00-07:00,2769.9
2022-03-19 07:35:00-07:00,2808.5
2022-03-19 07:36:00-07:00,2840.3
2022-03-19 07:37:00-07:00,2855.9
2022-03-19 07:38:00-07:00,2865.7
2022-03-19 07:39:00-07:00,2887.8
2022-03-19 07:40:00-07:00,2907.7
2022-03-19 07:41:00-07:00,2938.7
2022-03-19 07:42:00-07:00,2975.3
2022-03-19 07:43:00-07:00,3003.8
2022-03-19 07:44:00-07:00,3011.6
2022-03-19 07:45:00-07:00,3022.7
2022-03-19 07:46:00-07:00,3037.8
2022-03-19 07:47:00-07:00,3054
2022-03-19 07:48:00-07:00,3091.4
2022-03-19 07:49:00-07:00,3133.7
2022-03-19 07:50:00-07:00,3153
2022-03-19 07:51:00-07:00,3151.1
2022-03-19 07:52:00-07:00,3168.9
2022-03-19 07:53:00-07:00,3203.7
2022-03-19 07:54:00-07:00,3231.3
2022-03-19 07:55:00-07:00,3232.4
2022-03-19 07:56:00-07:00,3239.5
2022-03-19 07:57:00-07:00,3260.8
2022-03-19 07:58:00-07:00,3302.5
2022-03-19 07:59:00-07:00,3291.5
2022-03-19 08:00:00-07:00,3323.3
2022-03-19 08:01:00-07:00,3358.7
2022-03-19 08:02:00-07:00,3379.6
2022-03-19 08:03:00-07:00,3405
2022-03-19 08:04:00-07:00,3420.3
2022-03-19 08:05:00-07:00,3448.2
2022-03-19 08:06:00-07:00,3463.1
2022-03-19 08:07:00-07:00,3480.2
2022-03-19 08:08:00-07:00,3488.7
2022-03-19 08:09:00-07:00,3515.1
2022-03-19 08:10:00-07:00,3526.1
2022-03-19 08:11:00-07:00,3544.6
2022-03-19 08:12:00-07:00,3570.6
2022-03-19 08:13:00-07:00,3607.7
2022-03-19 08:14:00-07:00,3611
2022-03-19 08:15:00-07:00,3610.3
2022-03-19 08:16:00-07:00,3621.1
2022-03-19 08:17:00-07:00,3504.1
2022-03-19 08:18:00-07:00,3666.4
2022-03-19 08:19:00-07:00,3674.3
2022-03-19 08:20:00-07:00,3597.3
2022-03-19 08:21:00-07:00,3615.7
2022-03-19 08:22:00-07:00,3671.8
2022-03-19 08:23:00-07:00,3722.2
2022-03-19 08:24:00-07:00,3703.2
2022-03-19 08:25:00-07:00,3798.5
2022-03-19 08:26:00-07:00,3680.9
2022-03-19 08:27:00-07:00,3673.8
2022-03-19 08:28:00-07:00,3757.1
2022-03-19 08:29:00-07:00,3837.6
2022-03-19 08:30:00-07:00,3837.9
2022-03-19 08:31:00-07:00,3844
2022-03-19 08:32:00-07:00,3868.3
2022-03-19 08:33:00-07:00,3739.9
2022-03-19 08:34:00-07:00,3794.5
2022-03-19 08:35:00-07:00,3778.9
2022-03-19 08:36:00-07:00,3843.5
2022-03-19 08:37:00-07:00,3910.8
2022-03-19 08:38:00-07:00,3925
2022-03-19 08:39:00-07:00,3895.2
2022-03-19 08:40:00-07:00,3880
2022-03-19 08:41:00-07:00,4025.9
2022-03-19 08:42:00-07:00,3974.2
2022-03-19 08:43:00-07:00,3958.8
2022-03-19 08:44:00-07:00,3869.2
2022-03-19 08:45:00-07:00,3949.5
2022-03-19 08:46:00-07:00,3779.3
2022-03-19 08:47:00-07:00,3851.5
2022-03-19 08:48:00-07:00,3710.9
2022-03-19 08:49:00-07:00,3794.1
2022-03-19 08:50:00-07:00,3694.4
2022-03-19 08:51:00-07:00,3860.3
2022-03-19 08:52:00-07:00,3790.9
2022-03-19 08:53:00-07:00,3913.1
2022-03-19 08:54:00-07:00,3919.3
2022-03-19 08:55:00-07:00,3889.1
2022-03-19 08:56:00-07:00,3816.6
2022-03-19 08:57:00-07:00,3780.7
2022-03-19 08:58:00-07:00,3919.2
2022-03-19 08:59:00-07:00,4032.9
2022-03-19 09:00:00-07:00,4124.6
2022-03-19 09:01:00-07:00,4132.7
2022-03-19 09:02:00-07:00,4090
2022-03-19 09:03:00-07:00,4014.7
2022-03-19 09:04:00-07:00,3906.7
2022-03-19 09:05:00-07:00,4053.2
2022-03-19 09:06:00-07:00,4108.4
2022-03-19 09:07:00-07:00,4120
2022-03-19 09:08:00-07:00,4078.5
2022-03-19 09:09:00-07:00,4121.9
2022-03-19 09:10:00-07:00,4147.5
2022-03-19 09:11:00-07:00,4136.2
2022-03-19 09:12:00-07:00,4187.6
2022-03-19 09:13:00-07:00,4065.8
2022-03-19 09:14:00-07:00,4140.5
2022-03-19 09:15:00-07:00,4287.2
2022-03-19 09:16:00-07:00,4214.2
2022-03-19 09:17:00-07:00,4196.4
2022-03-19 09:18:00-07:00,4304.9
2022-03-19 09:19:00-07:00,4229.3
2022-03-19 09:20:00-07:00,4234.9
2022-03-19 09:21:00-07:00,4055.7
2022-03-19 09:22:00-07:00,4059.6
2022-03-19 09:23:00-07:00,4052.3
2022-03-19 09:24:00-07:00,4065.1
2022-03-19 09:25:00-07:00,3909.5
2022-03-19 09:26:00-07:00,4037.2
2022-03-19 09:27:00-07:00,4098.3
2022-03-19 09:28:00-07:00,4087.5
2022-03-19 09:29:00-07:00,4198.1
2022-03-19 09:30:00-07:00,4255.2
2022-03-19 09:31:00-07:00,4093.3
2022-03-19 09:32:00-07:00,4113.5
2022-03-19 09:33:00-07:00,4182
2022-03-19 09:34:00-07:00,4062.5
2022-03-19 09:35:00-07:00,4227.9
2022-03-19 09:36:00-07:00,4289.5
2022-03-19 09:37:00-07:00,4308.4
2022-03-19 09:38:00-07:00,4123.3
2022-03-19 09:39:00-07:00,4146.4
2022-03-19 09:40:00-07:00,4299.9
2022-03-19 09:41:00-07:00,4354.9
2022-03-19 09:42:00-07:00,4336.5
2022-03-19 09:43:00-07:00,4240.9
2022-03-19 09:44:00-07:00,4365.9
2022-03-19 09:45:00-07:00,4466.6
2022-03-19 09:46:00-07:00,4400.4
2022-03-19 09:47:00-07:00,4477.3
2022-03-19 09:48:00-07:00,4335
2022-03-19 09:49:00-07:00,4410
2022-03-19 09:50:00-07:00,4453.7
2022-03-19 09:51:00-07:00,4315
2022-03-19 09:52:00-07:00,4428.5
2022-03-19 09:53:00-07:00,4335.1
2022-03-19 09:54:00-07:00,4429.1
2022-03-19 09:55:00-07:00,4309.2
2022-03-19 09:56:00-07:00,4458.9
2022-03-19 09:57:00-07:00,4364.4
2022-03-19 09:58:00-07:00,4462.2
2022-03-19 09:59:00-07:00,4428.7
2022-03-19 10:00:00-07:00,4422.5
2022-03-19 10:01:00-07:00,4341.3
2022-03-19 10:02:00-07:00,4369.1
2022-03-19 10:03:00-07:00,4215.8
2022-03-19 10:04:00-07:00,4383.8
2022-03-19 10:05:00-07:00,4400.2
2022-03-19 10:06:00-07:00,4441.5
2022-03-19 10:07:00-07:00,4403.2
2022-03-19 10:08:00-07:00,4430
2022-03-19 10:09:00-07:00,4391.9
2022-03-19 10:10:00-07:00,4484.8
2022-03-19 10:11:00-07:00,4442.3
2022-03-19 10:12:00-07:00,4342.7
2022-03-19 10:13:00-07:00,4376.1
2022-03-19 10:14:00-07:00,4471.2
2022-03-19 10:15:00-07:00,4464.2
2022-03-19 10:16:00-07:00,4474
2022-03-19 10:17:00-07:00,4320.6
2022-03-19 10:18:00-07:00,4394.5
2022-03-19 10:19:00-07:00,4409.2
2022-03-19 10:20:00-07:00,4369.1
2022-03-19 10:21:00-07:00,4381.6
2022-03-19 10:22:00-07:00,4415.3
2022-03-19 10:23:00-07:00,4505.3
2022-03-19 10:24:00-07:00,4511.9
2022-03-19 10:25:00-07:00,4585.6
2022-03-19 10:26:00-07:00,4597
2022-03-19 10:27:00-07:00,4499
2022-03-19 10:28:00-07:00,4521.4
2022-03-19 10:29:00-07:00,4511.3
2022-03-19 10:30:00-07:00,4591.6
2022-03-19 10:31:00-07:00,4554.4
2022-03-19 10:32:00-07:00,4610.1
2022-03-19 10:33:00-07:00,4595.1
2022-03-19 10:34:00-07:00,4578.9
2022-03-19 10:35:00-07:00,4519.6
2022-03-19 10:36:00-07:00,4532.4
2022-03-19 10:37:00-07:00,4503.8
2022-03-19 10:38:00-07:00,4510.5
2022-03-19 10:39:00-07:00,4512.1
2022-03-19 10:40:00-07:00,4540.4
2022-03-19 10:41:00-07:00,4586.2
2022-03-19 10:42:00-07:00,4555.5
2022-03-19 10:43:00-07:00,4538.2
2022-03-19 10:44:00-07:00,4526.5
2022-03-19 10:45:00-07:00,4476.4
2022-03-19 10:46:00-07:00,4311.7
2022-03-19 10:47:00-07:00,4273.9
2022-03-19 10:48:00-07:00,4200
2022-03-19 10:49:00-07:00,4188.1
2022-03-19 10:50:00-07:00,4094.6
2022-03-19 10:51:00-07:00,4210.3
2022-03-19 10:52:00-07:00,4135.8
2022-03-19 10:53:00-07:00,4180
2022-03-19 10:54:00-07:00,4261.3
2022-03-19 10:55:00-07:00,4439.6
2022-03-19 10:56:00-07:00,4432.5
2022-03-19 10:57:00-07:00,4341.4
2022-03-19 10:58:00-07:00,4386.2
2022-03-19 10:59:00-07:00,4433.8
2022-03-19 11:00:00-07:00,4484.3
2022-03-19 11:01:00-07:00,4509.9
2022-03-19 11:02:00-07:00,4460.6
2022-03-19 11:03:00-07:00,4454.8
2022-03-19 11:04:00-07:00,4463.2
2022-03-19 11:05:00-07:00,4442.3
2022-03-19 11:06:00-07:00,4475
2022-03-19 11:07:00-07:00,4496.3
2022-03-19 11:08:00-07:00,4428.4
2022-03-19 11:09:00-07:00,4471.3
2022-03-19 11:10:00-07:00,4475.6
2022-03-19 11:11:00-07:00,4442
2022-03-19 11:12:00-07:00,4439.2
2022-03-19 11:13:00-07:00,4422.4
2022-03-19 11:14:00-07:00,4425.4
2022-03-19 11:15:00-07:00,4454.4
2022-03-19 11:16:00-07:00,4484.8
2022-03-19 11:17:00-07:00,4452.9
2022-03-19 11:18:00-07:00,4545.7
2022-03-19 11:19:00-07:00,4501.2
2022-03-19 11:20:00-07:00,4526.8
2022-03-19 11:21:00-07:00,4530.1
2022-03-19 11:22:00-07:00,4473.6
2022-03-19 11:23:00-07:00,4465.1
2022-03-19 11:24:00-07:00,4542.3
2022-03-19 11:25:00-07:00,4549.3
2022-03-19 11:26:00-07:00,4486.4
2022-03-19 11:27:00-07:00,4559.7
2022-03-19 11:28:00-07:00,4586.3
2022-03-19 11:29:00-07:00,4560.8
2022-03-19 11:30:00-07:00,4575.5
2022-03-19 11:31:00-07:00,4434.3
2022-03-19 11:32:00-07:00,4505.7
2022-03-19 11:33:00-07:00,4547.2
2022-03-19 11:34:00-07:00,4425.3
2022-03-19 11:35:00-07:00,4148.7
2022-03-19 11:36:00-07:00,4462.3
2022-03-19 11:37:00-07:00,4377.9
2022-03-19 11:38:00-07:00,4360.5
2022-03-19 11:39:00-07:00,4248.1
2022-03-19 11:40:00-07:00,4296.7
2022-03-19 11:41:00-07:00,4261.1
2022-03-19 11:42:00-07:00,4298.2
2022-03-19 11:43:00-07:00,3874.8
2022-03-19 11:44:00-07:00,4202.4
2022-03-19 11:45:00-07:00,4166.4
2022-03-19 11:46:00-07:00,4402.8
2022-03-19 11:47:00-07:00,4489.9
2022-03-19 11:48:00-07:00,4458.5
2022-03-19 11:49:00-07:00,4485.1
2022-03-19 11:50:00-07:00,4544.2
2022-03-19 11:51:00-07:00,4386
2022-03-19 11:52:00-07:00,4357.9
2022-03-19 11:53:00-07:00,4247.9
2022-03-19 11:54:00-07:00,4335.8
2022-03-19 11:55:00-07:00,4378.4
2022-03-19 11:56:00-07:00,4322
2022-03-19 11:57:00-07:00,4355.5
2022-03-19 11:58:00-07:00,4374.5
2022-03-19 11:59:00-07:00,4440.9
2022-03-19 12:00:00-07:00,4241.9
2022-03-19 12:01:00-07:00,4263.6
2022-03-19 12:02:00-07:00,4418.1
2022-03-19 12:03:00-07:00,4320.3
2022-03-19 12:04:00-07:00,4326.4
2022-03-19 12:05:00-07:00,4387.2
2022-03-19 12:06:00-07:00,4260.3
2022-03-19 12:07:00-07:00,4286.9
2022-03-19 12:08:00-07:00,4203
2022-03-19 12:09:00-07:00,4368.2
2022-03-19 12:10:00-07:00,4271.3
2022-03-19 12:11:00-07:00,4303.7
2022-03-19 12:12:00-07:00,4237.3
2022-03-19 12:13:00-07:00,4301.4
2022-03-19 12:14:00-07:00,4200.1
2022-03-19 12:15:00-07:00,4206.2
2022-03-19 12:16:00-07:00,4195.2
2022-03-19 12:17:00-07:00,4290
2022-03-19 12:18:00-07:00,4171.9
2022-03-19 12:19:00-07:00,4122.2
2022-03-19 12:20:00-07:00,4159
2022-03-19 12:21:00-07:00,4089.2
2022-03-19 12:22:00-07:00,4170
2022-03-19 12:23:00-07:00,4025.6
2022-03-19 12:24:00-07:00,4167.6
2022-03-19 12:25:00-07:00,4155.3
2022-03-19 12:26:00-07:00,3909
2022-03-19 12:27:00-07:00,4061.7
2022-03-19 12:28:00-07:00,3969.7
2022-03-19 12:29:00-07:00,4161.8
2022-03-19 12:30:00-07:00,4018.2
2022-03-19 12:31:00-07:00,4041.4
2022-03-19 12:32:00-07:00,4067.7
2022-03-19 12:33:00-07:00,3949.4
2022-03-19 12:34:00-07:00,4057.8
2022-03-19 12:35:00-07:00,4025.8
2022-03-19 12:36:00-07:00,4320.3
2022-03-19 12:37:00-07:00,4338.9
2022-03-19 12:38:00-07:00,4374.5
2022-03-19 12:39:00-07:00,4406.8
2022-03-19 12:40:00-07:00,4388.3
2022-03-19 12:41:00-07:00,4283.1
2022-03-19 12:42:00-07:00,4405.5
2022-03-19 12:43:00-07:00,4429.6
2022-03-19 12:44:00-07:00,4484.5
2022-03-19 12:45:00-07:00,4424.9
2022-03-19 12:46:00-07:00,4432.3
2022-03-19 12:47:00-07:00,4254
2022-03-19 12:48:00-07:00,4261.4
2022-03-19 12:49:00-07:00,4301.9
2022-03-19 12:50:00-07:00,4154.4
2022-03-19 12:51:00-07:00,4251.2
2022-03-19 12:52:00-07:00,4250.2
2022-03-19 12:53:00-07:00,4243
2022-03-19 12:54:00-07:00,4232.1
2022-03-19 12:55:00-07:00,4284
2022-03-19 12:56:00-07:00,4282.3
2022-03-19 12:57:00-07:00,4306.8
2022-03-19 12:58:00-07:00,4224.4
2022-03-19 12:59:00-07:00,4301.5
2022-03-19 13:00:00-07:00,4338.4
2022-03-19 13:01:00-07:00,4246.4
2022-03-19 13:02:00-07:00,4171
2022-03-19 13:03:00-07:00,4294.2
2022-03-19 13:04:00-07:00,4289.6
2022-03-19 13:05:00-07:00,4228.9
2022-03-19 13:06:00-07:00,4262.6
2022-03-19 13:07:00-07:00,4174.5
2022-03-19 13:08:00-07:00,4292.3
2022-03-19 13:09:00-07:00,4135.2
2022-03-19 13:10:00-07:00,4256.9
2022-03-19 13:11:00-07:00,4210.4
2022-03-19 13:12:00-07:00,4237.5
2022-03-19 13:13:00-07:00,4177.1
2022-03-19 13:14:00-07:00,4173.7
2022-03-19 13:15:00-07:00,4125.1
2022-03-19 13:16:00-07:00,4017.3
2022-03-19 13:17:00-07:00,3967.9
2022-03-19 13:18:00-07:00,4073.4
2022-03-19 13:19:00-07:00,4144.9
2022-03-19 13:20:00-07:00,4053.5
2022-03-19 13:21:00-07:00,3912.5
2022-03-19 13:22:00-07:00,4100.8
2022-03-19 13:23:00-07:00,3991
2022-03-19 13:24:00-07:00,3944.7
2022-03-19 13:25:00-07:00,4018.5
2022-03-19 13:26:00-07:00,4013.5
2022-03-19 13:27:00-07:00,4141.9
2022-03-19 13:28:00-07:00,4104.8
2022-03-19 13:29:00-07:00,4151.5
2022-03-19 13:30:00-07:00,3953
2022-03-19 13:31:00-07:00,4078.2
2022-03-19 13:32:00-07:00,4107.5
2022-03-19 13:33:00-07:00,3997.1
2022-03-19 13:34:00-07:00,4122.4
2022-03-19 13:35:00-07:00,4072.2
2022-03-19 13:36:00-07:00,3962
2022-03-19 13:37:00-07:00,4033.8
2022-03-19 13:38:00-07:00,3971.2
2022-03-19 13:39:00-07:00,3887
2022-03-19 13:40:00-07:00,4027.5
2022-03-19 13:41:00-07:00,4073.2
2022-03-19 13:42:00-07:00,4093.2
2022-03-19 13:43:00-07:00,3974.7
2022-03-19 13:44:00-07:00,3983.1
2022-03-19 13:45:00-07:00,3890
2022-03-19 13:46:00-07:00,3887.3
2022-03-19 13:47:00-07:00,3922.7
2022-03-19 13:48:00-07:00,3710.5
2022-03-19 13:49:00-07:00,3954.1
2022-03-19 13:50:00-07:00,3907.3
2022-03-19 13:51:00-07:00,4088.6
2022-03-19 13:52:00-07:00,4008.9
2022-03-19 13:53:00-07:00,4090
2022-03-19 13:54:00-07:00,3984
2022-03-19 13:55:00-07:00,4073.6
2022-03-19 13:56:00-07:00,3996.1
2022-03-19 13:57:00-07:00,3998.7
2022-03-19 13:58:00-07:00,3976
2022-03-19 13:59:00-07:00,4041.5
2022-03-19 14:00:00-07:00,3985.5
2022-03-19 14:01:00-07:00,3732.7
2022-03-19 14:02:00-07:00,3929.9
2022-03-19 14:03:00-07:00,3873.5
2022-03-19 14:04:00-07:00,3827.4
2022-03-19 14:05:00-07:00,3958.9
2022-03-19 14:06:00-07:00,3968.8
2022-03-19 14:07:00-07:00,3863.5
2022-03-19 14:08:00-07:00,3895.7
2022-03-19 14:09:00-07:00,3900.2
2022-03-19 14:10:00-07:00,3826.1
2022-03-19 14:11:00-07:00,3717.1
2022-03-19 14:12:00-07:00,3766.5
2022-03-19 14:13:00-07:00,3716.3
2022-03-19 14:14:00-07:00,3667.9
2022-03-19 14:15:00-07:00,3665
2022-03-19 14:16:00-07:00,3725.8
2022-03-19 14:17:00-07:00,3710.3
2022-03-19 14:18:00-07:00,3657.3
2022-03-19 14:19:00-07:00,3777.3
2022-03-19 14:20:00-07:00,3746.2
2022-03-19 14:21:00-07:00,3566.2
2022-03-19 14:22:00-07:00,3667.1
2022-03-19 14:23:00-07:00,3619.2
2022-03-19 14:24:00-07:00,3560.5
2022-03-19 14:25:00-07:00,3552.6
2022-03-19 14:26:00-07:00,3376.7
2022-03-19 14:27:00-07:00,3627.7
2022-03-19 14:28:00-07:00,3499.7
2022-03-19 14:29:00-07:00,3501.5
2022-03-19 14:30:00-07:00,3535.2
2022-03-19 14:31:00-07:00,3415.8
2022-03-19 14:32:00-07:00,3576
2022-03-19 14:33:00-07:00,3650
2022-03-19 14:34:00-07:00,3645.4
2022-03-19 14:35:00-07:00,3501.2
2022-03-19 14:36:00-07:00,3455.3
2022-03-19 14:37:00-07:00,3466.4
2022-03-19 14:38:00-07:00,3426.8
2022-03-19 14:39:00-07:00,3338.1
2022-03-19 14:40:00-07:00,3398.1
2022-03-19 14:41:00-07:00,3300.4
2022-03-19 14:42:00-07:00,3249
2022-03-19 14:43:00-07:00,3300.9
2022-03-19 14:44:00-07:00,3434.9
2022-03-19 14:45:00-07:00,3547.2
2022-03-19 14:46:00-07:00,3451.4
2022-03-19 14:47:00-07:00,3503.7
2022-03-19 14:48:00-07:00,3366.9
2022-03-19 14:49:00-07:00,3434.4
2022-03-19 14:50:00-07:00,3301.9
2022-03-19 14:51:00-07:00,3356.5
2022-03-19 14:52:00-07:00,3317.8
2022-03-19 14:53:00-07:00,3295.9
2022-03-19 14:54:00-07:00,3228.6
2022-03-19 14:55:00-07:00,3206.2
2022-03-19 14:56:00-07:00,3191.3
2022-03-19 14:57:00-07:00,3102.6
2022-03-19 14:58:00-07:00,3201.1
2022-03-19 14:59:00-07:00,3257.6
2022-03-19 15:00:00-07:00,3270.3
2022-03-19 15:01:00-07:00,3250.8
2022-03-19 15:02:00-07:00,3153.4
2022-03-19 15:03:00-07:00,3083.1
2022-03-19 15:04:00-07:00,2905.8
2022-03-19 15:05:00-07:00,2709.7
2022-03-19 15:06:00-07:00,2581.5
2022-03-19 15:07:00-07:00,2528.2
2022-03-19 15:08:00-07:00,2542.5
2022-03-19 15:09:00-07:00,2619.5
2022-03-19 15:10:00-07:00,2750.8
2022-03-19 15:11:00-07:00,2788.1
2022-03-19 15:12:00-07:00,2984.1
2022-03-19 15:13:00-07:00,3087.9
2022-03-19 15:14:00-07:00,3078.5
2022-03-19 15:15:00-07:00,3065.3
2022-03-19 15:16:00-07:00,3040.6
2022-03-19 15:17:00-07:00,3099.1
2022-03-19 15:18:00-07:00,3126.4
2022-03-19 15:19:00-07:00,3103
2022-03-19 15:20:00-07:00,3079.1
2022-03-19 15:21:00-07:00,3076.2
2022-03-19 15:22:00-07:00,3037.8
2022-03-19 15:23:00-07:00,3009.9
2022-03-19 15:24:00-07:00,2975.9
2022-03-19 15:25:00-07:00,2932.1
2022-03-19 15:26:00-07:00,2891.2
2022-03-19 15:27:00-07:00,2799.9
2022-03-19 15:28:00-07:00,2844.7
2022-03-19 15:29:00-07:00,2846.6
2022-03-19 15:30:00-07:00,2799.3
2022-03-19 15:31:00-07:00,2773.9
2022-03-19 15:32:00-07:00,2760.6
2022-03-19 15:33:00-07:00,2730
2022-03-19 15:34:00-07:00,2678.2
2022-03-19 15:35:00-07:00,2623.3
2022-03-19 15:36:00-07:00,2570.5
2022-03-19 15:37:00-07:00,2495.1
2022-03-19 15:38:00-07:00,2430.2
2022-03-19 15:39:00-07:00,2353.8
2022-03-19 15:40:00-07:00,2342.3
2022-03-19 15:41:00-07:00,2320.9
2022-03-19 15:42:00-07:00,2300
2022-03-19 15:43:00-07:00,2246.7
2022-03-19 15:44:00-07:00,2178.9
2022-03-19 15:45:00-07:00,2164.1
2022-03-19 15:46:00-07:00,2168.5
2022-03-19 15:47:00-07:00,2240.2
2022-03-19 15:48:00-07:00,2312
2022-03-19 15:49:00-07:00,2338.3
2022-03-19 15:50:00-07:00,2320
2022-03-19 15:51:00-07:00,2180
2022-03-19 15:52:00-07:00,2158.8
2022-03-19 15:53:00-07:00,2090.8
2022-03-19 15:54:00-07:00,2162.3
2022-03-19 15:55:00-07:00,2115.4
2022-03-19 15:56:00-07:00,1967.1
2022-03-19 15:57:00-07:00,1941
2022-03-19 15:58:00-07:00,1912.5
2022-03-19 15:59:00-07:00,1837.9
2022-03-19 16:00:00-07:00,1738.4
2022-03-19 16:01:00-07:00,1744.2
2022-03-19 16:02:00-07:00,1769.5
2022-03-19 16:03:00-07:00,1810.7
2022-03-19 16:04:00-07:00,1672.3
2022-03-19 16:05:00-07:00,1499.2
2022-03-19 16:06:00-07:00,1416
2022-03-19 16:07:00-07:00,1376.4
2022-03-19 16:08:00-07:00,1377.7
2022-03-19 16:09:00-07:00,1381.6
2022-03-19 16:10:00-07:00,1360.2
2022-03-19 16:11:00-07:00,1319.2
2022-03-19 16:12:00-07:00,1257.1
2022-03-19 16:13:00-07:00,1190.7
2022-03-19 16:14:00-07:00,1205.4
2022-03-19 16:15:00-07:00,1173.3
2022-03-19 16:16:00-07:00,1182.1
2022-03-19 16:17:00-07:00,1212.9
2022-03-19 16:18:00-07:00,1144.4
2022-03-19 16:19:00-07:00,1042
2022-03-19 16:20:00-07:00,1015.8
2022-03-19 16:21:00-07:00,922.27
2022-03-19 16:22:00-07:00,850.13
2022-03-19 16:23:00-07:00,843.82
2022-03-19 16:24:00-07:00,836.52
2022-03-19 16:25:00-07:00,807.69
2022-03-19 16:26:00-07:00,824.45
2022-03-19 16:27:00-07:00,848.83
2022-03-19 16:28:00-07:00,827.29
2022-03-19 16:29:00-07:00,853.51
2022-03-19 16:30:00-07:00,879.93
2022-03-19 16:31:00-07:00,859.76
2022-03-19 16:32:00-07:00,834.84
2022-03-19 16:33:00-07:00,820.04
2022-03-19 16:34:00-07:00,835.36
2022-03-19 16:35:00-07:00,810.3
2022-03-19 16:36:00-07:00,737.51
2022-03-19 16:37:00-07:00,652.88
2022-03-19 16:38:00-07:00,620.82
2022-03-19 16:39:00-07:00,612.16
2022-03-19 16:40:00-07:00,600.55
2022-03-19 16:41:00-07:00,579.14
2022-03-19 16:42:00-07:00,539.03
2022-03-19 16:43:00-07:00,511.3
2022-03-19 16:44:00-07:00,489.84
2022-03-19 16:45:00-07:00,489.46
2022-03-19 16:46:00-07:00,490.68
2022-03-19 16:47:00-07:00,484.77
2022-03-19 16:48:00-07:00,482.22
2022-03-19 16:49:00-07:00,459.16
2022-03-19 16:50:00-07:00,436.12
2022-03-19 16:51:00-07:00,426.58
2022-03-19 16:52:00-07:00,426.68
2022-03-19 16:53:00-07:00,424.24
2022-03-19 16:54:00-07:00,421.9
2022-03-19 16:55:00-07:00,417.54
2022-03-19 16:56:00-07:00,412.47
2022-03-19 16:57:00-07:00,413.67
2022-03-19 16:58:00-07:00,416.12
2022-03-19 16:59:00-07:00,419.01
2022-03-19 17:00:00-07:00,425.73
2022-03-19 17:01:00-07:00,435.85
2022-03-19 17:02:00-07:00,444.28
2022-03-19 17:03:00-07:00,467.37
2022-03-19 17:04:00-07:00,467.41
2022-03-19 17:05:00-07:00,462.09
2022-03-19 17:06:00-07:00,461.01
2022-03-19 17:07:00-07:00,467.41
2022-03-19 17:08:00-07:00,462.61
2022-03-19 17:09:00-07:00,450.82
2022-03-19 17:10:00-07:00,443.02
2022-03-19 17:11:00-07:00,420.34
2022-03-19 17:12:00-07:00,403.66
2022-03-19 17:13:00-07:00,385.15
2022-03-19 17:14:00-07:00,367.95
2022-03-19 17:15:00-07:00,348.7
2022-03-19 17:16:00-07:00,330.89
2022-03-19 17:17:00-07:00,312.29
2022-03-19 17:18:00-07:00,293.34
2022-03-19 17:19:00-07:00,276.38
2022-03-19 17:20:00-07:00,260.47
2022-03-19 17:21:00-07:00,245.25
2022-03-19 17:22:00-07:00,229
2022-03-19 17:23:00-07:00,212.74
2022-03-19 17:24:00-07:00,199.83
2022-03-19 17:25:00-07:00,182.58
2022-03-19 17:26:00-07:00,167.45
2022-03-19 17:27:00-07:00,155.21
2022-03-19 17:28:00-07:00,145.29
2022-03-19 17:29:00-07:00,134.34
2022-03-19 17:30:00-07:00,125.34
2022-03-19 17:31:00-07:00,115.06
2022-03-19 17:32:00-07:00,104.58
2022-03-19 17:33:00-07:00,96.282
2022-03-19 17:34:00-07:00,88.505
2022-03-19 17:35:00-07:00,81.043
2022-03-19 17:36:00-07:00,75.317
2022-03-19 17:37:00-07:00,68.441
2022-03-19 17:38:00-07:00,61.588
2022-03-19 17:39:00-07:00,55.524
2022-03-19 17:40:00-07:00,48.4
2022-03-19 17:41:00-07:00,42.449
2022-03-19 17:42:00-07:00,37.67
2022-03-19 17:43:00-07:00,33.77
2022-03-19 17:44:00-07:00,29.284
2022-03-19 17:45:00-07:00,25.406
2022-03-19 17:46:00-07:00,22.16
2022-03-19 17:47:00-07:00,18.666
2022-03-19 17:48:00-07:00,15.487
2022-03-19 17:49:00-07:00,12.061
2022-03-19 17:50:00-07:00,9.6034
2022-03-19 17:51:00-07:00,3.7647
2022-03-19 17:52:00-07:00,-0.60867
2022-03-19 17:53:00-07:00,-3.6294
2022-03-19 17:54:00-07:00,-5.1399
2022-03-19 17:55:00-07:00,-5.0948
2022-03-19 17:56:00-07:00,-5.0722
2022-03-19 17:57:00-07:00,-5.1399
2022-03-19 17:58:00-07:00,-5.0722
2022-03-19 17:59:00-07:00,-5.2751
2022-03-19 18:00:00-07:00,-4.9595
2022-03-19 18:01:00-07:00,-4.9595
2022-03-19 18:02:00-07:00,-4.9821
2022-03-19 18:03:00-07:00,-4.8919
2022-03-19 18:04:00-07:00,-4.9595
2022-03-19 18:05:00-07:00,-4.8243
2022-03-19 18:06:00-07:00,-4.8919
2022-03-19 18:07:00-07:00,-4.7566
2022-03-19 18:08:00-07:00,-4.193
2022-03-19 18:09:00-07:00,-4.2381
2022-03-19 18:10:00-07:00,-4.1705
2022-03-19 18:11:00-07:00,-4.1254
2022-03-19 18:12:00-07:00,-3.9
2022-03-19 18:13:00-07:00,-3.9676
2022-03-19 18:14:00-07:00,-3.8098
2022-03-19 18:15:00-07:00,-3.7647
2022-03-19 18:16:00-07:00,-3.6069
2022-03-19 18:17:00-07:00,-3.6294
2022-03-19 18:18:00-07:00,-3.7196
2022-03-19 18:19:00-07:00,-3.6294
2022-03-19 18:20:00-07:00,-3.6745
2022-03-19 18:21:00-07:00,-3.6745
2022-03-19 18:22:00-07:00,-3.6745
2022-03-19 18:23:00-07:00,-2.863
2022-03-19 18:24:00-07:00,-2.6827
2022-03-19 18:25:00-07:00,-2.5474
2022-03-19 18:26:00-07:00,-2.5925
2022-03-19 18:27:00-07:00,-2.8179
2022-03-19 18:28:00-07:00,-2.7052
2022-03-19 18:29:00-07:00,-2.57
2022-03-19 18:30:00-07:00,-2.57
2022-03-19 18:31:00-07:00,-2.6601
2022-03-19 18:32:00-07:00,-2.7728
2022-03-19 18:33:00-07:00,-2.57
2022-03-19 18:34:00-07:00,-2.7052
2022-03-19 18:35:00-07:00,-2.5249
2022-03-19 18:36:00-07:00,-2.7052
2022-03-19 18:37:00-07:00,-2.615
2022-03-19 18:38:00-07:00,-2.5249
2022-03-19 18:39:00-07:00,-2.6601
2022-03-19 18:40:00-07:00,-2.5925
2022-03-19 18:41:00-07:00,-2.6376
2022-03-19 18:42:00-07:00,-2.5925
2022-03-19 18:43:00-07:00,-2.57
2022-03-19 18:44:00-07:00,-2.615
2022-03-19 18:45:00-07:00,-2.8179
2022-03-19 18:46:00-07:00,-2.7728
2022-03-19 18:47:00-07:00,-2.5474
2022-03-19 18:48:00-07:00,-2.5475
2022-03-19 18:49:00-07:00,-2.6376
2022-03-19 18:50:00-07:00,-2.7504
2022-03-19 18:51:00-07:00,-2.6152
2022-03-19 18:52:00-07:00,-2.7053
2022-03-19 18:53:00-07:00,-2.5475
2022-03-19 18:54:00-07:00,-2.5701
2022-03-19 18:55:00-07:00,-2.8182
2022-03-19 18:56:00-07:00,-2.5703
2022-03-19 18:57:00-07:00,-2.5702
2022-03-19 18:58:00-07:00,-2.7958
2022-03-19 18:59:00-07:00,-2.5703
2022-03-19 19:00:00-07:00,-2.6379
2022-03-19 19:01:00-07:00,-2.683
2022-03-19 19:02:00-07:00,-2.4576
2022-03-19 19:03:00-07:00,-2.7508
2022-03-19 19:04:00-07:00,-2.4802
2022-03-19 19:05:00-07:00,-2.5929
2022-03-19 19:06:00-07:00,-2.6831
2022-03-19 19:07:00-07:00,-2.5478
2022-03-19 19:08:00-07:00,-2.638
2022-03-19 19:09:00-07:00,-2.6155
2022-03-19 19:10:00-07:00,-2.6606
2022-03-19 19:11:00-07:00,-2.5478
2022-03-19 19:12:00-07:00,-2.6606
2022-03-19 19:13:00-07:00,-2.5253
2022-03-19 19:14:00-07:00,-2.7057
2022-03-19 19:15:00-07:00,-2.5253
2022-03-19 19:16:00-07:00,-2.6155
2022-03-19 19:17:00-07:00,-2.5704
2022-03-19 19:18:00-07:00,-2.5253
2022-03-19 19:19:00-07:00,-2.6606
2022-03-19 19:20:00-07:00,-2.7959
2022-03-19 19:21:00-07:00,-2.7508
2022-03-19 19:22:00-07:00,-2.5929
2022-03-19 19:23:00-07:00,-2.6606
2022-03-19 19:24:00-07:00,-2.6606
2022-03-19 19:25:00-07:00,-2.5704
2022-03-19 19:26:00-07:00,-2.6831
2022-03-19 19:27:00-07:00,-2.6831
2022-03-19 19:28:00-07:00,-2.5704
2022-03-19 19:29:00-07:00,-2.5929
2022-03-19 19:30:00-07:00,-2.6155
2022-03-19 19:31:00-07:00,-2.4802
2022-03-19 19:32:00-07:00,-2.5929
2022-03-19 19:33:00-07:00,-2.7959
2022-03-19 19:34:00-07:00,-2.5704
2022-03-19 19:35:00-07:00,-2.6155
2022-03-19 19:36:00-07:00,-2.5253
2022-03-19 19:37:00-07:00,-2.5704
2022-03-19 19:38:00-07:00,-2.593
2022-03-19 19:39:00-07:00,-2.6382
2022-03-19 19:40:00-07:00,-2.751
2022-03-19 19:41:00-07:00,-2.9088
2022-03-19 19:42:00-07:00,-2.5932
2022-03-19 19:43:00-07:00,-2.5933
2022-03-19 19:44:00-07:00,-2.5933
2022-03-19 19:45:00-07:00,-2.6159
2022-03-19 19:46:00-07:00,-2.6836
2022-03-19 19:47:00-07:00,-2.7512
2022-03-19 19:48:00-07:00,-2.6159
2022-03-19 19:49:00-07:00,-2.6159
2022-03-19 19:50:00-07:00,-2.6385
2022-03-19 19:51:00-07:00,-2.6836
2022-03-19 19:52:00-07:00,-2.6836
2022-03-19 19:53:00-07:00,-2.6385
2022-03-19 19:54:00-07:00,-2.5934
2022-03-19 19:55:00-07:00,-2.6159
2022-03-19 19:56:00-07:00,-2.5708
2022-03-19 19:57:00-07:00,-2.5708
2022-03-19 19:58:00-07:00,-2.5934
2022-03-19 19:59:00-07:00,-2.8189
2022-03-19 20:00:00-07:00,-2.7738
2022-03-19 20:01:00-07:00,-2.5483
2022-03-19 20:02:00-07:00,-2.7287
2022-03-19 20:03:00-07:00,-2.5032
2022-03-19 20:04:00-07:00,-2.661
2022-03-19 20:05:00-07:00,-2.5709
2022-03-19 20:06:00-07:00,-2.661
2022-03-19 20:07:00-07:00,-2.6386
2022-03-19 20:08:00-07:00,-2.6386
2022-03-19 20:09:00-07:00,-2.6386
2022-03-19 20:10:00-07:00,-2.5485
2022-03-19 20:11:00-07:00,-2.5711
2022-03-19 20:12:00-07:00,-2.6838
2022-03-19 20:13:00-07:00,-2.6388
2022-03-19 20:14:00-07:00,-2.684
2022-03-19 20:15:00-07:00,-2.481
2022-03-19 20:16:00-07:00,-2.6615
2022-03-19 20:17:00-07:00,-2.6164
2022-03-19 20:18:00-07:00,-2.7517
2022-03-19 20:19:00-07:00,-2.6389
2022-03-19 20:20:00-07:00,-2.7291
2022-03-19 20:21:00-07:00,-2.6164
2022-03-19 20:22:00-07:00,-2.6164
2022-03-19 20:23:00-07:00,-2.6164
2022-03-19 20:24:00-07:00,-2.6164
2022-03-19 20:25:00-07:00,-2.6389
2022-03-19 20:26:00-07:00,-2.6164
2022-03-19 20:27:00-07:00,-2.6164
2022-03-19 20:28:00-07:00,-2.6389
2022-03-19 20:29:00-07:00,-2.6615
2022-03-19 20:30:00-07:00,-2.6389
2022-03-19 20:31:00-07:00,-2.6164
2022-03-19 20:32:00-07:00,-2.5713
2022-03-19 20:33:00-07:00,-2.6389
2022-03-19 20:34:00-07:00,-2.6164
2022-03-19 20:35:00-07:00,-2.6615
2022-03-19 20:36:00-07:00,-2.6164
2022-03-19 20:37:00-07:00,-2.5713
2022-03-19 20:38:00-07:00,-2.5037
2022-03-19 20:39:00-07:00,-2.639
2022-03-19 20:40:00-07:00,-2.6166
2022-03-19 20:41:00-07:00,-2.549
2022-03-19 20:42:00-07:00,-2.7294
2022-03-19 20:43:00-07:00,-2.707
2022-03-19 20:44:00-07:00,-2.6393
2022-03-19 20:45:00-07:00,-2.5265
2022-03-19 20:46:00-07:00,-2.4814
2022-03-19 20:47:00-07:00,-2.7296
2022-03-19 20:48:00-07:00,-2.5265
2022-03-19 20:49:00-07:00,-2.5943
2022-03-19 20:50:00-07:00,-2.6394
2022-03-19 20:51:00-07:00,-2.6168
2022-03-19 20:52:00-07:00,-2.6168
2022-03-19 20:53:00-07:00,-2.6845
2022-03-19 20:54:00-07:00,-2.5717
2022-03-19 20:55:00-07:00,-2.7522
2022-03-19 20:56:00-07:00,-2.504
2022-03-19 20:57:00-07:00,-2.707
2022-03-19 20:58:00-07:00,-2.5943
2022-03-19 20:59:00-07:00,-2.504
2022-03-19 21:00:00-07:00,-2.5266
2022-03-19 21:01:00-07:00,-2.6168
2022-03-19 21:02:00-07:00,-2.6619
2022-03-19 21:03:00-07:00,-2.6394
2022-03-19 21:04:00-07:00,-2.5491
2022-03-19 21:05:00-07:00,-2.5717
2022-03-19 21:06:00-07:00,-2.6168
2022-03-19 21:07:00-07:00,-2.6394
2022-03-19 21:08:00-07:00,-2.8424
2022-03-19 21:09:00-07:00,-2.5943
2022-03-19 21:10:00-07:00,-2.8424
2022-03-19 21:11:00-07:00,-2.6394
2022-03-19 21:12:00-07:00,-2.5717
2022-03-19 21:13:00-07:00,-2.7297
2022-03-19 21:14:00-07:00,-2.5943
2022-03-19 21:15:00-07:00,-2.662
2022-03-19 21:16:00-07:00,-2.617
2022-03-19 21:17:00-07:00,-2.7524
2022-03-19 21:18:00-07:00,-2.5945
2022-03-19 21:19:00-07:00,-2.6621
2022-03-19 21:20:00-07:00,-2.7524
2022-03-19 21:21:00-07:00,-2.5493
2022-03-19 21:22:00-07:00,-2.6396
2022-03-19 21:23:00-07:00,-2.5268
2022-03-19 21:24:00-07:00,-2.5494
2022-03-19 21:25:00-07:00,-2.5945
2022-03-19 21:26:00-07:00,-2.7073
2022-03-19 21:27:00-07:00,-2.5268
2022-03-19 21:28:00-07:00,-2.5945
2022-03-19 21:29:00-07:00,-2.7073
2022-03-19 21:30:00-07:00,-2.6172
2022-03-19 21:31:00-07:00,-2.7525
2022-03-19 21:32:00-07:00,-2.6848
2022-03-19 21:33:00-07:00,-2.6398
2022-03-19 21:34:00-07:00,-2.5947
2022-03-19 21:35:00-07:00,-2.7075
2022-03-19 21:36:00-07:00,-2.5947
2022-03-19 21:37:00-07:00,-2.6849
2022-03-19 21:38:00-07:00,-2.7075
2022-03-19 21:39:00-07:00,-2.5721
2022-03-19 21:40:00-07:00,-2.6398
2022-03-19 21:41:00-07:00,-2.6624
2022-03-19 21:42:00-07:00,-2.6624
2022-03-19 21:43:00-07:00,-2.5947
2022-03-19 21:44:00-07:00,-2.6849
2022-03-19 21:45:00-07:00,-2.7978
2022-03-19 21:46:00-07:00,-2.5947
2022-03-19 21:47:00-07:00,-2.7075
2022-03-19 21:48:00-07:00,-2.5947
2022-03-19 21:49:00-07:00,-2.7075
2022-03-19 21:50:00-07:00,-2.6398
2022-03-19 21:51:00-07:00,-2.6849
2022-03-19 21:52:00-07:00,-2.5947
2022-03-19 21:53:00-07:00,-2.5947
2022-03-19 21:54:00-07:00,-2.6398
2022-03-19 21:55:00-07:00,-2.7075
2022-03-19 21:56:00-07:00,-2.5496
2022-03-19 21:57:00-07:00,-2.5496
2022-03-19 21:58:00-07:00,-2.6624
2022-03-19 21:59:00-07:00,-2.4819
2022-03-19 22:00:00-07:00,-2.5496
2022-03-19 22:01:00-07:00,-2.6398
2022-03-19 22:02:00-07:00,-2.6173
2022-03-19 22:03:00-07:00,-2.6173
2022-03-19 22:04:00-07:00,-2.7526
2022-03-19 22:05:00-07:00,-2.7752
2022-03-19 22:06:00-07:00,-2.6173
2022-03-19 22:07:00-07:00,-2.7075
2022-03-19 22:08:00-07:00,-2.5496
2022-03-19 22:09:00-07:00,-2.6624
2022-03-19 22:10:00-07:00,-2.5044
2022-03-19 22:11:00-07:00,-2.527
2022-03-19 22:12:00-07:00,-2.5496
2022-03-19 22:13:00-07:00,-2.7526
2022-03-19 22:14:00-07:00,-2.6849
2022-03-19 22:15:00-07:00,-2.5947
2022-03-19 22:16:00-07:00,-2.6398
2022-03-19 22:17:00-07:00,-2.6624
2022-03-19 22:18:00-07:00,-2.6624
2022-03-19 22:19:00-07:00,-2.6173
2022-03-19 22:20:00-07:00,-2.7301
2022-03-19 22:21:00-07:00,-2.6624
2022-03-19 22:22:00-07:00,-2.4368
2022-03-19 22:23:00-07:00,-2.527
2022-03-19 22:24:00-07:00,-2.6624
2022-03-19 22:25:00-07:00,-2.5947
2022-03-19 22:26:00-07:00,-2.5496
2022-03-19 22:27:00-07:00,-2.5721
2022-03-19 22:28:00-07:00,-2.6398
2022-03-19 22:29:00-07:00,-2.6173
2022-03-19 22:30:00-07:00,-2.5496
2022-03-19 22:31:00-07:00,-2.527
2022-03-19 22:32:00-07:00,-2.7301
2022-03-19 22:33:00-07:00,-2.7978
2022-03-19 22:34:00-07:00,-2.6398
2022-03-19 22:35:00-07:00,-2.5496
2022-03-19 22:36:00-07:00,-2.6849
2022-03-19 22:37:00-07:00,-2.6173
2022-03-19 22:38:00-07:00,-2.5947
2022-03-19 22:39:00-07:00,-2.6173
2022-03-19 22:40:00-07:00,-2.527
2022-03-19 22:41:00-07:00,-2.5496
2022-03-19 22:42:00-07:00,-2.6398
2022-03-19 22:43:00-07:00,-2.6173
2022-03-19 22:44:00-07:00,-2.6173
2022-03-19 22:45:00-07:00,-2.6398
2022-03-19 22:46:00-07:00,-2.6399
2022-03-19 22:47:00-07:00,-2.5722
2022-03-19 22:48:00-07:00,-2.5497
2022-03-19 22:49:00-07:00,-2.5496
2022-03-19 22:50:00-07:00,-2.685
2022-03-19 22:51:00-07:00,-2.6399
2022-03-19 22:52:00-07:00,-2.5045
2022-03-19 22:53:00-07:00,-2.7301
2022-03-19 22:54:00-07:00,-2.6625
2022-03-19 22:55:00-07:00,-2.6625
2022-03-19 22:56:00-07:00,-2.7527
2022-03-19 22:57:00-07:00,-2.7528
2022-03-19 22:58:00-07:00,-2.5497
2022-03-19 22:59:00-07:00,-2.5496
2022-03-19 23:00:00-07:00,-2.7978
2022-03-19 23:01:00-07:00,-2.5948
2022-03-19 23:02:00-07:00,-2.5949
2022-03-19 23:03:00-07:00,-2.5723
2022-03-19 23:04:00-07:00,-2.5722
2022-03-19 23:05:00-07:00,-2.5271
2022-03-19 23:06:00-07:00,-2.5948
2022-03-19 23:07:00-07:00,-2.5497
2022-03-19 23:08:00-07:00,-2.6174
2022-03-19 23:09:00-07:00,-2.5949
2022-03-19 23:10:00-07:00,-2.5046
2022-03-19 23:11:00-07:00,-2.64
2022-03-19 23:12:00-07:00,-2.5271
2022-03-19 23:13:00-07:00,-2.64
2022-03-19 23:14:00-07:00,-2.5949
2022-03-19 23:15:00-07:00,-2.482
2022-03-19 23:16:00-07:00,-2.6174
2022-03-19 23:17:00-07:00,-2.6852
2022-03-19 23:18:00-07:00,-2.7077
2022-03-19 23:19:00-07:00,-2.5724
2022-03-19 23:20:00-07:00,-2.6174
2022-03-19 23:21:00-07:00,-2.6626
2022-03-19 23:22:00-07:00,-2.5271
2022-03-19 23:23:00-07:00,-2.482
2022-03-19 23:24:00-07:00,-2.5046
2022-03-19 23:25:00-07:00,-2.5723
2022-03-19 23:26:00-07:00,-2.6626
2022-03-19 23:27:00-07:00,-2.6851
2022-03-19 23:28:00-07:00,-2.5497
2022-03-19 23:29:00-07:00,-2.5948
2022-03-19 23:30:00-07:00,-2.64
2022-03-19 23:31:00-07:00,-2.5949
2022-03-19 23:32:00-07:00,-2.5497
2022-03-19 23:33:00-07:00,-2.5497
2022-03-19 23:34:00-07:00,-2.64
2022-03-19 23:35:00-07:00,-2.5723
2022-03-19 23:36:00-07:00,-2.5497
2022-03-19 23:37:00-07:00,-2.6174
2022-03-19 23:38:00-07:00,-2.7528
2022-03-19 23:39:00-07:00,-2.482
2022-03-19 23:40:00-07:00,-2.6851
2022-03-19 23:41:00-07:00,-2.6626
2022-03-19 23:42:00-07:00,-2.6174
2022-03-19 23:43:00-07:00,-2.8206
2022-03-19 23:44:00-07:00,-2.5723
2022-03-19 23:45:00-07:00,-2.5497
2022-03-19 23:46:00-07:00,-2.64
2022-03-19 23:47:00-07:00,-2.7302
2022-03-19 23:48:00-07:00,-2.64
2022-03-19 23:49:00-07:00,-2.5949
2022-03-19 23:50:00-07:00,-2.8656
2022-03-19 23:51:00-07:00,-2.5722
2022-03-19 23:52:00-07:00,-2.9785
2022-03-19 23:53:00-07:00,-2.7528
2022-03-19 23:54:00-07:00,-2.6174
2022-03-19 23:55:00-07:00,-2.5271
2022-03-19 23:56:00-07:00,-2.482
2022-03-19 23:57:00-07:00,-2.6851
2022-03-19 23:58:00-07:00,-2.5496
2022-03-19 23:59:00-07:00,-2.6399
